<?xml version="1.0" encoding="UTF-8" ?>
<gpx version="1.1" xmlns:xsi="http://www.w3.org/2001/XMLSchema-instance"
    xmlns="http://www.topografix.com/GPX/1/1"
    xsi:schemaLocation="http://www.topografix.com/GPX/1/1 http://www.topografix.com/GPX/1/1/gpx.xsd"
    creator="Openrunner - https://www.openrunner.com" >
                <wpt lat="48.573160" lon="-2.436520">
                        <ele>0</ele>
                        <name><![CDATA[Ravitaillement]]></name>
                        <desc><![CDATA[]]></desc>
                    <sym>3</sym>
                </wpt>
            	<trk>
	                   <name>Cycl&#039;Armor Hillion 77km-699m/Ravito La Bouillie-23856138</name>
						<trkseg>
					<trkpt lat="48.514950" lon="-2.667020">
						<ele>25</ele>
						<time>2026-09-30T12:22:54Z</time>
					</trkpt>
					<trkpt lat="48.514920" lon="-2.667190">
						<ele>25</ele>
						<time>2026-09-30T12:22:56Z</time>
					</trkpt>
					<trkpt lat="48.514880" lon="-2.667400">
						<ele>24</ele>
						<time>2026-09-30T12:22:59Z</time>
					</trkpt>
					<trkpt lat="48.514860" lon="-2.667570">
						<ele>24</ele>
						<time>2026-09-30T12:23:01Z</time>
					</trkpt>
					<trkpt lat="48.514860" lon="-2.667570">
						<ele>24</ele>
						<time>2026-09-30T12:23:01Z</time>
					</trkpt>
					<trkpt lat="48.514260" lon="-2.667490">
						<ele>26</ele>
						<time>2026-09-30T12:23:11Z</time>
					</trkpt>
					<trkpt lat="48.514220" lon="-2.667460">
						<ele>26</ele>
						<time>2026-09-30T12:23:12Z</time>
					</trkpt>
					<trkpt lat="48.514190" lon="-2.667430">
						<ele>26</ele>
						<time>2026-09-30T12:23:13Z</time>
					</trkpt>
					<trkpt lat="48.514160" lon="-2.667300">
						<ele>26</ele>
						<time>2026-09-30T12:23:14Z</time>
					</trkpt>
					<trkpt lat="48.514210" lon="-2.666730">
						<ele>27</ele>
						<time>2026-09-30T12:23:21Z</time>
					</trkpt>
					<trkpt lat="48.514260" lon="-2.666430">
						<ele>27</ele>
						<time>2026-09-30T12:23:25Z</time>
					</trkpt>
					<trkpt lat="48.514250" lon="-2.666360">
						<ele>28</ele>
						<time>2026-09-30T12:23:26Z</time>
					</trkpt>
					<trkpt lat="48.514190" lon="-2.666200">
						<ele>28</ele>
						<time>2026-09-30T12:23:28Z</time>
					</trkpt>
					<trkpt lat="48.514180" lon="-2.666180">
						<ele>28</ele>
						<time>2026-09-30T12:23:28Z</time>
					</trkpt>
					<trkpt lat="48.514300" lon="-2.666030">
						<ele>28</ele>
						<time>2026-09-30T12:23:31Z</time>
					</trkpt>
					<trkpt lat="48.514360" lon="-2.665890">
						<ele>29</ele>
						<time>2026-09-30T12:23:33Z</time>
					</trkpt>
					<trkpt lat="48.514370" lon="-2.665800">
						<ele>29</ele>
						<time>2026-09-30T12:23:34Z</time>
					</trkpt>
					<trkpt lat="48.514400" lon="-2.665510">
						<ele>29</ele>
						<time>2026-09-30T12:23:37Z</time>
					</trkpt>
					<trkpt lat="48.514450" lon="-2.664960">
						<ele>29</ele>
						<time>2026-09-30T12:23:44Z</time>
					</trkpt>
					<trkpt lat="48.514480" lon="-2.664660">
						<ele>30</ele>
						<time>2026-09-30T12:23:48Z</time>
					</trkpt>
					<trkpt lat="48.514530" lon="-2.664280">
						<ele>31</ele>
						<time>2026-09-30T12:23:52Z</time>
					</trkpt>
					<trkpt lat="48.514590" lon="-2.663980">
						<ele>31</ele>
						<time>2026-09-30T12:23:56Z</time>
					</trkpt>
					<trkpt lat="48.514670" lon="-2.663630">
						<ele>32</ele>
						<time>2026-09-30T12:24:00Z</time>
					</trkpt>
					<trkpt lat="48.514750" lon="-2.663390">
						<ele>32</ele>
						<time>2026-09-30T12:24:03Z</time>
					</trkpt>
					<trkpt lat="48.514770" lon="-2.663330">
						<ele>32</ele>
						<time>2026-09-30T12:24:04Z</time>
					</trkpt>
					<trkpt lat="48.515030" lon="-2.662580">
						<ele>31</ele>
						<time>2026-09-30T12:24:14Z</time>
					</trkpt>
					<trkpt lat="48.515110" lon="-2.662270">
						<ele>31</ele>
						<time>2026-09-30T12:24:18Z</time>
					</trkpt>
					<trkpt lat="48.515210" lon="-2.661640">
						<ele>31</ele>
						<time>2026-09-30T12:24:26Z</time>
					</trkpt>
					<trkpt lat="48.515270" lon="-2.661300">
						<ele>31</ele>
						<time>2026-09-30T12:24:30Z</time>
					</trkpt>
					<trkpt lat="48.515430" lon="-2.660580">
						<ele>31</ele>
						<time>2026-09-30T12:24:39Z</time>
					</trkpt>
					<trkpt lat="48.515480" lon="-2.660240">
						<ele>31</ele>
						<time>2026-09-30T12:24:43Z</time>
					</trkpt>
					<trkpt lat="48.515490" lon="-2.660070">
						<ele>32</ele>
						<time>2026-09-30T12:24:45Z</time>
					</trkpt>
					<trkpt lat="48.515590" lon="-2.657550">
						<ele>32</ele>
						<time>2026-09-30T12:25:15Z</time>
					</trkpt>
					<trkpt lat="48.515640" lon="-2.656700">
						<ele>32</ele>
						<time>2026-09-30T12:25:25Z</time>
					</trkpt>
					<trkpt lat="48.515680" lon="-2.656460">
						<ele>32</ele>
						<time>2026-09-30T12:25:28Z</time>
					</trkpt>
					<trkpt lat="48.515770" lon="-2.656210">
						<ele>33</ele>
						<time>2026-09-30T12:25:31Z</time>
					</trkpt>
					<trkpt lat="48.515800" lon="-2.656110">
						<ele>33</ele>
						<time>2026-09-30T12:25:32Z</time>
					</trkpt>
					<trkpt lat="48.515870" lon="-2.655920">
						<ele>34</ele>
						<time>2026-09-30T12:25:35Z</time>
					</trkpt>
					<trkpt lat="48.515910" lon="-2.655770">
						<ele>34</ele>
						<time>2026-09-30T12:25:37Z</time>
					</trkpt>
					<trkpt lat="48.516000" lon="-2.655320">
						<ele>34</ele>
						<time>2026-09-30T12:25:42Z</time>
					</trkpt>
					<trkpt lat="48.516160" lon="-2.654270">
						<ele>33</ele>
						<time>2026-09-30T12:25:55Z</time>
					</trkpt>
					<trkpt lat="48.516200" lon="-2.653980">
						<ele>33</ele>
						<time>2026-09-30T12:25:58Z</time>
					</trkpt>
					<trkpt lat="48.516230" lon="-2.653720">
						<ele>33</ele>
						<time>2026-09-30T12:26:02Z</time>
					</trkpt>
					<trkpt lat="48.516240" lon="-2.653430">
						<ele>33</ele>
						<time>2026-09-30T12:26:05Z</time>
					</trkpt>
					<trkpt lat="48.516290" lon="-2.652470">
						<ele>35</ele>
						<time>2026-09-30T12:26:16Z</time>
					</trkpt>
					<trkpt lat="48.516310" lon="-2.652160">
						<ele>37</ele>
						<time>2026-09-30T12:26:20Z</time>
					</trkpt>
					<trkpt lat="48.516320" lon="-2.651690">
						<ele>39</ele>
						<time>2026-09-30T12:26:26Z</time>
					</trkpt>
					<trkpt lat="48.516310" lon="-2.651500">
						<ele>40</ele>
						<time>2026-09-30T12:26:28Z</time>
					</trkpt>
					<trkpt lat="48.516270" lon="-2.651010">
						<ele>42</ele>
						<time>2026-09-30T12:26:34Z</time>
					</trkpt>
					<trkpt lat="48.516130" lon="-2.649360">
						<ele>47</ele>
						<time>2026-09-30T12:26:53Z</time>
					</trkpt>
					<trkpt lat="48.516060" lon="-2.648640">
						<ele>49</ele>
						<time>2026-09-30T12:27:02Z</time>
					</trkpt>
					<trkpt lat="48.516050" lon="-2.648320">
						<ele>50</ele>
						<time>2026-09-30T12:27:06Z</time>
					</trkpt>
					<trkpt lat="48.516060" lon="-2.648170">
						<ele>51</ele>
						<time>2026-09-30T12:27:07Z</time>
					</trkpt>
					<trkpt lat="48.516080" lon="-2.648020">
						<ele>51</ele>
						<time>2026-09-30T12:27:09Z</time>
					</trkpt>
					<trkpt lat="48.516130" lon="-2.647740">
						<ele>52</ele>
						<time>2026-09-30T12:27:13Z</time>
					</trkpt>
					<trkpt lat="48.516320" lon="-2.647020">
						<ele>55</ele>
						<time>2026-09-30T12:27:22Z</time>
					</trkpt>
					<trkpt lat="48.516470" lon="-2.646460">
						<ele>57</ele>
						<time>2026-09-30T12:27:29Z</time>
					</trkpt>
					<trkpt lat="48.516740" lon="-2.645530">
						<ele>57</ele>
						<time>2026-09-30T12:27:41Z</time>
					</trkpt>
					<trkpt lat="48.516870" lon="-2.645130">
						<ele>56</ele>
						<time>2026-09-30T12:27:46Z</time>
					</trkpt>
					<trkpt lat="48.517040" lon="-2.644660">
						<ele>54</ele>
						<time>2026-09-30T12:27:52Z</time>
					</trkpt>
					<trkpt lat="48.517130" lon="-2.644460">
						<ele>53</ele>
						<time>2026-09-30T12:27:55Z</time>
					</trkpt>
					<trkpt lat="48.517450" lon="-2.643890">
						<ele>51</ele>
						<time>2026-09-30T12:28:04Z</time>
					</trkpt>
					<trkpt lat="48.517620" lon="-2.643550">
						<ele>50</ele>
						<time>2026-09-30T12:28:09Z</time>
					</trkpt>
					<trkpt lat="48.517780" lon="-2.643210">
						<ele>49</ele>
						<time>2026-09-30T12:28:14Z</time>
					</trkpt>
					<trkpt lat="48.517980" lon="-2.642700">
						<ele>47</ele>
						<time>2026-09-30T12:28:21Z</time>
					</trkpt>
					<trkpt lat="48.518240" lon="-2.641970">
						<ele>43</ele>
						<time>2026-09-30T12:28:31Z</time>
					</trkpt>
					<trkpt lat="48.518880" lon="-2.639840">
						<ele>37</ele>
						<time>2026-09-30T12:28:58Z</time>
					</trkpt>
					<trkpt lat="48.519190" lon="-2.638920">
						<ele>36</ele>
						<time>2026-09-30T12:29:10Z</time>
					</trkpt>
					<trkpt lat="48.519260" lon="-2.638700">
						<ele>36</ele>
						<time>2026-09-30T12:29:13Z</time>
					</trkpt>
					<trkpt lat="48.519390" lon="-2.638200">
						<ele>37</ele>
						<time>2026-09-30T12:29:20Z</time>
					</trkpt>
					<trkpt lat="48.519420" lon="-2.638030">
						<ele>37</ele>
						<time>2026-09-30T12:29:22Z</time>
					</trkpt>
					<trkpt lat="48.519440" lon="-2.637830">
						<ele>37</ele>
						<time>2026-09-30T12:29:24Z</time>
					</trkpt>
					<trkpt lat="48.519440" lon="-2.637600">
						<ele>37</ele>
						<time>2026-09-30T12:29:27Z</time>
					</trkpt>
					<trkpt lat="48.519400" lon="-2.637180">
						<ele>37</ele>
						<time>2026-09-30T12:29:32Z</time>
					</trkpt>
					<trkpt lat="48.519400" lon="-2.637020">
						<ele>38</ele>
						<time>2026-09-30T12:29:34Z</time>
					</trkpt>
					<trkpt lat="48.519420" lon="-2.636710">
						<ele>38</ele>
						<time>2026-09-30T12:29:37Z</time>
					</trkpt>
					<trkpt lat="48.519450" lon="-2.636530">
						<ele>38</ele>
						<time>2026-09-30T12:29:40Z</time>
					</trkpt>
					<trkpt lat="48.519520" lon="-2.636200">
						<ele>38</ele>
						<time>2026-09-30T12:29:44Z</time>
					</trkpt>
					<trkpt lat="48.519530" lon="-2.636040">
						<ele>38</ele>
						<time>2026-09-30T12:29:46Z</time>
					</trkpt>
					<trkpt lat="48.519540" lon="-2.635830">
						<ele>39</ele>
						<time>2026-09-30T12:29:48Z</time>
					</trkpt>
					<trkpt lat="48.519530" lon="-2.635590">
						<ele>39</ele>
						<time>2026-09-30T12:29:51Z</time>
					</trkpt>
					<trkpt lat="48.519500" lon="-2.635200">
						<ele>40</ele>
						<time>2026-09-30T12:29:56Z</time>
					</trkpt>
					<trkpt lat="48.519490" lon="-2.635100">
						<ele>40</ele>
						<time>2026-09-30T12:29:57Z</time>
					</trkpt>
					<trkpt lat="48.519390" lon="-2.634050">
						<ele>40</ele>
						<time>2026-09-30T12:30:09Z</time>
					</trkpt>
					<trkpt lat="48.519350" lon="-2.633730">
						<ele>41</ele>
						<time>2026-09-30T12:30:13Z</time>
					</trkpt>
					<trkpt lat="48.519320" lon="-2.633610">
						<ele>41</ele>
						<time>2026-09-30T12:30:15Z</time>
					</trkpt>
					<trkpt lat="48.519060" lon="-2.632770">
						<ele>40</ele>
						<time>2026-09-30T12:30:25Z</time>
					</trkpt>
					<trkpt lat="48.518990" lon="-2.632490">
						<ele>40</ele>
						<time>2026-09-30T12:30:29Z</time>
					</trkpt>
					<trkpt lat="48.518910" lon="-2.632200">
						<ele>40</ele>
						<time>2026-09-30T12:30:33Z</time>
					</trkpt>
					<trkpt lat="48.518790" lon="-2.631890">
						<ele>39</ele>
						<time>2026-09-30T12:30:37Z</time>
					</trkpt>
					<trkpt lat="48.518740" lon="-2.631810">
						<ele>39</ele>
						<time>2026-09-30T12:30:38Z</time>
					</trkpt>
					<trkpt lat="48.518560" lon="-2.631490">
						<ele>39</ele>
						<time>2026-09-30T12:30:43Z</time>
					</trkpt>
					<trkpt lat="48.518520" lon="-2.631380">
						<ele>39</ele>
						<time>2026-09-30T12:30:45Z</time>
					</trkpt>
					<trkpt lat="48.518490" lon="-2.631250">
						<ele>39</ele>
						<time>2026-09-30T12:30:46Z</time>
					</trkpt>
					<trkpt lat="48.518480" lon="-2.631090">
						<ele>40</ele>
						<time>2026-09-30T12:30:48Z</time>
					</trkpt>
					<trkpt lat="48.518460" lon="-2.630710">
						<ele>40</ele>
						<time>2026-09-30T12:30:53Z</time>
					</trkpt>
					<trkpt lat="48.518440" lon="-2.630540">
						<ele>40</ele>
						<time>2026-09-30T12:30:55Z</time>
					</trkpt>
					<trkpt lat="48.518420" lon="-2.630400">
						<ele>41</ele>
						<time>2026-09-30T12:30:56Z</time>
					</trkpt>
					<trkpt lat="48.518380" lon="-2.630300">
						<ele>41</ele>
						<time>2026-09-30T12:30:58Z</time>
					</trkpt>
					<trkpt lat="48.518330" lon="-2.630190">
						<ele>41</ele>
						<time>2026-09-30T12:30:59Z</time>
					</trkpt>
					<trkpt lat="48.518160" lon="-2.629920">
						<ele>42</ele>
						<time>2026-09-30T12:31:04Z</time>
					</trkpt>
					<trkpt lat="48.518130" lon="-2.629840">
						<ele>42</ele>
						<time>2026-09-30T12:31:05Z</time>
					</trkpt>
					<trkpt lat="48.518110" lon="-2.629760">
						<ele>42</ele>
						<time>2026-09-30T12:31:06Z</time>
					</trkpt>
					<trkpt lat="48.518030" lon="-2.629750">
						<ele>42</ele>
						<time>2026-09-30T12:31:07Z</time>
					</trkpt>
					<trkpt lat="48.517710" lon="-2.629710">
						<ele>43</ele>
						<time>2026-09-30T12:31:13Z</time>
					</trkpt>
					<trkpt lat="48.517360" lon="-2.629610">
						<ele>44</ele>
						<time>2026-09-30T12:31:19Z</time>
					</trkpt>
					<trkpt lat="48.516430" lon="-2.628770">
						<ele>46</ele>
						<time>2026-09-30T12:31:39Z</time>
					</trkpt>
					<trkpt lat="48.515420" lon="-2.627900">
						<ele>47</ele>
						<time>2026-09-30T12:31:59Z</time>
					</trkpt>
					<trkpt lat="48.514950" lon="-2.627520">
						<ele>48</ele>
						<time>2026-09-30T12:32:09Z</time>
					</trkpt>
					<trkpt lat="48.514830" lon="-2.627410">
						<ele>49</ele>
						<time>2026-09-30T12:32:11Z</time>
					</trkpt>
					<trkpt lat="48.514700" lon="-2.627200">
						<ele>50</ele>
						<time>2026-09-30T12:32:15Z</time>
					</trkpt>
					<trkpt lat="48.514650" lon="-2.627000">
						<ele>50</ele>
						<time>2026-09-30T12:32:17Z</time>
					</trkpt>
					<trkpt lat="48.514630" lon="-2.626850">
						<ele>51</ele>
						<time>2026-09-30T12:32:19Z</time>
					</trkpt>
					<trkpt lat="48.514640" lon="-2.626490">
						<ele>51</ele>
						<time>2026-09-30T12:32:23Z</time>
					</trkpt>
					<trkpt lat="48.514610" lon="-2.626270">
						<ele>52</ele>
						<time>2026-09-30T12:32:26Z</time>
					</trkpt>
					<trkpt lat="48.514580" lon="-2.626130">
						<ele>53</ele>
						<time>2026-09-30T12:32:28Z</time>
					</trkpt>
					<trkpt lat="48.514540" lon="-2.626030">
						<ele>53</ele>
						<time>2026-09-30T12:32:29Z</time>
					</trkpt>
					<trkpt lat="48.514500" lon="-2.625950">
						<ele>53</ele>
						<time>2026-09-30T12:32:30Z</time>
					</trkpt>
					<trkpt lat="48.514450" lon="-2.625870">
						<ele>54</ele>
						<time>2026-09-30T12:32:31Z</time>
					</trkpt>
					<trkpt lat="48.514380" lon="-2.625780">
						<ele>54</ele>
						<time>2026-09-30T12:32:33Z</time>
					</trkpt>
					<trkpt lat="48.512930" lon="-2.624790">
						<ele>60</ele>
						<time>2026-09-30T12:33:01Z</time>
					</trkpt>
					<trkpt lat="48.512780" lon="-2.624690">
						<ele>60</ele>
						<time>2026-09-30T12:33:04Z</time>
					</trkpt>
					<trkpt lat="48.512650" lon="-2.624570">
						<ele>61</ele>
						<time>2026-09-30T12:33:07Z</time>
					</trkpt>
					<trkpt lat="48.512580" lon="-2.624490">
						<ele>61</ele>
						<time>2026-09-30T12:33:09Z</time>
					</trkpt>
					<trkpt lat="48.512530" lon="-2.624390">
						<ele>61</ele>
						<time>2026-09-30T12:33:10Z</time>
					</trkpt>
					<trkpt lat="48.512470" lon="-2.624170">
						<ele>62</ele>
						<time>2026-09-30T12:33:13Z</time>
					</trkpt>
					<trkpt lat="48.512460" lon="-2.624000">
						<ele>62</ele>
						<time>2026-09-30T12:33:15Z</time>
					</trkpt>
					<trkpt lat="48.512510" lon="-2.623730">
						<ele>62</ele>
						<time>2026-09-30T12:33:18Z</time>
					</trkpt>
					<trkpt lat="48.512610" lon="-2.623330">
						<ele>62</ele>
						<time>2026-09-30T12:33:23Z</time>
					</trkpt>
					<trkpt lat="48.512700" lon="-2.623010">
						<ele>62</ele>
						<time>2026-09-30T12:33:27Z</time>
					</trkpt>
					<trkpt lat="48.512750" lon="-2.622750">
						<ele>62</ele>
						<time>2026-09-30T12:33:31Z</time>
					</trkpt>
					<trkpt lat="48.512760" lon="-2.622650">
						<ele>62</ele>
						<time>2026-09-30T12:33:32Z</time>
					</trkpt>
					<trkpt lat="48.512740" lon="-2.622560">
						<ele>62</ele>
						<time>2026-09-30T12:33:33Z</time>
					</trkpt>
					<trkpt lat="48.512730" lon="-2.622510">
						<ele>62</ele>
						<time>2026-09-30T12:33:33Z</time>
					</trkpt>
					<trkpt lat="48.512700" lon="-2.622480">
						<ele>62</ele>
						<time>2026-09-30T12:33:34Z</time>
					</trkpt>
					<trkpt lat="48.512630" lon="-2.622420">
						<ele>62</ele>
						<time>2026-09-30T12:33:36Z</time>
					</trkpt>
					<trkpt lat="48.512490" lon="-2.622380">
						<ele>63</ele>
						<time>2026-09-30T12:33:38Z</time>
					</trkpt>
					<trkpt lat="48.512320" lon="-2.622300">
						<ele>63</ele>
						<time>2026-09-30T12:33:41Z</time>
					</trkpt>
					<trkpt lat="48.512260" lon="-2.622230">
						<ele>63</ele>
						<time>2026-09-30T12:33:43Z</time>
					</trkpt>
					<trkpt lat="48.512220" lon="-2.622130">
						<ele>63</ele>
						<time>2026-09-30T12:33:44Z</time>
					</trkpt>
					<trkpt lat="48.512080" lon="-2.621870">
						<ele>63</ele>
						<time>2026-09-30T12:33:48Z</time>
					</trkpt>
					<trkpt lat="48.512010" lon="-2.621750">
						<ele>63</ele>
						<time>2026-09-30T12:33:50Z</time>
					</trkpt>
					<trkpt lat="48.511940" lon="-2.621660">
						<ele>63</ele>
						<time>2026-09-30T12:33:51Z</time>
					</trkpt>
					<trkpt lat="48.511330" lon="-2.621250">
						<ele>62</ele>
						<time>2026-09-30T12:34:03Z</time>
					</trkpt>
					<trkpt lat="48.511270" lon="-2.621200">
						<ele>62</ele>
						<time>2026-09-30T12:34:05Z</time>
					</trkpt>
					<trkpt lat="48.511180" lon="-2.621080">
						<ele>61</ele>
						<time>2026-09-30T12:34:07Z</time>
					</trkpt>
					<trkpt lat="48.511050" lon="-2.620850">
						<ele>61</ele>
						<time>2026-09-30T12:34:10Z</time>
					</trkpt>
					<trkpt lat="48.510930" lon="-2.620620">
						<ele>59</ele>
						<time>2026-09-30T12:34:14Z</time>
					</trkpt>
					<trkpt lat="48.510490" lon="-2.619710">
						<ele>55</ele>
						<time>2026-09-30T12:34:27Z</time>
					</trkpt>
					<trkpt lat="48.510050" lon="-2.618840">
						<ele>55</ele>
						<time>2026-09-30T12:34:40Z</time>
					</trkpt>
					<trkpt lat="48.509870" lon="-2.618510">
						<ele>54</ele>
						<time>2026-09-30T12:34:45Z</time>
					</trkpt>
					<trkpt lat="48.509780" lon="-2.618380">
						<ele>54</ele>
						<time>2026-09-30T12:34:47Z</time>
					</trkpt>
					<trkpt lat="48.509680" lon="-2.618240">
						<ele>54</ele>
						<time>2026-09-30T12:34:50Z</time>
					</trkpt>
					<trkpt lat="48.509470" lon="-2.617970">
						<ele>53</ele>
						<time>2026-09-30T12:34:54Z</time>
					</trkpt>
					<trkpt lat="48.508410" lon="-2.616660">
						<ele>51</ele>
						<time>2026-09-30T12:35:19Z</time>
					</trkpt>
					<trkpt lat="48.507580" lon="-2.615630">
						<ele>49</ele>
						<time>2026-09-30T12:35:38Z</time>
					</trkpt>
					<trkpt lat="48.507250" lon="-2.615360">
						<ele>47</ele>
						<time>2026-09-30T12:35:45Z</time>
					</trkpt>
					<trkpt lat="48.507250" lon="-2.615210">
						<ele>46</ele>
						<time>2026-09-30T12:35:46Z</time>
					</trkpt>
					<trkpt lat="48.507180" lon="-2.615020">
						<ele>45</ele>
						<time>2026-09-30T12:35:49Z</time>
					</trkpt>
					<trkpt lat="48.507140" lon="-2.614810">
						<ele>44</ele>
						<time>2026-09-30T12:35:52Z</time>
					</trkpt>
					<trkpt lat="48.507110" lon="-2.614600">
						<ele>42</ele>
						<time>2026-09-30T12:35:54Z</time>
					</trkpt>
					<trkpt lat="48.507100" lon="-2.614370">
						<ele>40</ele>
						<time>2026-09-30T12:35:57Z</time>
					</trkpt>
					<trkpt lat="48.507110" lon="-2.614140">
						<ele>38</ele>
						<time>2026-09-30T12:35:59Z</time>
					</trkpt>
					<trkpt lat="48.507150" lon="-2.613880">
						<ele>36</ele>
						<time>2026-09-30T12:36:03Z</time>
					</trkpt>
					<trkpt lat="48.507200" lon="-2.613690">
						<ele>34</ele>
						<time>2026-09-30T12:36:05Z</time>
					</trkpt>
					<trkpt lat="48.507260" lon="-2.613500">
						<ele>33</ele>
						<time>2026-09-30T12:36:08Z</time>
					</trkpt>
					<trkpt lat="48.507340" lon="-2.613340">
						<ele>31</ele>
						<time>2026-09-30T12:36:10Z</time>
					</trkpt>
					<trkpt lat="48.507420" lon="-2.613230">
						<ele>32</ele>
						<time>2026-09-30T12:36:12Z</time>
					</trkpt>
					<trkpt lat="48.507530" lon="-2.613080">
						<ele>33</ele>
						<time>2026-09-30T12:36:14Z</time>
					</trkpt>
					<trkpt lat="48.507640" lon="-2.612970">
						<ele>34</ele>
						<time>2026-09-30T12:36:17Z</time>
					</trkpt>
					<trkpt lat="48.507790" lon="-2.612860">
						<ele>36</ele>
						<time>2026-09-30T12:36:20Z</time>
					</trkpt>
					<trkpt lat="48.507970" lon="-2.612790">
						<ele>38</ele>
						<time>2026-09-30T12:36:23Z</time>
					</trkpt>
					<trkpt lat="48.508120" lon="-2.612510">
						<ele>43</ele>
						<time>2026-09-30T12:36:27Z</time>
					</trkpt>
					<trkpt lat="48.508200" lon="-2.612490">
						<ele>44</ele>
						<time>2026-09-30T12:36:29Z</time>
					</trkpt>
					<trkpt lat="48.508440" lon="-2.612430">
						<ele>45</ele>
						<time>2026-09-30T12:36:33Z</time>
					</trkpt>
					<trkpt lat="48.509120" lon="-2.612460">
						<ele>43</ele>
						<time>2026-09-30T12:36:45Z</time>
					</trkpt>
					<trkpt lat="48.509270" lon="-2.612410">
						<ele>44</ele>
						<time>2026-09-30T12:36:48Z</time>
					</trkpt>
					<trkpt lat="48.509390" lon="-2.612290">
						<ele>45</ele>
						<time>2026-09-30T12:36:50Z</time>
					</trkpt>
					<trkpt lat="48.509940" lon="-2.611510">
						<ele>51</ele>
						<time>2026-09-30T12:37:04Z</time>
					</trkpt>
					<trkpt lat="48.510100" lon="-2.611250">
						<ele>52</ele>
						<time>2026-09-30T12:37:08Z</time>
					</trkpt>
					<trkpt lat="48.510130" lon="-2.611270">
						<ele>52</ele>
						<time>2026-09-30T12:37:09Z</time>
					</trkpt>
					<trkpt lat="48.510130" lon="-2.611280">
						<ele>52</ele>
						<time>2026-09-30T12:37:09Z</time>
					</trkpt>
					<trkpt lat="48.510340" lon="-2.611460">
						<ele>52</ele>
						<time>2026-09-30T12:37:13Z</time>
					</trkpt>
					<trkpt lat="48.510540" lon="-2.611560">
						<ele>53</ele>
						<time>2026-09-30T12:37:17Z</time>
					</trkpt>
					<trkpt lat="48.511670" lon="-2.611930">
						<ele>53</ele>
						<time>2026-09-30T12:37:37Z</time>
					</trkpt>
					<trkpt lat="48.513700" lon="-2.612320">
						<ele>56</ele>
						<time>2026-09-30T12:38:14Z</time>
					</trkpt>
					<trkpt lat="48.514230" lon="-2.612200">
						<ele>57</ele>
						<time>2026-09-30T12:38:23Z</time>
					</trkpt>
					<trkpt lat="48.515620" lon="-2.612250">
						<ele>65</ele>
						<time>2026-09-30T12:38:48Z</time>
					</trkpt>
					<trkpt lat="48.516350" lon="-2.612370">
						<ele>67</ele>
						<time>2026-09-30T12:39:01Z</time>
					</trkpt>
					<trkpt lat="48.516570" lon="-2.612440">
						<ele>67</ele>
						<time>2026-09-30T12:39:05Z</time>
					</trkpt>
					<trkpt lat="48.516940" lon="-2.612590">
						<ele>66</ele>
						<time>2026-09-30T12:39:12Z</time>
					</trkpt>
					<trkpt lat="48.517090" lon="-2.612630">
						<ele>66</ele>
						<time>2026-09-30T12:39:15Z</time>
					</trkpt>
					<trkpt lat="48.517230" lon="-2.612660">
						<ele>66</ele>
						<time>2026-09-30T12:39:17Z</time>
					</trkpt>
					<trkpt lat="48.517360" lon="-2.612650">
						<ele>66</ele>
						<time>2026-09-30T12:39:20Z</time>
					</trkpt>
					<trkpt lat="48.517470" lon="-2.612620">
						<ele>66</ele>
						<time>2026-09-30T12:39:22Z</time>
					</trkpt>
					<trkpt lat="48.517580" lon="-2.612550">
						<ele>66</ele>
						<time>2026-09-30T12:39:24Z</time>
					</trkpt>
					<trkpt lat="48.517700" lon="-2.612470">
						<ele>66</ele>
						<time>2026-09-30T12:39:26Z</time>
					</trkpt>
					<trkpt lat="48.518090" lon="-2.612130">
						<ele>68</ele>
						<time>2026-09-30T12:39:34Z</time>
					</trkpt>
					<trkpt lat="48.518950" lon="-2.611360">
						<ele>73</ele>
						<time>2026-09-30T12:39:52Z</time>
					</trkpt>
					<trkpt lat="48.520040" lon="-2.610540">
						<ele>75</ele>
						<time>2026-09-30T12:40:13Z</time>
					</trkpt>
					<trkpt lat="48.520230" lon="-2.610400">
						<ele>75</ele>
						<time>2026-09-30T12:40:17Z</time>
					</trkpt>
					<trkpt lat="48.521150" lon="-2.609650">
						<ele>76</ele>
						<time>2026-09-30T12:40:36Z</time>
					</trkpt>
					<trkpt lat="48.521310" lon="-2.609470">
						<ele>77</ele>
						<time>2026-09-30T12:40:39Z</time>
					</trkpt>
					<trkpt lat="48.521400" lon="-2.609340">
						<ele>77</ele>
						<time>2026-09-30T12:40:42Z</time>
					</trkpt>
					<trkpt lat="48.521520" lon="-2.609220">
						<ele>78</ele>
						<time>2026-09-30T12:40:44Z</time>
					</trkpt>
					<trkpt lat="48.521580" lon="-2.609190">
						<ele>78</ele>
						<time>2026-09-30T12:40:45Z</time>
					</trkpt>
					<trkpt lat="48.521820" lon="-2.609120">
						<ele>79</ele>
						<time>2026-09-30T12:40:50Z</time>
					</trkpt>
					<trkpt lat="48.521890" lon="-2.609110">
						<ele>79</ele>
						<time>2026-09-30T12:40:51Z</time>
					</trkpt>
					<trkpt lat="48.521930" lon="-2.609100">
						<ele>79</ele>
						<time>2026-09-30T12:40:52Z</time>
					</trkpt>
					<trkpt lat="48.522060" lon="-2.609100">
						<ele>79</ele>
						<time>2026-09-30T12:40:54Z</time>
					</trkpt>
					<trkpt lat="48.522440" lon="-2.609050">
						<ele>80</ele>
						<time>2026-09-30T12:41:01Z</time>
					</trkpt>
					<trkpt lat="48.522480" lon="-2.608990">
						<ele>80</ele>
						<time>2026-09-30T12:41:02Z</time>
					</trkpt>
					<trkpt lat="48.522570" lon="-2.608950">
						<ele>80</ele>
						<time>2026-09-30T12:41:03Z</time>
					</trkpt>
					<trkpt lat="48.522830" lon="-2.608960">
						<ele>79</ele>
						<time>2026-09-30T12:41:08Z</time>
					</trkpt>
					<trkpt lat="48.522840" lon="-2.608910">
						<ele>79</ele>
						<time>2026-09-30T12:41:09Z</time>
					</trkpt>
					<trkpt lat="48.522850" lon="-2.608740">
						<ele>80</ele>
						<time>2026-09-30T12:41:11Z</time>
					</trkpt>
					<trkpt lat="48.522880" lon="-2.608600">
						<ele>80</ele>
						<time>2026-09-30T12:41:12Z</time>
					</trkpt>
					<trkpt lat="48.522960" lon="-2.608390">
						<ele>80</ele>
						<time>2026-09-30T12:41:15Z</time>
					</trkpt>
					<trkpt lat="48.523090" lon="-2.608120">
						<ele>80</ele>
						<time>2026-09-30T12:41:19Z</time>
					</trkpt>
					<trkpt lat="48.523280" lon="-2.607780">
						<ele>80</ele>
						<time>2026-09-30T12:41:24Z</time>
					</trkpt>
					<trkpt lat="48.523750" lon="-2.606930">
						<ele>83</ele>
						<time>2026-09-30T12:41:37Z</time>
					</trkpt>
					<trkpt lat="48.523940" lon="-2.606570">
						<ele>84</ele>
						<time>2026-09-30T12:41:43Z</time>
					</trkpt>
					<trkpt lat="48.524020" lon="-2.606420">
						<ele>85</ele>
						<time>2026-09-30T12:41:45Z</time>
					</trkpt>
					<trkpt lat="48.524100" lon="-2.606260">
						<ele>86</ele>
						<time>2026-09-30T12:41:47Z</time>
					</trkpt>
					<trkpt lat="48.524240" lon="-2.605940">
						<ele>88</ele>
						<time>2026-09-30T12:41:52Z</time>
					</trkpt>
					<trkpt lat="48.524290" lon="-2.605820">
						<ele>89</ele>
						<time>2026-09-30T12:41:54Z</time>
					</trkpt>
					<trkpt lat="48.524360" lon="-2.605620">
						<ele>89</ele>
						<time>2026-09-30T12:41:56Z</time>
					</trkpt>
					<trkpt lat="48.524450" lon="-2.605290">
						<ele>90</ele>
						<time>2026-09-30T12:42:01Z</time>
					</trkpt>
					<trkpt lat="48.524480" lon="-2.605150">
						<ele>90</ele>
						<time>2026-09-30T12:42:02Z</time>
					</trkpt>
					<trkpt lat="48.524510" lon="-2.605010">
						<ele>91</ele>
						<time>2026-09-30T12:42:04Z</time>
					</trkpt>
					<trkpt lat="48.524610" lon="-2.604300">
						<ele>92</ele>
						<time>2026-09-30T12:42:13Z</time>
					</trkpt>
					<trkpt lat="48.524730" lon="-2.603550">
						<ele>92</ele>
						<time>2026-09-30T12:42:22Z</time>
					</trkpt>
					<trkpt lat="48.524820" lon="-2.602880">
						<ele>92</ele>
						<time>2026-09-30T12:42:30Z</time>
					</trkpt>
					<trkpt lat="48.524840" lon="-2.602590">
						<ele>91</ele>
						<time>2026-09-30T12:42:33Z</time>
					</trkpt>
					<trkpt lat="48.524900" lon="-2.601760">
						<ele>93</ele>
						<time>2026-09-30T12:42:43Z</time>
					</trkpt>
					<trkpt lat="48.524910" lon="-2.601660">
						<ele>93</ele>
						<time>2026-09-30T12:42:44Z</time>
					</trkpt>
					<trkpt lat="48.524940" lon="-2.601550">
						<ele>93</ele>
						<time>2026-09-30T12:42:46Z</time>
					</trkpt>
					<trkpt lat="48.524990" lon="-2.601380">
						<ele>93</ele>
						<time>2026-09-30T12:42:48Z</time>
					</trkpt>
					<trkpt lat="48.525080" lon="-2.601200">
						<ele>94</ele>
						<time>2026-09-30T12:42:50Z</time>
					</trkpt>
					<trkpt lat="48.525160" lon="-2.601090">
						<ele>94</ele>
						<time>2026-09-30T12:42:52Z</time>
					</trkpt>
					<trkpt lat="48.525320" lon="-2.600910">
						<ele>95</ele>
						<time>2026-09-30T12:42:56Z</time>
					</trkpt>
					<trkpt lat="48.525520" lon="-2.600710">
						<ele>95</ele>
						<time>2026-09-30T12:43:00Z</time>
					</trkpt>
					<trkpt lat="48.525850" lon="-2.600300">
						<ele>95</ele>
						<time>2026-09-30T12:43:08Z</time>
					</trkpt>
					<trkpt lat="48.525950" lon="-2.600150">
						<ele>95</ele>
						<time>2026-09-30T12:43:10Z</time>
					</trkpt>
					<trkpt lat="48.526050" lon="-2.599990">
						<ele>95</ele>
						<time>2026-09-30T12:43:13Z</time>
					</trkpt>
					<trkpt lat="48.526230" lon="-2.599690">
						<ele>95</ele>
						<time>2026-09-30T12:43:18Z</time>
					</trkpt>
					<trkpt lat="48.526310" lon="-2.599540">
						<ele>95</ele>
						<time>2026-09-30T12:43:20Z</time>
					</trkpt>
					<trkpt lat="48.526370" lon="-2.599380">
						<ele>95</ele>
						<time>2026-09-30T12:43:22Z</time>
					</trkpt>
					<trkpt lat="48.526420" lon="-2.599230">
						<ele>95</ele>
						<time>2026-09-30T12:43:24Z</time>
					</trkpt>
					<trkpt lat="48.526490" lon="-2.599210">
						<ele>95</ele>
						<time>2026-09-30T12:43:25Z</time>
					</trkpt>
					<trkpt lat="48.526620" lon="-2.599080">
						<ele>95</ele>
						<time>2026-09-30T12:43:28Z</time>
					</trkpt>
					<trkpt lat="48.526740" lon="-2.599130">
						<ele>95</ele>
						<time>2026-09-30T12:43:30Z</time>
					</trkpt>
					<trkpt lat="48.527380" lon="-2.599430">
						<ele>96</ele>
						<time>2026-09-30T12:43:42Z</time>
					</trkpt>
					<trkpt lat="48.528170" lon="-2.598760">
						<ele>98</ele>
						<time>2026-09-30T12:43:58Z</time>
					</trkpt>
					<trkpt lat="48.528580" lon="-2.598670">
						<ele>98</ele>
						<time>2026-09-30T12:44:06Z</time>
					</trkpt>
					<trkpt lat="48.529320" lon="-2.599060">
						<ele>99</ele>
						<time>2026-09-30T12:44:20Z</time>
					</trkpt>
					<trkpt lat="48.529740" lon="-2.599680">
						<ele>97</ele>
						<time>2026-09-30T12:44:30Z</time>
					</trkpt>
					<trkpt lat="48.531210" lon="-2.600770">
						<ele>92</ele>
						<time>2026-09-30T12:44:59Z</time>
					</trkpt>
					<trkpt lat="48.531220" lon="-2.600780">
						<ele>92</ele>
						<time>2026-09-30T12:44:59Z</time>
					</trkpt>
					<trkpt lat="48.531580" lon="-2.600060">
						<ele>90</ele>
						<time>2026-09-30T12:45:10Z</time>
					</trkpt>
					<trkpt lat="48.531640" lon="-2.599970">
						<ele>90</ele>
						<time>2026-09-30T12:45:12Z</time>
					</trkpt>
					<trkpt lat="48.531950" lon="-2.599650">
						<ele>90</ele>
						<time>2026-09-30T12:45:18Z</time>
					</trkpt>
					<trkpt lat="48.532410" lon="-2.599180">
						<ele>88</ele>
						<time>2026-09-30T12:45:28Z</time>
					</trkpt>
					<trkpt lat="48.532570" lon="-2.599040">
						<ele>88</ele>
						<time>2026-09-30T12:45:31Z</time>
					</trkpt>
					<trkpt lat="48.532970" lon="-2.598690">
						<ele>86</ele>
						<time>2026-09-30T12:45:40Z</time>
					</trkpt>
					<trkpt lat="48.533060" lon="-2.598600">
						<ele>86</ele>
						<time>2026-09-30T12:45:42Z</time>
					</trkpt>
					<trkpt lat="48.533160" lon="-2.598460">
						<ele>86</ele>
						<time>2026-09-30T12:45:44Z</time>
					</trkpt>
					<trkpt lat="48.533250" lon="-2.598220">
						<ele>85</ele>
						<time>2026-09-30T12:45:47Z</time>
					</trkpt>
					<trkpt lat="48.533390" lon="-2.597630">
						<ele>85</ele>
						<time>2026-09-30T12:45:55Z</time>
					</trkpt>
					<trkpt lat="48.533490" lon="-2.596930">
						<ele>84</ele>
						<time>2026-09-30T12:46:03Z</time>
					</trkpt>
					<trkpt lat="48.533600" lon="-2.596400">
						<ele>83</ele>
						<time>2026-09-30T12:46:10Z</time>
					</trkpt>
					<trkpt lat="48.534210" lon="-2.593810">
						<ele>77</ele>
						<time>2026-09-30T12:46:42Z</time>
					</trkpt>
					<trkpt lat="48.534250" lon="-2.593790">
						<ele>77</ele>
						<time>2026-09-30T12:46:43Z</time>
					</trkpt>
					<trkpt lat="48.534260" lon="-2.593820">
						<ele>77</ele>
						<time>2026-09-30T12:46:43Z</time>
					</trkpt>
					<trkpt lat="48.534250" lon="-2.593790">
						<ele>77</ele>
						<time>2026-09-30T12:46:44Z</time>
					</trkpt>
					<trkpt lat="48.534460" lon="-2.593760">
						<ele>75</ele>
						<time>2026-09-30T12:46:47Z</time>
					</trkpt>
					<trkpt lat="48.535090" lon="-2.593390">
						<ele>72</ele>
						<time>2026-09-30T12:46:59Z</time>
					</trkpt>
					<trkpt lat="48.535580" lon="-2.593080">
						<ele>69</ele>
						<time>2026-09-30T12:47:09Z</time>
					</trkpt>
					<trkpt lat="48.535920" lon="-2.592890">
						<ele>67</ele>
						<time>2026-09-30T12:47:15Z</time>
					</trkpt>
					<trkpt lat="48.536090" lon="-2.592870">
						<ele>66</ele>
						<time>2026-09-30T12:47:18Z</time>
					</trkpt>
					<trkpt lat="48.536240" lon="-2.592920">
						<ele>66</ele>
						<time>2026-09-30T12:47:21Z</time>
					</trkpt>
					<trkpt lat="48.536770" lon="-2.593240">
						<ele>64</ele>
						<time>2026-09-30T12:47:31Z</time>
					</trkpt>
					<trkpt lat="48.537010" lon="-2.593370">
						<ele>64</ele>
						<time>2026-09-30T12:47:36Z</time>
					</trkpt>
					<trkpt lat="48.537210" lon="-2.593400">
						<ele>63</ele>
						<time>2026-09-30T12:47:39Z</time>
					</trkpt>
					<trkpt lat="48.537390" lon="-2.593390">
						<ele>63</ele>
						<time>2026-09-30T12:47:43Z</time>
					</trkpt>
					<trkpt lat="48.537560" lon="-2.593350">
						<ele>63</ele>
						<time>2026-09-30T12:47:46Z</time>
					</trkpt>
					<trkpt lat="48.537760" lon="-2.593390">
						<ele>63</ele>
						<time>2026-09-30T12:47:49Z</time>
					</trkpt>
					<trkpt lat="48.537980" lon="-2.593500">
						<ele>63</ele>
						<time>2026-09-30T12:47:53Z</time>
					</trkpt>
					<trkpt lat="48.538120" lon="-2.593660">
						<ele>63</ele>
						<time>2026-09-30T12:47:56Z</time>
					</trkpt>
					<trkpt lat="48.538280" lon="-2.593910">
						<ele>62</ele>
						<time>2026-09-30T12:48:01Z</time>
					</trkpt>
					<trkpt lat="48.538800" lon="-2.594610">
						<ele>61</ele>
						<time>2026-09-30T12:48:13Z</time>
					</trkpt>
					<trkpt lat="48.538940" lon="-2.594780">
						<ele>61</ele>
						<time>2026-09-30T12:48:16Z</time>
					</trkpt>
					<trkpt lat="48.539130" lon="-2.594870">
						<ele>61</ele>
						<time>2026-09-30T12:48:20Z</time>
					</trkpt>
					<trkpt lat="48.539400" lon="-2.594950">
						<ele>59</ele>
						<time>2026-09-30T12:48:25Z</time>
					</trkpt>
					<trkpt lat="48.540200" lon="-2.595200">
						<ele>56</ele>
						<time>2026-09-30T12:48:39Z</time>
					</trkpt>
					<trkpt lat="48.541380" lon="-2.595560">
						<ele>56</ele>
						<time>2026-09-30T12:49:01Z</time>
					</trkpt>
					<trkpt lat="48.541500" lon="-2.595570">
						<ele>56</ele>
						<time>2026-09-30T12:49:03Z</time>
					</trkpt>
					<trkpt lat="48.541450" lon="-2.595480">
						<ele>56</ele>
						<time>2026-09-30T12:49:04Z</time>
					</trkpt>
					<trkpt lat="48.541450" lon="-2.595460">
						<ele>56</ele>
						<time>2026-09-30T12:49:04Z</time>
					</trkpt>
					<trkpt lat="48.541440" lon="-2.595330">
						<ele>56</ele>
						<time>2026-09-30T12:49:06Z</time>
					</trkpt>
					<trkpt lat="48.541460" lon="-2.595210">
						<ele>57</ele>
						<time>2026-09-30T12:49:07Z</time>
					</trkpt>
					<trkpt lat="48.541920" lon="-2.593790">
						<ele>58</ele>
						<time>2026-09-30T12:49:26Z</time>
					</trkpt>
					<trkpt lat="48.542120" lon="-2.593230">
						<ele>59</ele>
						<time>2026-09-30T12:49:33Z</time>
					</trkpt>
					<trkpt lat="48.542440" lon="-2.592450">
						<ele>61</ele>
						<time>2026-09-30T12:49:44Z</time>
					</trkpt>
					<trkpt lat="48.542440" lon="-2.592440">
						<ele>61</ele>
						<time>2026-09-30T12:49:44Z</time>
					</trkpt>
					<trkpt lat="48.542610" lon="-2.592660">
						<ele>61</ele>
						<time>2026-09-30T12:49:48Z</time>
					</trkpt>
					<trkpt lat="48.543140" lon="-2.593690">
						<ele>60</ele>
						<time>2026-09-30T12:50:04Z</time>
					</trkpt>
					<trkpt lat="48.543630" lon="-2.594140">
						<ele>61</ele>
						<time>2026-09-30T12:50:14Z</time>
					</trkpt>
					<trkpt lat="48.543880" lon="-2.594440">
						<ele>60</ele>
						<time>2026-09-30T12:50:20Z</time>
					</trkpt>
					<trkpt lat="48.544080" lon="-2.594680">
						<ele>59</ele>
						<time>2026-09-30T12:50:24Z</time>
					</trkpt>
					<trkpt lat="48.544350" lon="-2.595060">
						<ele>58</ele>
						<time>2026-09-30T12:50:31Z</time>
					</trkpt>
					<trkpt lat="48.544580" lon="-2.595260">
						<ele>58</ele>
						<time>2026-09-30T12:50:35Z</time>
					</trkpt>
					<trkpt lat="48.545240" lon="-2.595680">
						<ele>57</ele>
						<time>2026-09-30T12:50:48Z</time>
					</trkpt>
					<trkpt lat="48.545270" lon="-2.595710">
						<ele>57</ele>
						<time>2026-09-30T12:50:49Z</time>
					</trkpt>
					<trkpt lat="48.546060" lon="-2.596290">
						<ele>57</ele>
						<time>2026-09-30T12:51:04Z</time>
					</trkpt>
					<trkpt lat="48.546590" lon="-2.596610">
						<ele>60</ele>
						<time>2026-09-30T12:51:15Z</time>
					</trkpt>
					<trkpt lat="48.546850" lon="-2.596730">
						<ele>61</ele>
						<time>2026-09-30T12:51:19Z</time>
					</trkpt>
					<trkpt lat="48.547060" lon="-2.596820">
						<ele>62</ele>
						<time>2026-09-30T12:51:23Z</time>
					</trkpt>
					<trkpt lat="48.547770" lon="-2.596930">
						<ele>66</ele>
						<time>2026-09-30T12:51:36Z</time>
					</trkpt>
					<trkpt lat="48.547880" lon="-2.596950">
						<ele>66</ele>
						<time>2026-09-30T12:51:38Z</time>
					</trkpt>
					<trkpt lat="48.548280" lon="-2.597060">
						<ele>68</ele>
						<time>2026-09-30T12:51:45Z</time>
					</trkpt>
					<trkpt lat="48.548490" lon="-2.597120">
						<ele>68</ele>
						<time>2026-09-30T12:51:49Z</time>
					</trkpt>
					<trkpt lat="48.549110" lon="-2.597080">
						<ele>68</ele>
						<time>2026-09-30T12:52:00Z</time>
					</trkpt>
					<trkpt lat="48.549810" lon="-2.596800">
						<ele>66</ele>
						<time>2026-09-30T12:52:13Z</time>
					</trkpt>
					<trkpt lat="48.550320" lon="-2.596910">
						<ele>65</ele>
						<time>2026-09-30T12:52:22Z</time>
					</trkpt>
					<trkpt lat="48.551010" lon="-2.597100">
						<ele>62</ele>
						<time>2026-09-30T12:52:35Z</time>
					</trkpt>
					<trkpt lat="48.551900" lon="-2.597020">
						<ele>58</ele>
						<time>2026-09-30T12:52:50Z</time>
					</trkpt>
					<trkpt lat="48.552380" lon="-2.596770">
						<ele>56</ele>
						<time>2026-09-30T12:52:59Z</time>
					</trkpt>
					<trkpt lat="48.552520" lon="-2.596740">
						<ele>56</ele>
						<time>2026-09-30T12:53:02Z</time>
					</trkpt>
					<trkpt lat="48.552560" lon="-2.596690">
						<ele>56</ele>
						<time>2026-09-30T12:53:03Z</time>
					</trkpt>
					<trkpt lat="48.552900" lon="-2.596240">
						<ele>56</ele>
						<time>2026-09-30T12:53:11Z</time>
					</trkpt>
					<trkpt lat="48.553020" lon="-2.596060">
						<ele>56</ele>
						<time>2026-09-30T12:53:14Z</time>
					</trkpt>
					<trkpt lat="48.553090" lon="-2.595680">
						<ele>57</ele>
						<time>2026-09-30T12:53:19Z</time>
					</trkpt>
					<trkpt lat="48.553180" lon="-2.595350">
						<ele>58</ele>
						<time>2026-09-30T12:53:23Z</time>
					</trkpt>
					<trkpt lat="48.553230" lon="-2.595140">
						<ele>59</ele>
						<time>2026-09-30T12:53:25Z</time>
					</trkpt>
					<trkpt lat="48.553390" lon="-2.594710">
						<ele>59</ele>
						<time>2026-09-30T12:53:31Z</time>
					</trkpt>
					<trkpt lat="48.553540" lon="-2.594390">
						<ele>60</ele>
						<time>2026-09-30T12:53:36Z</time>
					</trkpt>
					<trkpt lat="48.553610" lon="-2.594250">
						<ele>60</ele>
						<time>2026-09-30T12:53:38Z</time>
					</trkpt>
					<trkpt lat="48.553830" lon="-2.593710">
						<ele>60</ele>
						<time>2026-09-30T12:53:45Z</time>
					</trkpt>
					<trkpt lat="48.553950" lon="-2.593270">
						<ele>60</ele>
						<time>2026-09-30T12:53:51Z</time>
					</trkpt>
					<trkpt lat="48.554010" lon="-2.592930">
						<ele>61</ele>
						<time>2026-09-30T12:53:55Z</time>
					</trkpt>
					<trkpt lat="48.554110" lon="-2.592010">
						<ele>61</ele>
						<time>2026-09-30T12:54:06Z</time>
					</trkpt>
					<trkpt lat="48.554160" lon="-2.591840">
						<ele>61</ele>
						<time>2026-09-30T12:54:08Z</time>
					</trkpt>
					<trkpt lat="48.554570" lon="-2.591120">
						<ele>62</ele>
						<time>2026-09-30T12:54:19Z</time>
					</trkpt>
					<trkpt lat="48.554720" lon="-2.590950">
						<ele>61</ele>
						<time>2026-09-30T12:54:23Z</time>
					</trkpt>
					<trkpt lat="48.554970" lon="-2.590690">
						<ele>62</ele>
						<time>2026-09-30T12:54:28Z</time>
					</trkpt>
					<trkpt lat="48.554990" lon="-2.590580">
						<ele>62</ele>
						<time>2026-09-30T12:54:30Z</time>
					</trkpt>
					<trkpt lat="48.555010" lon="-2.590480">
						<ele>63</ele>
						<time>2026-09-30T12:54:31Z</time>
					</trkpt>
					<trkpt lat="48.555100" lon="-2.590160">
						<ele>64</ele>
						<time>2026-09-30T12:54:35Z</time>
					</trkpt>
					<trkpt lat="48.555230" lon="-2.589910">
						<ele>65</ele>
						<time>2026-09-30T12:54:39Z</time>
					</trkpt>
					<trkpt lat="48.555370" lon="-2.589750">
						<ele>65</ele>
						<time>2026-09-30T12:54:42Z</time>
					</trkpt>
					<trkpt lat="48.556940" lon="-2.588020">
						<ele>70</ele>
						<time>2026-09-30T12:55:16Z</time>
					</trkpt>
					<trkpt lat="48.558650" lon="-2.586240">
						<ele>68</ele>
						<time>2026-09-30T12:55:53Z</time>
					</trkpt>
					<trkpt lat="48.560850" lon="-2.584000">
						<ele>65</ele>
						<time>2026-09-30T12:56:40Z</time>
					</trkpt>
					<trkpt lat="48.561020" lon="-2.583780">
						<ele>65</ele>
						<time>2026-09-30T12:56:44Z</time>
					</trkpt>
					<trkpt lat="48.561080" lon="-2.583690">
						<ele>65</ele>
						<time>2026-09-30T12:56:46Z</time>
					</trkpt>
					<trkpt lat="48.561170" lon="-2.583550">
						<ele>65</ele>
						<time>2026-09-30T12:56:48Z</time>
					</trkpt>
					<trkpt lat="48.561310" lon="-2.583270">
						<ele>64</ele>
						<time>2026-09-30T12:56:52Z</time>
					</trkpt>
					<trkpt lat="48.561380" lon="-2.583090">
						<ele>64</ele>
						<time>2026-09-30T12:56:55Z</time>
					</trkpt>
					<trkpt lat="48.561500" lon="-2.582780">
						<ele>63</ele>
						<time>2026-09-30T12:56:59Z</time>
					</trkpt>
					<trkpt lat="48.561550" lon="-2.582630">
						<ele>63</ele>
						<time>2026-09-30T12:57:01Z</time>
					</trkpt>
					<trkpt lat="48.561470" lon="-2.582550">
						<ele>63</ele>
						<time>2026-09-30T12:57:03Z</time>
					</trkpt>
					<trkpt lat="48.561470" lon="-2.582550">
						<ele>63</ele>
						<time>2026-09-30T12:57:03Z</time>
					</trkpt>
					<trkpt lat="48.561400" lon="-2.582470">
						<ele>63</ele>
						<time>2026-09-30T12:57:04Z</time>
					</trkpt>
					<trkpt lat="48.561150" lon="-2.582250">
						<ele>65</ele>
						<time>2026-09-30T12:57:09Z</time>
					</trkpt>
					<trkpt lat="48.560890" lon="-2.582030">
						<ele>66</ele>
						<time>2026-09-30T12:57:15Z</time>
					</trkpt>
					<trkpt lat="48.560760" lon="-2.581850">
						<ele>67</ele>
						<time>2026-09-30T12:57:18Z</time>
					</trkpt>
					<trkpt lat="48.560520" lon="-2.581050">
						<ele>70</ele>
						<time>2026-09-30T12:57:28Z</time>
					</trkpt>
					<trkpt lat="48.560320" lon="-2.580800">
						<ele>72</ele>
						<time>2026-09-30T12:57:33Z</time>
					</trkpt>
					<trkpt lat="48.560100" lon="-2.580740">
						<ele>74</ele>
						<time>2026-09-30T12:57:37Z</time>
					</trkpt>
					<trkpt lat="48.559770" lon="-2.580700">
						<ele>76</ele>
						<time>2026-09-30T12:57:43Z</time>
					</trkpt>
					<trkpt lat="48.559650" lon="-2.580480">
						<ele>76</ele>
						<time>2026-09-30T12:57:46Z</time>
					</trkpt>
					<trkpt lat="48.559470" lon="-2.579440">
						<ele>77</ele>
						<time>2026-09-30T12:57:59Z</time>
					</trkpt>
					<trkpt lat="48.559310" lon="-2.577790">
						<ele>77</ele>
						<time>2026-09-30T12:58:18Z</time>
					</trkpt>
					<trkpt lat="48.559300" lon="-2.577190">
						<ele>77</ele>
						<time>2026-09-30T12:58:25Z</time>
					</trkpt>
					<trkpt lat="48.559270" lon="-2.576740">
						<ele>77</ele>
						<time>2026-09-30T12:58:31Z</time>
					</trkpt>
					<trkpt lat="48.559220" lon="-2.576390">
						<ele>77</ele>
						<time>2026-09-30T12:58:35Z</time>
					</trkpt>
					<trkpt lat="48.559160" lon="-2.576160">
						<ele>77</ele>
						<time>2026-09-30T12:58:38Z</time>
					</trkpt>
					<trkpt lat="48.559160" lon="-2.576140">
						<ele>77</ele>
						<time>2026-09-30T12:58:38Z</time>
					</trkpt>
					<trkpt lat="48.559480" lon="-2.575910">
						<ele>76</ele>
						<time>2026-09-30T12:58:44Z</time>
					</trkpt>
					<trkpt lat="48.559980" lon="-2.575520">
						<ele>75</ele>
						<time>2026-09-30T12:58:54Z</time>
					</trkpt>
					<trkpt lat="48.560230" lon="-2.575360">
						<ele>73</ele>
						<time>2026-09-30T12:58:59Z</time>
					</trkpt>
					<trkpt lat="48.560620" lon="-2.575130">
						<ele>70</ele>
						<time>2026-09-30T12:59:07Z</time>
					</trkpt>
					<trkpt lat="48.560860" lon="-2.575010">
						<ele>68</ele>
						<time>2026-09-30T12:59:11Z</time>
					</trkpt>
					<trkpt lat="48.561670" lon="-2.574640">
						<ele>62</ele>
						<time>2026-09-30T12:59:26Z</time>
					</trkpt>
					<trkpt lat="48.561850" lon="-2.574560">
						<ele>61</ele>
						<time>2026-09-30T12:59:30Z</time>
					</trkpt>
					<trkpt lat="48.562000" lon="-2.574520">
						<ele>60</ele>
						<time>2026-09-30T12:59:32Z</time>
					</trkpt>
					<trkpt lat="48.563280" lon="-2.574220">
						<ele>54</ele>
						<time>2026-09-30T12:59:55Z</time>
					</trkpt>
					<trkpt lat="48.563710" lon="-2.574130">
						<ele>53</ele>
						<time>2026-09-30T13:00:03Z</time>
					</trkpt>
					<trkpt lat="48.564070" lon="-2.574090">
						<ele>51</ele>
						<time>2026-09-30T13:00:10Z</time>
					</trkpt>
					<trkpt lat="48.564530" lon="-2.574100">
						<ele>51</ele>
						<time>2026-09-30T13:00:18Z</time>
					</trkpt>
					<trkpt lat="48.564640" lon="-2.574080">
						<ele>51</ele>
						<time>2026-09-30T13:00:20Z</time>
					</trkpt>
					<trkpt lat="48.564740" lon="-2.574030">
						<ele>51</ele>
						<time>2026-09-30T13:00:22Z</time>
					</trkpt>
					<trkpt lat="48.564870" lon="-2.573950">
						<ele>51</ele>
						<time>2026-09-30T13:00:24Z</time>
					</trkpt>
					<trkpt lat="48.565330" lon="-2.573540">
						<ele>51</ele>
						<time>2026-09-30T13:00:34Z</time>
					</trkpt>
					<trkpt lat="48.565680" lon="-2.573330">
						<ele>50</ele>
						<time>2026-09-30T13:00:40Z</time>
					</trkpt>
					<trkpt lat="48.565820" lon="-2.573270">
						<ele>50</ele>
						<time>2026-09-30T13:00:43Z</time>
					</trkpt>
					<trkpt lat="48.566620" lon="-2.573040">
						<ele>47</ele>
						<time>2026-09-30T13:00:57Z</time>
					</trkpt>
					<trkpt lat="48.566960" lon="-2.572970">
						<ele>45</ele>
						<time>2026-09-30T13:01:03Z</time>
					</trkpt>
					<trkpt lat="48.567070" lon="-2.572980">
						<ele>44</ele>
						<time>2026-09-30T13:01:05Z</time>
					</trkpt>
					<trkpt lat="48.567960" lon="-2.573180">
						<ele>37</ele>
						<time>2026-09-30T13:01:21Z</time>
					</trkpt>
					<trkpt lat="48.568220" lon="-2.573210">
						<ele>36</ele>
						<time>2026-09-30T13:01:26Z</time>
					</trkpt>
					<trkpt lat="48.568320" lon="-2.573190">
						<ele>35</ele>
						<time>2026-09-30T13:01:28Z</time>
					</trkpt>
					<trkpt lat="48.568440" lon="-2.573120">
						<ele>34</ele>
						<time>2026-09-30T13:01:30Z</time>
					</trkpt>
					<trkpt lat="48.568450" lon="-2.573120">
						<ele>34</ele>
						<time>2026-09-30T13:01:30Z</time>
					</trkpt>
					<trkpt lat="48.568520" lon="-2.573060">
						<ele>33</ele>
						<time>2026-09-30T13:01:32Z</time>
					</trkpt>
					<trkpt lat="48.568590" lon="-2.572990">
						<ele>32</ele>
						<time>2026-09-30T13:01:33Z</time>
					</trkpt>
					<trkpt lat="48.568730" lon="-2.572790">
						<ele>31</ele>
						<time>2026-09-30T13:01:37Z</time>
					</trkpt>
					<trkpt lat="48.568980" lon="-2.572330">
						<ele>29</ele>
						<time>2026-09-30T13:01:44Z</time>
					</trkpt>
					<trkpt lat="48.570180" lon="-2.569990">
						<ele>20</ele>
						<time>2026-09-30T13:02:19Z</time>
					</trkpt>
					<trkpt lat="48.570280" lon="-2.569820">
						<ele>20</ele>
						<time>2026-09-30T13:02:21Z</time>
					</trkpt>
					<trkpt lat="48.570370" lon="-2.569660">
						<ele>19</ele>
						<time>2026-09-30T13:02:24Z</time>
					</trkpt>
					<trkpt lat="48.570530" lon="-2.569440">
						<ele>19</ele>
						<time>2026-09-30T13:02:28Z</time>
					</trkpt>
					<trkpt lat="48.570610" lon="-2.569350">
						<ele>18</ele>
						<time>2026-09-30T13:02:29Z</time>
					</trkpt>
					<trkpt lat="48.570950" lon="-2.569000">
						<ele>17</ele>
						<time>2026-09-30T13:02:37Z</time>
					</trkpt>
					<trkpt lat="48.571690" lon="-2.568200">
						<ele>15</ele>
						<time>2026-09-30T13:02:53Z</time>
					</trkpt>
					<trkpt lat="48.572020" lon="-2.567850">
						<ele>15</ele>
						<time>2026-09-30T13:03:00Z</time>
					</trkpt>
					<trkpt lat="48.572160" lon="-2.567730">
						<ele>14</ele>
						<time>2026-09-30T13:03:03Z</time>
					</trkpt>
					<trkpt lat="48.572280" lon="-2.567630">
						<ele>14</ele>
						<time>2026-09-30T13:03:05Z</time>
					</trkpt>
					<trkpt lat="48.572500" lon="-2.567480">
						<ele>12</ele>
						<time>2026-09-30T13:03:10Z</time>
					</trkpt>
					<trkpt lat="48.573200" lon="-2.567090">
						<ele>13</ele>
						<time>2026-09-30T13:03:23Z</time>
					</trkpt>
					<trkpt lat="48.573400" lon="-2.566940">
						<ele>13</ele>
						<time>2026-09-30T13:03:27Z</time>
					</trkpt>
					<trkpt lat="48.573520" lon="-2.566810">
						<ele>13</ele>
						<time>2026-09-30T13:03:29Z</time>
					</trkpt>
					<trkpt lat="48.573610" lon="-2.566680">
						<ele>13</ele>
						<time>2026-09-30T13:03:32Z</time>
					</trkpt>
					<trkpt lat="48.573690" lon="-2.566540">
						<ele>13</ele>
						<time>2026-09-30T13:03:34Z</time>
					</trkpt>
					<trkpt lat="48.573770" lon="-2.566390">
						<ele>13</ele>
						<time>2026-09-30T13:03:36Z</time>
					</trkpt>
					<trkpt lat="48.573890" lon="-2.566090">
						<ele>13</ele>
						<time>2026-09-30T13:03:40Z</time>
					</trkpt>
					<trkpt lat="48.574080" lon="-2.565500">
						<ele>13</ele>
						<time>2026-09-30T13:03:48Z</time>
					</trkpt>
					<trkpt lat="48.574180" lon="-2.565250">
						<ele>13</ele>
						<time>2026-09-30T13:03:51Z</time>
					</trkpt>
					<trkpt lat="48.574340" lon="-2.564890">
						<ele>14</ele>
						<time>2026-09-30T13:03:57Z</time>
					</trkpt>
					<trkpt lat="48.574410" lon="-2.564730">
						<ele>13</ele>
						<time>2026-09-30T13:03:59Z</time>
					</trkpt>
					<trkpt lat="48.574560" lon="-2.564470">
						<ele>13</ele>
						<time>2026-09-30T13:04:03Z</time>
					</trkpt>
					<trkpt lat="48.574680" lon="-2.564310">
						<ele>12</ele>
						<time>2026-09-30T13:04:06Z</time>
					</trkpt>
					<trkpt lat="48.574790" lon="-2.564180">
						<ele>12</ele>
						<time>2026-09-30T13:04:08Z</time>
					</trkpt>
					<trkpt lat="48.574930" lon="-2.564050">
						<ele>10</ele>
						<time>2026-09-30T13:04:11Z</time>
					</trkpt>
					<trkpt lat="48.575040" lon="-2.563950">
						<ele>10</ele>
						<time>2026-09-30T13:04:13Z</time>
					</trkpt>
					<trkpt lat="48.575220" lon="-2.563810">
						<ele>8</ele>
						<time>2026-09-30T13:04:17Z</time>
					</trkpt>
					<trkpt lat="48.575310" lon="-2.563760">
						<ele>8</ele>
						<time>2026-09-30T13:04:19Z</time>
					</trkpt>
					<trkpt lat="48.575450" lon="-2.563690">
						<ele>7</ele>
						<time>2026-09-30T13:04:21Z</time>
					</trkpt>
					<trkpt lat="48.575580" lon="-2.563630">
						<ele>7</ele>
						<time>2026-09-30T13:04:24Z</time>
					</trkpt>
					<trkpt lat="48.575730" lon="-2.563580">
						<ele>6</ele>
						<time>2026-09-30T13:04:26Z</time>
					</trkpt>
					<trkpt lat="48.575900" lon="-2.563590">
						<ele>6</ele>
						<time>2026-09-30T13:04:30Z</time>
					</trkpt>
					<trkpt lat="48.576020" lon="-2.563640">
						<ele>5</ele>
						<time>2026-09-30T13:04:32Z</time>
					</trkpt>
					<trkpt lat="48.576010" lon="-2.563660">
						<ele>5</ele>
						<time>2026-09-30T13:04:32Z</time>
					</trkpt>
					<trkpt lat="48.576020" lon="-2.563640">
						<ele>5</ele>
						<time>2026-09-30T13:04:32Z</time>
					</trkpt>
					<trkpt lat="48.576060" lon="-2.563600">
						<ele>5</ele>
						<time>2026-09-30T13:04:33Z</time>
					</trkpt>
					<trkpt lat="48.576170" lon="-2.563540">
						<ele>5</ele>
						<time>2026-09-30T13:04:35Z</time>
					</trkpt>
					<trkpt lat="48.576300" lon="-2.563560">
						<ele>5</ele>
						<time>2026-09-30T13:04:38Z</time>
					</trkpt>
					<trkpt lat="48.576890" lon="-2.563880">
						<ele>4</ele>
						<time>2026-09-30T13:04:49Z</time>
					</trkpt>
					<trkpt lat="48.577110" lon="-2.564070">
						<ele>3</ele>
						<time>2026-09-30T13:04:53Z</time>
					</trkpt>
					<trkpt lat="48.577400" lon="-2.564230">
						<ele>2</ele>
						<time>2026-09-30T13:04:59Z</time>
					</trkpt>
					<trkpt lat="48.577490" lon="-2.564260">
						<ele>2</ele>
						<time>2026-09-30T13:05:00Z</time>
					</trkpt>
					<trkpt lat="48.577560" lon="-2.564250">
						<ele>2</ele>
						<time>2026-09-30T13:05:02Z</time>
					</trkpt>
					<trkpt lat="48.577600" lon="-2.564220">
						<ele>2</ele>
						<time>2026-09-30T13:05:02Z</time>
					</trkpt>
					<trkpt lat="48.577650" lon="-2.564150">
						<ele>3</ele>
						<time>2026-09-30T13:05:04Z</time>
					</trkpt>
					<trkpt lat="48.577700" lon="-2.563940">
						<ele>4</ele>
						<time>2026-09-30T13:05:06Z</time>
					</trkpt>
					<trkpt lat="48.577730" lon="-2.563730">
						<ele>5</ele>
						<time>2026-09-30T13:05:09Z</time>
					</trkpt>
					<trkpt lat="48.577770" lon="-2.563730">
						<ele>5</ele>
						<time>2026-09-30T13:05:09Z</time>
					</trkpt>
					<trkpt lat="48.577810" lon="-2.563710">
						<ele>6</ele>
						<time>2026-09-30T13:05:10Z</time>
					</trkpt>
					<trkpt lat="48.577930" lon="-2.563590">
						<ele>6</ele>
						<time>2026-09-30T13:05:13Z</time>
					</trkpt>
					<trkpt lat="48.577960" lon="-2.563570">
						<ele>6</ele>
						<time>2026-09-30T13:05:13Z</time>
					</trkpt>
					<trkpt lat="48.578650" lon="-2.562910">
						<ele>9</ele>
						<time>2026-09-30T13:05:28Z</time>
					</trkpt>
					<trkpt lat="48.578700" lon="-2.562890">
						<ele>9</ele>
						<time>2026-09-30T13:05:29Z</time>
					</trkpt>
					<trkpt lat="48.578810" lon="-2.562870">
						<ele>8</ele>
						<time>2026-09-30T13:05:31Z</time>
					</trkpt>
					<trkpt lat="48.579020" lon="-2.562880">
						<ele>8</ele>
						<time>2026-09-30T13:05:35Z</time>
					</trkpt>
					<trkpt lat="48.579110" lon="-2.562890">
						<ele>8</ele>
						<time>2026-09-30T13:05:36Z</time>
					</trkpt>
					<trkpt lat="48.579240" lon="-2.562900">
						<ele>9</ele>
						<time>2026-09-30T13:05:38Z</time>
					</trkpt>
					<trkpt lat="48.579330" lon="-2.562880">
						<ele>11</ele>
						<time>2026-09-30T13:05:40Z</time>
					</trkpt>
					<trkpt lat="48.579380" lon="-2.562850">
						<ele>12</ele>
						<time>2026-09-30T13:05:41Z</time>
					</trkpt>
					<trkpt lat="48.579450" lon="-2.562800">
						<ele>13</ele>
						<time>2026-09-30T13:05:42Z</time>
					</trkpt>
					<trkpt lat="48.579520" lon="-2.562710">
						<ele>13</ele>
						<time>2026-09-30T13:05:44Z</time>
					</trkpt>
					<trkpt lat="48.579590" lon="-2.562590">
						<ele>14</ele>
						<time>2026-09-30T13:05:46Z</time>
					</trkpt>
					<trkpt lat="48.579730" lon="-2.562250">
						<ele>15</ele>
						<time>2026-09-30T13:05:51Z</time>
					</trkpt>
					<trkpt lat="48.579790" lon="-2.562060">
						<ele>15</ele>
						<time>2026-09-30T13:05:53Z</time>
					</trkpt>
					<trkpt lat="48.579820" lon="-2.561900">
						<ele>15</ele>
						<time>2026-09-30T13:05:55Z</time>
					</trkpt>
					<trkpt lat="48.579850" lon="-2.561720">
						<ele>14</ele>
						<time>2026-09-30T13:05:57Z</time>
					</trkpt>
					<trkpt lat="48.579880" lon="-2.561260">
						<ele>14</ele>
						<time>2026-09-30T13:06:03Z</time>
					</trkpt>
					<trkpt lat="48.579890" lon="-2.561060">
						<ele>14</ele>
						<time>2026-09-30T13:06:05Z</time>
					</trkpt>
					<trkpt lat="48.579920" lon="-2.560010">
						<ele>13</ele>
						<time>2026-09-30T13:06:17Z</time>
					</trkpt>
					<trkpt lat="48.579920" lon="-2.559830">
						<ele>13</ele>
						<time>2026-09-30T13:06:20Z</time>
					</trkpt>
					<trkpt lat="48.579880" lon="-2.559260">
						<ele>10</ele>
						<time>2026-09-30T13:06:26Z</time>
					</trkpt>
					<trkpt lat="48.579890" lon="-2.559050">
						<ele>10</ele>
						<time>2026-09-30T13:06:29Z</time>
					</trkpt>
					<trkpt lat="48.579910" lon="-2.558860">
						<ele>10</ele>
						<time>2026-09-30T13:06:31Z</time>
					</trkpt>
					<trkpt lat="48.579950" lon="-2.558650">
						<ele>10</ele>
						<time>2026-09-30T13:06:34Z</time>
					</trkpt>
					<trkpt lat="48.580130" lon="-2.557970">
						<ele>12</ele>
						<time>2026-09-30T13:06:42Z</time>
					</trkpt>
					<trkpt lat="48.580240" lon="-2.557600">
						<ele>14</ele>
						<time>2026-09-30T13:06:47Z</time>
					</trkpt>
					<trkpt lat="48.580320" lon="-2.557370">
						<ele>15</ele>
						<time>2026-09-30T13:06:50Z</time>
					</trkpt>
					<trkpt lat="48.580600" lon="-2.556730">
						<ele>19</ele>
						<time>2026-09-30T13:06:59Z</time>
					</trkpt>
					<trkpt lat="48.580680" lon="-2.556510">
						<ele>20</ele>
						<time>2026-09-30T13:07:02Z</time>
					</trkpt>
					<trkpt lat="48.580720" lon="-2.556350">
						<ele>20</ele>
						<time>2026-09-30T13:07:04Z</time>
					</trkpt>
					<trkpt lat="48.580830" lon="-2.555900">
						<ele>20</ele>
						<time>2026-09-30T13:07:10Z</time>
					</trkpt>
					<trkpt lat="48.580860" lon="-2.555840">
						<ele>20</ele>
						<time>2026-09-30T13:07:11Z</time>
					</trkpt>
					<trkpt lat="48.580900" lon="-2.555790">
						<ele>19</ele>
						<time>2026-09-30T13:07:12Z</time>
					</trkpt>
					<trkpt lat="48.580880" lon="-2.555750">
						<ele>20</ele>
						<time>2026-09-30T13:07:12Z</time>
					</trkpt>
					<trkpt lat="48.580870" lon="-2.555700">
						<ele>20</ele>
						<time>2026-09-30T13:07:13Z</time>
					</trkpt>
					<trkpt lat="48.580870" lon="-2.555650">
						<ele>19</ele>
						<time>2026-09-30T13:07:13Z</time>
					</trkpt>
					<trkpt lat="48.580880" lon="-2.555610">
						<ele>19</ele>
						<time>2026-09-30T13:07:14Z</time>
					</trkpt>
					<trkpt lat="48.580900" lon="-2.555560">
						<ele>19</ele>
						<time>2026-09-30T13:07:15Z</time>
					</trkpt>
					<trkpt lat="48.580930" lon="-2.555530">
						<ele>19</ele>
						<time>2026-09-30T13:07:15Z</time>
					</trkpt>
					<trkpt lat="48.580960" lon="-2.555520">
						<ele>19</ele>
						<time>2026-09-30T13:07:16Z</time>
					</trkpt>
					<trkpt lat="48.580970" lon="-2.555370">
						<ele>18</ele>
						<time>2026-09-30T13:07:17Z</time>
					</trkpt>
					<trkpt lat="48.580980" lon="-2.555270">
						<ele>18</ele>
						<time>2026-09-30T13:07:19Z</time>
					</trkpt>
					<trkpt lat="48.581000" lon="-2.555180">
						<ele>18</ele>
						<time>2026-09-30T13:07:20Z</time>
					</trkpt>
					<trkpt lat="48.581020" lon="-2.555100">
						<ele>18</ele>
						<time>2026-09-30T13:07:21Z</time>
					</trkpt>
					<trkpt lat="48.581030" lon="-2.555060">
						<ele>18</ele>
						<time>2026-09-30T13:07:21Z</time>
					</trkpt>
					<trkpt lat="48.581110" lon="-2.554830">
						<ele>18</ele>
						<time>2026-09-30T13:07:24Z</time>
					</trkpt>
					<trkpt lat="48.581200" lon="-2.554430">
						<ele>18</ele>
						<time>2026-09-30T13:07:29Z</time>
					</trkpt>
					<trkpt lat="48.581260" lon="-2.554170">
						<ele>18</ele>
						<time>2026-09-30T13:07:33Z</time>
					</trkpt>
					<trkpt lat="48.581320" lon="-2.554030">
						<ele>18</ele>
						<time>2026-09-30T13:07:35Z</time>
					</trkpt>
					<trkpt lat="48.581510" lon="-2.553630">
						<ele>19</ele>
						<time>2026-09-30T13:07:40Z</time>
					</trkpt>
					<trkpt lat="48.581570" lon="-2.553490">
						<ele>19</ele>
						<time>2026-09-30T13:07:42Z</time>
					</trkpt>
					<trkpt lat="48.581810" lon="-2.552820">
						<ele>22</ele>
						<time>2026-09-30T13:07:51Z</time>
					</trkpt>
					<trkpt lat="48.581800" lon="-2.552800">
						<ele>22</ele>
						<time>2026-09-30T13:07:52Z</time>
					</trkpt>
					<trkpt lat="48.581810" lon="-2.552820">
						<ele>22</ele>
						<time>2026-09-30T13:07:52Z</time>
					</trkpt>
					<trkpt lat="48.581880" lon="-2.552710">
						<ele>22</ele>
						<time>2026-09-30T13:07:54Z</time>
					</trkpt>
					<trkpt lat="48.582080" lon="-2.552440">
						<ele>24</ele>
						<time>2026-09-30T13:07:58Z</time>
					</trkpt>
					<trkpt lat="48.582290" lon="-2.552230">
						<ele>24</ele>
						<time>2026-09-30T13:08:03Z</time>
					</trkpt>
					<trkpt lat="48.582450" lon="-2.552070">
						<ele>25</ele>
						<time>2026-09-30T13:08:06Z</time>
					</trkpt>
					<trkpt lat="48.582650" lon="-2.551900">
						<ele>25</ele>
						<time>2026-09-30T13:08:10Z</time>
					</trkpt>
					<trkpt lat="48.582710" lon="-2.551810">
						<ele>24</ele>
						<time>2026-09-30T13:08:12Z</time>
					</trkpt>
					<trkpt lat="48.582770" lon="-2.551660">
						<ele>24</ele>
						<time>2026-09-30T13:08:14Z</time>
					</trkpt>
					<trkpt lat="48.582880" lon="-2.551340">
						<ele>24</ele>
						<time>2026-09-30T13:08:18Z</time>
					</trkpt>
					<trkpt lat="48.583080" lon="-2.550850">
						<ele>23</ele>
						<time>2026-09-30T13:08:25Z</time>
					</trkpt>
					<trkpt lat="48.583210" lon="-2.550590">
						<ele>23</ele>
						<time>2026-09-30T13:08:29Z</time>
					</trkpt>
					<trkpt lat="48.583310" lon="-2.550460">
						<ele>22</ele>
						<time>2026-09-30T13:08:31Z</time>
					</trkpt>
					<trkpt lat="48.583570" lon="-2.550130">
						<ele>21</ele>
						<time>2026-09-30T13:08:37Z</time>
					</trkpt>
					<trkpt lat="48.583760" lon="-2.549820">
						<ele>21</ele>
						<time>2026-09-30T13:08:42Z</time>
					</trkpt>
					<trkpt lat="48.583910" lon="-2.549490">
						<ele>21</ele>
						<time>2026-09-30T13:08:47Z</time>
					</trkpt>
					<trkpt lat="48.584020" lon="-2.549310">
						<ele>20</ele>
						<time>2026-09-30T13:08:50Z</time>
					</trkpt>
					<trkpt lat="48.584180" lon="-2.548940">
						<ele>20</ele>
						<time>2026-09-30T13:08:55Z</time>
					</trkpt>
					<trkpt lat="48.584360" lon="-2.548410">
						<ele>21</ele>
						<time>2026-09-30T13:09:02Z</time>
					</trkpt>
					<trkpt lat="48.584380" lon="-2.548370">
						<ele>21</ele>
						<time>2026-09-30T13:09:03Z</time>
					</trkpt>
					<trkpt lat="48.584560" lon="-2.547730">
						<ele>21</ele>
						<time>2026-09-30T13:09:11Z</time>
					</trkpt>
					<trkpt lat="48.584770" lon="-2.546810">
						<ele>21</ele>
						<time>2026-09-30T13:09:22Z</time>
					</trkpt>
					<trkpt lat="48.584830" lon="-2.546640">
						<ele>21</ele>
						<time>2026-09-30T13:09:24Z</time>
					</trkpt>
					<trkpt lat="48.584880" lon="-2.546570">
						<ele>21</ele>
						<time>2026-09-30T13:09:26Z</time>
					</trkpt>
					<trkpt lat="48.584900" lon="-2.546460">
						<ele>21</ele>
						<time>2026-09-30T13:09:27Z</time>
					</trkpt>
					<trkpt lat="48.585280" lon="-2.545530">
						<ele>25</ele>
						<time>2026-09-30T13:09:40Z</time>
					</trkpt>
					<trkpt lat="48.585450" lon="-2.544930">
						<ele>30</ele>
						<time>2026-09-30T13:09:48Z</time>
					</trkpt>
					<trkpt lat="48.585470" lon="-2.544710">
						<ele>32</ele>
						<time>2026-09-30T13:09:50Z</time>
					</trkpt>
					<trkpt lat="48.585450" lon="-2.544540">
						<ele>33</ele>
						<time>2026-09-30T13:09:52Z</time>
					</trkpt>
					<trkpt lat="48.585420" lon="-2.544410">
						<ele>34</ele>
						<time>2026-09-30T13:09:54Z</time>
					</trkpt>
					<trkpt lat="48.585340" lon="-2.544240">
						<ele>36</ele>
						<time>2026-09-30T13:09:56Z</time>
					</trkpt>
					<trkpt lat="48.585320" lon="-2.544180">
						<ele>37</ele>
						<time>2026-09-30T13:09:57Z</time>
					</trkpt>
					<trkpt lat="48.585300" lon="-2.544090">
						<ele>38</ele>
						<time>2026-09-30T13:09:58Z</time>
					</trkpt>
					<trkpt lat="48.585260" lon="-2.543980">
						<ele>39</ele>
						<time>2026-09-30T13:10:00Z</time>
					</trkpt>
					<trkpt lat="48.585240" lon="-2.543920">
						<ele>39</ele>
						<time>2026-09-30T13:10:01Z</time>
					</trkpt>
					<trkpt lat="48.585220" lon="-2.543780">
						<ele>40</ele>
						<time>2026-09-30T13:10:02Z</time>
					</trkpt>
					<trkpt lat="48.585210" lon="-2.543430">
						<ele>43</ele>
						<time>2026-09-30T13:10:06Z</time>
					</trkpt>
					<trkpt lat="48.585190" lon="-2.542900">
						<ele>47</ele>
						<time>2026-09-30T13:10:13Z</time>
					</trkpt>
					<trkpt lat="48.585150" lon="-2.542550">
						<ele>50</ele>
						<time>2026-09-30T13:10:17Z</time>
					</trkpt>
					<trkpt lat="48.585090" lon="-2.542190">
						<ele>51</ele>
						<time>2026-09-30T13:10:21Z</time>
					</trkpt>
					<trkpt lat="48.585040" lon="-2.541960">
						<ele>52</ele>
						<time>2026-09-30T13:10:24Z</time>
					</trkpt>
					<trkpt lat="48.585040" lon="-2.541870">
						<ele>52</ele>
						<time>2026-09-30T13:10:25Z</time>
					</trkpt>
					<trkpt lat="48.585040" lon="-2.541790">
						<ele>53</ele>
						<time>2026-09-30T13:10:26Z</time>
					</trkpt>
					<trkpt lat="48.585050" lon="-2.541750">
						<ele>53</ele>
						<time>2026-09-30T13:10:26Z</time>
					</trkpt>
					<trkpt lat="48.584980" lon="-2.541660">
						<ele>53</ele>
						<time>2026-09-30T13:10:28Z</time>
					</trkpt>
					<trkpt lat="48.584950" lon="-2.541550">
						<ele>54</ele>
						<time>2026-09-30T13:10:29Z</time>
					</trkpt>
					<trkpt lat="48.584910" lon="-2.541000">
						<ele>55</ele>
						<time>2026-09-30T13:10:36Z</time>
					</trkpt>
					<trkpt lat="48.584890" lon="-2.540890">
						<ele>56</ele>
						<time>2026-09-30T13:10:37Z</time>
					</trkpt>
					<trkpt lat="48.584830" lon="-2.540380">
						<ele>56</ele>
						<time>2026-09-30T13:10:43Z</time>
					</trkpt>
					<trkpt lat="48.584670" lon="-2.539540">
						<ele>58</ele>
						<time>2026-09-30T13:10:54Z</time>
					</trkpt>
					<trkpt lat="48.584590" lon="-2.539110">
						<ele>59</ele>
						<time>2026-09-30T13:10:59Z</time>
					</trkpt>
					<trkpt lat="48.584580" lon="-2.539030">
						<ele>59</ele>
						<time>2026-09-30T13:11:00Z</time>
					</trkpt>
					<trkpt lat="48.584590" lon="-2.538880">
						<ele>60</ele>
						<time>2026-09-30T13:11:02Z</time>
					</trkpt>
					<trkpt lat="48.584660" lon="-2.537960">
						<ele>61</ele>
						<time>2026-09-30T13:11:13Z</time>
					</trkpt>
					<trkpt lat="48.584690" lon="-2.537980">
						<ele>61</ele>
						<time>2026-09-30T13:11:13Z</time>
					</trkpt>
					<trkpt lat="48.585720" lon="-2.538550">
						<ele>58</ele>
						<time>2026-09-30T13:11:33Z</time>
					</trkpt>
					<trkpt lat="48.586880" lon="-2.539100">
						<ele>56</ele>
						<time>2026-09-30T13:11:54Z</time>
					</trkpt>
					<trkpt lat="48.587300" lon="-2.539300">
						<ele>55</ele>
						<time>2026-09-30T13:12:02Z</time>
					</trkpt>
					<trkpt lat="48.587480" lon="-2.539360">
						<ele>55</ele>
						<time>2026-09-30T13:12:05Z</time>
					</trkpt>
					<trkpt lat="48.587490" lon="-2.539360">
						<ele>55</ele>
						<time>2026-09-30T13:12:06Z</time>
					</trkpt>
					<trkpt lat="48.587480" lon="-2.539360">
						<ele>55</ele>
						<time>2026-09-30T13:12:06Z</time>
					</trkpt>
					<trkpt lat="48.587510" lon="-2.538590">
						<ele>55</ele>
						<time>2026-09-30T13:12:15Z</time>
					</trkpt>
					<trkpt lat="48.587540" lon="-2.538550">
						<ele>55</ele>
						<time>2026-09-30T13:12:16Z</time>
					</trkpt>
					<trkpt lat="48.587560" lon="-2.537970">
						<ele>56</ele>
						<time>2026-09-30T13:12:22Z</time>
					</trkpt>
					<trkpt lat="48.587570" lon="-2.537620">
						<ele>56</ele>
						<time>2026-09-30T13:12:27Z</time>
					</trkpt>
					<trkpt lat="48.587660" lon="-2.535240">
						<ele>55</ele>
						<time>2026-09-30T13:12:55Z</time>
					</trkpt>
					<trkpt lat="48.587710" lon="-2.533760">
						<ele>54</ele>
						<time>2026-09-30T13:13:12Z</time>
					</trkpt>
					<trkpt lat="48.587780" lon="-2.532650">
						<ele>54</ele>
						<time>2026-09-30T13:13:25Z</time>
					</trkpt>
					<trkpt lat="48.587810" lon="-2.532370">
						<ele>54</ele>
						<time>2026-09-30T13:13:29Z</time>
					</trkpt>
					<trkpt lat="48.587870" lon="-2.532330">
						<ele>54</ele>
						<time>2026-09-30T13:13:30Z</time>
					</trkpt>
					<trkpt lat="48.587900" lon="-2.532230">
						<ele>54</ele>
						<time>2026-09-30T13:13:31Z</time>
					</trkpt>
					<trkpt lat="48.587900" lon="-2.532110">
						<ele>54</ele>
						<time>2026-09-30T13:13:32Z</time>
					</trkpt>
					<trkpt lat="48.587880" lon="-2.532040">
						<ele>53</ele>
						<time>2026-09-30T13:13:33Z</time>
					</trkpt>
					<trkpt lat="48.587840" lon="-2.532010">
						<ele>53</ele>
						<time>2026-09-30T13:13:34Z</time>
					</trkpt>
					<trkpt lat="48.587830" lon="-2.532000">
						<ele>53</ele>
						<time>2026-09-30T13:13:34Z</time>
					</trkpt>
					<trkpt lat="48.587880" lon="-2.531860">
						<ele>53</ele>
						<time>2026-09-30T13:13:36Z</time>
					</trkpt>
					<trkpt lat="48.587940" lon="-2.531700">
						<ele>53</ele>
						<time>2026-09-30T13:13:38Z</time>
					</trkpt>
					<trkpt lat="48.588100" lon="-2.531170">
						<ele>53</ele>
						<time>2026-09-30T13:13:45Z</time>
					</trkpt>
					<trkpt lat="48.588180" lon="-2.530630">
						<ele>54</ele>
						<time>2026-09-30T13:13:52Z</time>
					</trkpt>
					<trkpt lat="48.588280" lon="-2.530250">
						<ele>55</ele>
						<time>2026-09-30T13:13:57Z</time>
					</trkpt>
					<trkpt lat="48.588420" lon="-2.529800">
						<ele>57</ele>
						<time>2026-09-30T13:14:02Z</time>
					</trkpt>
					<trkpt lat="48.588460" lon="-2.529600">
						<ele>58</ele>
						<time>2026-09-30T13:14:05Z</time>
					</trkpt>
					<trkpt lat="48.588490" lon="-2.529380">
						<ele>58</ele>
						<time>2026-09-30T13:14:07Z</time>
					</trkpt>
					<trkpt lat="48.588510" lon="-2.529130">
						<ele>58</ele>
						<time>2026-09-30T13:14:10Z</time>
					</trkpt>
					<trkpt lat="48.588550" lon="-2.528770">
						<ele>59</ele>
						<time>2026-09-30T13:14:15Z</time>
					</trkpt>
					<trkpt lat="48.588620" lon="-2.528400">
						<ele>59</ele>
						<time>2026-09-30T13:14:19Z</time>
					</trkpt>
					<trkpt lat="48.588680" lon="-2.528200">
						<ele>59</ele>
						<time>2026-09-30T13:14:22Z</time>
					</trkpt>
					<trkpt lat="48.588770" lon="-2.528040">
						<ele>59</ele>
						<time>2026-09-30T13:14:24Z</time>
					</trkpt>
					<trkpt lat="48.588890" lon="-2.527880">
						<ele>60</ele>
						<time>2026-09-30T13:14:27Z</time>
					</trkpt>
					<trkpt lat="48.589090" lon="-2.527680">
						<ele>60</ele>
						<time>2026-09-30T13:14:31Z</time>
					</trkpt>
					<trkpt lat="48.589330" lon="-2.527520">
						<ele>60</ele>
						<time>2026-09-30T13:14:36Z</time>
					</trkpt>
					<trkpt lat="48.589710" lon="-2.527290">
						<ele>61</ele>
						<time>2026-09-30T13:14:43Z</time>
					</trkpt>
					<trkpt lat="48.590220" lon="-2.527010">
						<ele>61</ele>
						<time>2026-09-30T13:14:53Z</time>
					</trkpt>
					<trkpt lat="48.590470" lon="-2.526840">
						<ele>61</ele>
						<time>2026-09-30T13:14:58Z</time>
					</trkpt>
					<trkpt lat="48.590700" lon="-2.526650">
						<ele>60</ele>
						<time>2026-09-30T13:15:03Z</time>
					</trkpt>
					<trkpt lat="48.590890" lon="-2.526430">
						<ele>60</ele>
						<time>2026-09-30T13:15:07Z</time>
					</trkpt>
					<trkpt lat="48.591240" lon="-2.525920">
						<ele>58</ele>
						<time>2026-09-30T13:15:16Z</time>
					</trkpt>
					<trkpt lat="48.591560" lon="-2.525430">
						<ele>56</ele>
						<time>2026-09-30T13:15:24Z</time>
					</trkpt>
					<trkpt lat="48.591710" lon="-2.525240">
						<ele>55</ele>
						<time>2026-09-30T13:15:27Z</time>
					</trkpt>
					<trkpt lat="48.591890" lon="-2.524880">
						<ele>53</ele>
						<time>2026-09-30T13:15:32Z</time>
					</trkpt>
					<trkpt lat="48.592260" lon="-2.523820">
						<ele>50</ele>
						<time>2026-09-30T13:15:47Z</time>
					</trkpt>
					<trkpt lat="48.592620" lon="-2.522480">
						<ele>48</ele>
						<time>2026-09-30T13:16:04Z</time>
					</trkpt>
					<trkpt lat="48.592750" lon="-2.521850">
						<ele>46</ele>
						<time>2026-09-30T13:16:11Z</time>
					</trkpt>
					<trkpt lat="48.592840" lon="-2.521340">
						<ele>47</ele>
						<time>2026-09-30T13:16:18Z</time>
					</trkpt>
					<trkpt lat="48.592920" lon="-2.520750">
						<ele>47</ele>
						<time>2026-09-30T13:16:25Z</time>
					</trkpt>
					<trkpt lat="48.592970" lon="-2.520270">
						<ele>47</ele>
						<time>2026-09-30T13:16:30Z</time>
					</trkpt>
					<trkpt lat="48.592990" lon="-2.520050">
						<ele>46</ele>
						<time>2026-09-30T13:16:33Z</time>
					</trkpt>
					<trkpt lat="48.593000" lon="-2.519580">
						<ele>44</ele>
						<time>2026-09-30T13:16:38Z</time>
					</trkpt>
					<trkpt lat="48.592980" lon="-2.518470">
						<ele>42</ele>
						<time>2026-09-30T13:16:52Z</time>
					</trkpt>
					<trkpt lat="48.593070" lon="-2.517720">
						<ele>41</ele>
						<time>2026-09-30T13:17:00Z</time>
					</trkpt>
					<trkpt lat="48.593100" lon="-2.517240">
						<ele>40</ele>
						<time>2026-09-30T13:17:06Z</time>
					</trkpt>
					<trkpt lat="48.593120" lon="-2.517040">
						<ele>39</ele>
						<time>2026-09-30T13:17:09Z</time>
					</trkpt>
					<trkpt lat="48.593160" lon="-2.516560">
						<ele>38</ele>
						<time>2026-09-30T13:17:14Z</time>
					</trkpt>
					<trkpt lat="48.593200" lon="-2.516100">
						<ele>39</ele>
						<time>2026-09-30T13:17:20Z</time>
					</trkpt>
					<trkpt lat="48.593260" lon="-2.515810">
						<ele>39</ele>
						<time>2026-09-30T13:17:23Z</time>
					</trkpt>
					<trkpt lat="48.593340" lon="-2.515600">
						<ele>39</ele>
						<time>2026-09-30T13:17:26Z</time>
					</trkpt>
					<trkpt lat="48.593430" lon="-2.515460">
						<ele>39</ele>
						<time>2026-09-30T13:17:28Z</time>
					</trkpt>
					<trkpt lat="48.593530" lon="-2.515340">
						<ele>39</ele>
						<time>2026-09-30T13:17:31Z</time>
					</trkpt>
					<trkpt lat="48.593670" lon="-2.515210">
						<ele>39</ele>
						<time>2026-09-30T13:17:34Z</time>
					</trkpt>
					<trkpt lat="48.593770" lon="-2.515150">
						<ele>39</ele>
						<time>2026-09-30T13:17:36Z</time>
					</trkpt>
					<trkpt lat="48.594270" lon="-2.514970">
						<ele>38</ele>
						<time>2026-09-30T13:17:45Z</time>
					</trkpt>
					<trkpt lat="48.594400" lon="-2.514870">
						<ele>39</ele>
						<time>2026-09-30T13:17:47Z</time>
					</trkpt>
					<trkpt lat="48.594520" lon="-2.514660">
						<ele>40</ele>
						<time>2026-09-30T13:17:51Z</time>
					</trkpt>
					<trkpt lat="48.594710" lon="-2.514180">
						<ele>41</ele>
						<time>2026-09-30T13:17:57Z</time>
					</trkpt>
					<trkpt lat="48.594920" lon="-2.513860">
						<ele>43</ele>
						<time>2026-09-30T13:18:02Z</time>
					</trkpt>
					<trkpt lat="48.595050" lon="-2.513750">
						<ele>44</ele>
						<time>2026-09-30T13:18:05Z</time>
					</trkpt>
					<trkpt lat="48.595580" lon="-2.513480">
						<ele>50</ele>
						<time>2026-09-30T13:18:15Z</time>
					</trkpt>
					<trkpt lat="48.595590" lon="-2.513430">
						<ele>50</ele>
						<time>2026-09-30T13:18:16Z</time>
					</trkpt>
					<trkpt lat="48.595580" lon="-2.513480">
						<ele>50</ele>
						<time>2026-09-30T13:18:16Z</time>
					</trkpt>
					<trkpt lat="48.595780" lon="-2.513270">
						<ele>52</ele>
						<time>2026-09-30T13:18:21Z</time>
					</trkpt>
					<trkpt lat="48.595980" lon="-2.512920">
						<ele>55</ele>
						<time>2026-09-30T13:18:26Z</time>
					</trkpt>
					<trkpt lat="48.596380" lon="-2.511900">
						<ele>60</ele>
						<time>2026-09-30T13:18:40Z</time>
					</trkpt>
					<trkpt lat="48.596520" lon="-2.511690">
						<ele>60</ele>
						<time>2026-09-30T13:18:44Z</time>
					</trkpt>
					<trkpt lat="48.596960" lon="-2.511180">
						<ele>61</ele>
						<time>2026-09-30T13:18:53Z</time>
					</trkpt>
					<trkpt lat="48.597330" lon="-2.510550">
						<ele>63</ele>
						<time>2026-09-30T13:19:03Z</time>
					</trkpt>
					<trkpt lat="48.597390" lon="-2.510470">
						<ele>63</ele>
						<time>2026-09-30T13:19:05Z</time>
					</trkpt>
					<trkpt lat="48.597430" lon="-2.510440">
						<ele>63</ele>
						<time>2026-09-30T13:19:05Z</time>
					</trkpt>
					<trkpt lat="48.597440" lon="-2.510440">
						<ele>63</ele>
						<time>2026-09-30T13:19:06Z</time>
					</trkpt>
					<trkpt lat="48.597470" lon="-2.510410">
						<ele>63</ele>
						<time>2026-09-30T13:19:06Z</time>
					</trkpt>
					<trkpt lat="48.597710" lon="-2.510350">
						<ele>63</ele>
						<time>2026-09-30T13:19:11Z</time>
					</trkpt>
					<trkpt lat="48.598230" lon="-2.510300">
						<ele>63</ele>
						<time>2026-09-30T13:19:20Z</time>
					</trkpt>
					<trkpt lat="48.598370" lon="-2.510240">
						<ele>63</ele>
						<time>2026-09-30T13:19:23Z</time>
					</trkpt>
					<trkpt lat="48.598440" lon="-2.510200">
						<ele>63</ele>
						<time>2026-09-30T13:19:24Z</time>
					</trkpt>
					<trkpt lat="48.598610" lon="-2.510020">
						<ele>62</ele>
						<time>2026-09-30T13:19:28Z</time>
					</trkpt>
					<trkpt lat="48.598760" lon="-2.509840">
						<ele>61</ele>
						<time>2026-09-30T13:19:31Z</time>
					</trkpt>
					<trkpt lat="48.598930" lon="-2.509560">
						<ele>61</ele>
						<time>2026-09-30T13:19:35Z</time>
					</trkpt>
					<trkpt lat="48.599160" lon="-2.508860">
						<ele>60</ele>
						<time>2026-09-30T13:19:45Z</time>
					</trkpt>
					<trkpt lat="48.599350" lon="-2.508380">
						<ele>59</ele>
						<time>2026-09-30T13:19:51Z</time>
					</trkpt>
					<trkpt lat="48.599500" lon="-2.508080">
						<ele>59</ele>
						<time>2026-09-30T13:19:56Z</time>
					</trkpt>
					<trkpt lat="48.599720" lon="-2.507820">
						<ele>59</ele>
						<time>2026-09-30T13:20:01Z</time>
					</trkpt>
					<trkpt lat="48.599960" lon="-2.507610">
						<ele>58</ele>
						<time>2026-09-30T13:20:06Z</time>
					</trkpt>
					<trkpt lat="48.600380" lon="-2.507240">
						<ele>58</ele>
						<time>2026-09-30T13:20:14Z</time>
					</trkpt>
					<trkpt lat="48.600550" lon="-2.507080">
						<ele>58</ele>
						<time>2026-09-30T13:20:18Z</time>
					</trkpt>
					<trkpt lat="48.600690" lon="-2.506940">
						<ele>58</ele>
						<time>2026-09-30T13:20:21Z</time>
					</trkpt>
					<trkpt lat="48.600950" lon="-2.506600">
						<ele>57</ele>
						<time>2026-09-30T13:20:27Z</time>
					</trkpt>
					<trkpt lat="48.601110" lon="-2.506300">
						<ele>56</ele>
						<time>2026-09-30T13:20:31Z</time>
					</trkpt>
					<trkpt lat="48.601140" lon="-2.506250">
						<ele>56</ele>
						<time>2026-09-30T13:20:32Z</time>
					</trkpt>
					<trkpt lat="48.601210" lon="-2.506090">
						<ele>56</ele>
						<time>2026-09-30T13:20:34Z</time>
					</trkpt>
					<trkpt lat="48.601270" lon="-2.505970">
						<ele>55</ele>
						<time>2026-09-30T13:20:36Z</time>
					</trkpt>
					<trkpt lat="48.601380" lon="-2.505660">
						<ele>54</ele>
						<time>2026-09-30T13:20:40Z</time>
					</trkpt>
					<trkpt lat="48.601380" lon="-2.505650">
						<ele>54</ele>
						<time>2026-09-30T13:20:40Z</time>
					</trkpt>
					<trkpt lat="48.601500" lon="-2.505320">
						<ele>52</ele>
						<time>2026-09-30T13:20:45Z</time>
					</trkpt>
					<trkpt lat="48.601730" lon="-2.504720">
						<ele>49</ele>
						<time>2026-09-30T13:20:53Z</time>
					</trkpt>
					<trkpt lat="48.601770" lon="-2.504640">
						<ele>49</ele>
						<time>2026-09-30T13:20:54Z</time>
					</trkpt>
					<trkpt lat="48.601860" lon="-2.504430">
						<ele>48</ele>
						<time>2026-09-30T13:20:57Z</time>
					</trkpt>
					<trkpt lat="48.601890" lon="-2.504360">
						<ele>48</ele>
						<time>2026-09-30T13:20:58Z</time>
					</trkpt>
					<trkpt lat="48.602150" lon="-2.503930">
						<ele>45</ele>
						<time>2026-09-30T13:21:05Z</time>
					</trkpt>
					<trkpt lat="48.602350" lon="-2.503650">
						<ele>44</ele>
						<time>2026-09-30T13:21:10Z</time>
					</trkpt>
					<trkpt lat="48.602430" lon="-2.503560">
						<ele>43</ele>
						<time>2026-09-30T13:21:12Z</time>
					</trkpt>
					<trkpt lat="48.602630" lon="-2.503300">
						<ele>41</ele>
						<time>2026-09-30T13:21:16Z</time>
					</trkpt>
					<trkpt lat="48.602910" lon="-2.502880">
						<ele>40</ele>
						<time>2026-09-30T13:21:23Z</time>
					</trkpt>
					<trkpt lat="48.603020" lon="-2.502730">
						<ele>40</ele>
						<time>2026-09-30T13:21:26Z</time>
					</trkpt>
					<trkpt lat="48.603140" lon="-2.502640">
						<ele>40</ele>
						<time>2026-09-30T13:21:28Z</time>
					</trkpt>
					<trkpt lat="48.603150" lon="-2.502630">
						<ele>40</ele>
						<time>2026-09-30T13:21:29Z</time>
					</trkpt>
					<trkpt lat="48.603200" lon="-2.502620">
						<ele>40</ele>
						<time>2026-09-30T13:21:29Z</time>
					</trkpt>
					<trkpt lat="48.603280" lon="-2.502630">
						<ele>40</ele>
						<time>2026-09-30T13:21:31Z</time>
					</trkpt>
					<trkpt lat="48.603460" lon="-2.502690">
						<ele>39</ele>
						<time>2026-09-30T13:21:34Z</time>
					</trkpt>
					<trkpt lat="48.603700" lon="-2.502820">
						<ele>37</ele>
						<time>2026-09-30T13:21:39Z</time>
					</trkpt>
					<trkpt lat="48.603930" lon="-2.502920">
						<ele>35</ele>
						<time>2026-09-30T13:21:43Z</time>
					</trkpt>
					<trkpt lat="48.604090" lon="-2.502920">
						<ele>33</ele>
						<time>2026-09-30T13:21:46Z</time>
					</trkpt>
					<trkpt lat="48.604180" lon="-2.502880">
						<ele>32</ele>
						<time>2026-09-30T13:21:47Z</time>
					</trkpt>
					<trkpt lat="48.604280" lon="-2.502770">
						<ele>31</ele>
						<time>2026-09-30T13:21:50Z</time>
					</trkpt>
					<trkpt lat="48.604430" lon="-2.502570">
						<ele>30</ele>
						<time>2026-09-30T13:21:53Z</time>
					</trkpt>
					<trkpt lat="48.605770" lon="-2.500390">
						<ele>12</ele>
						<time>2026-09-30T13:22:28Z</time>
					</trkpt>
					<trkpt lat="48.606120" lon="-2.499800">
						<ele>8</ele>
						<time>2026-09-30T13:22:38Z</time>
					</trkpt>
					<trkpt lat="48.606160" lon="-2.499730">
						<ele>8</ele>
						<time>2026-09-30T13:22:39Z</time>
					</trkpt>
					<trkpt lat="48.606400" lon="-2.499440">
						<ele>7</ele>
						<time>2026-09-30T13:22:44Z</time>
					</trkpt>
					<trkpt lat="48.606440" lon="-2.499400">
						<ele>7</ele>
						<time>2026-09-30T13:22:45Z</time>
					</trkpt>
					<trkpt lat="48.606940" lon="-2.498870">
						<ele>5</ele>
						<time>2026-09-30T13:22:56Z</time>
					</trkpt>
					<trkpt lat="48.607110" lon="-2.498650">
						<ele>5</ele>
						<time>2026-09-30T13:23:00Z</time>
					</trkpt>
					<trkpt lat="48.607210" lon="-2.498460">
						<ele>5</ele>
						<time>2026-09-30T13:23:03Z</time>
					</trkpt>
					<trkpt lat="48.607250" lon="-2.498370">
						<ele>5</ele>
						<time>2026-09-30T13:23:04Z</time>
					</trkpt>
					<trkpt lat="48.607450" lon="-2.497800">
						<ele>5</ele>
						<time>2026-09-30T13:23:12Z</time>
					</trkpt>
					<trkpt lat="48.607560" lon="-2.497530">
						<ele>6</ele>
						<time>2026-09-30T13:23:15Z</time>
					</trkpt>
					<trkpt lat="48.607580" lon="-2.497510">
						<ele>5</ele>
						<time>2026-09-30T13:23:16Z</time>
					</trkpt>
					<trkpt lat="48.607600" lon="-2.497480">
						<ele>5</ele>
						<time>2026-09-30T13:23:16Z</time>
					</trkpt>
					<trkpt lat="48.607680" lon="-2.497390">
						<ele>5</ele>
						<time>2026-09-30T13:23:18Z</time>
					</trkpt>
					<trkpt lat="48.607750" lon="-2.497290">
						<ele>4</ele>
						<time>2026-09-30T13:23:20Z</time>
					</trkpt>
					<trkpt lat="48.607810" lon="-2.497170">
						<ele>4</ele>
						<time>2026-09-30T13:23:21Z</time>
					</trkpt>
					<trkpt lat="48.608190" lon="-2.496300">
						<ele>4</ele>
						<time>2026-09-30T13:23:34Z</time>
					</trkpt>
					<trkpt lat="48.608670" lon="-2.495260">
						<ele>5</ele>
						<time>2026-09-30T13:23:49Z</time>
					</trkpt>
					<trkpt lat="48.609170" lon="-2.494200">
						<ele>6</ele>
						<time>2026-09-30T13:24:04Z</time>
					</trkpt>
					<trkpt lat="48.609230" lon="-2.494020">
						<ele>6</ele>
						<time>2026-09-30T13:24:06Z</time>
					</trkpt>
					<trkpt lat="48.609260" lon="-2.493900">
						<ele>6</ele>
						<time>2026-09-30T13:24:08Z</time>
					</trkpt>
					<trkpt lat="48.609240" lon="-2.493670">
						<ele>7</ele>
						<time>2026-09-30T13:24:11Z</time>
					</trkpt>
					<trkpt lat="48.609200" lon="-2.493480">
						<ele>8</ele>
						<time>2026-09-30T13:24:13Z</time>
					</trkpt>
					<trkpt lat="48.609250" lon="-2.493510">
						<ele>7</ele>
						<time>2026-09-30T13:24:14Z</time>
					</trkpt>
					<trkpt lat="48.609410" lon="-2.493600">
						<ele>7</ele>
						<time>2026-09-30T13:24:17Z</time>
					</trkpt>
					<trkpt lat="48.609260" lon="-2.493900">
						<ele>6</ele>
						<time>2026-09-30T13:24:21Z</time>
					</trkpt>
					<trkpt lat="48.609240" lon="-2.493670">
						<ele>7</ele>
						<time>2026-09-30T13:24:24Z</time>
					</trkpt>
					<trkpt lat="48.609200" lon="-2.493480">
						<ele>8</ele>
						<time>2026-09-30T13:24:26Z</time>
					</trkpt>
					<trkpt lat="48.609040" lon="-2.493410">
						<ele>8</ele>
						<time>2026-09-30T13:24:29Z</time>
					</trkpt>
					<trkpt lat="48.608310" lon="-2.493180">
						<ele>11</ele>
						<time>2026-09-30T13:24:43Z</time>
					</trkpt>
					<trkpt lat="48.608120" lon="-2.493110">
						<ele>12</ele>
						<time>2026-09-30T13:24:46Z</time>
					</trkpt>
					<trkpt lat="48.607950" lon="-2.493090">
						<ele>12</ele>
						<time>2026-09-30T13:24:49Z</time>
					</trkpt>
					<trkpt lat="48.607600" lon="-2.493140">
						<ele>13</ele>
						<time>2026-09-30T13:24:55Z</time>
					</trkpt>
					<trkpt lat="48.607400" lon="-2.493180">
						<ele>14</ele>
						<time>2026-09-30T13:24:59Z</time>
					</trkpt>
					<trkpt lat="48.607130" lon="-2.493210">
						<ele>16</ele>
						<time>2026-09-30T13:25:04Z</time>
					</trkpt>
					<trkpt lat="48.606940" lon="-2.493220">
						<ele>17</ele>
						<time>2026-09-30T13:25:07Z</time>
					</trkpt>
					<trkpt lat="48.606810" lon="-2.493210">
						<ele>18</ele>
						<time>2026-09-30T13:25:10Z</time>
					</trkpt>
					<trkpt lat="48.606650" lon="-2.493140">
						<ele>21</ele>
						<time>2026-09-30T13:25:13Z</time>
					</trkpt>
					<trkpt lat="48.606220" lon="-2.492650">
						<ele>29</ele>
						<time>2026-09-30T13:25:22Z</time>
					</trkpt>
					<trkpt lat="48.605950" lon="-2.492470">
						<ele>31</ele>
						<time>2026-09-30T13:25:27Z</time>
					</trkpt>
					<trkpt lat="48.605800" lon="-2.492410">
						<ele>33</ele>
						<time>2026-09-30T13:25:30Z</time>
					</trkpt>
					<trkpt lat="48.605640" lon="-2.492380">
						<ele>35</ele>
						<time>2026-09-30T13:25:33Z</time>
					</trkpt>
					<trkpt lat="48.605430" lon="-2.492370">
						<ele>37</ele>
						<time>2026-09-30T13:25:37Z</time>
					</trkpt>
					<trkpt lat="48.605080" lon="-2.492380">
						<ele>39</ele>
						<time>2026-09-30T13:25:43Z</time>
					</trkpt>
					<trkpt lat="48.604960" lon="-2.492360">
						<ele>40</ele>
						<time>2026-09-30T13:25:45Z</time>
					</trkpt>
					<trkpt lat="48.604780" lon="-2.492270">
						<ele>42</ele>
						<time>2026-09-30T13:25:48Z</time>
					</trkpt>
					<trkpt lat="48.604550" lon="-2.492010">
						<ele>43</ele>
						<time>2026-09-30T13:25:54Z</time>
					</trkpt>
					<trkpt lat="48.604500" lon="-2.491950">
						<ele>43</ele>
						<time>2026-09-30T13:25:55Z</time>
					</trkpt>
					<trkpt lat="48.604180" lon="-2.491510">
						<ele>42</ele>
						<time>2026-09-30T13:26:02Z</time>
					</trkpt>
					<trkpt lat="48.603950" lon="-2.491320">
						<ele>43</ele>
						<time>2026-09-30T13:26:07Z</time>
					</trkpt>
					<trkpt lat="48.603810" lon="-2.491240">
						<ele>44</ele>
						<time>2026-09-30T13:26:10Z</time>
					</trkpt>
					<trkpt lat="48.603740" lon="-2.491200">
						<ele>45</ele>
						<time>2026-09-30T13:26:11Z</time>
					</trkpt>
					<trkpt lat="48.603390" lon="-2.491060">
						<ele>47</ele>
						<time>2026-09-30T13:26:17Z</time>
					</trkpt>
					<trkpt lat="48.603260" lon="-2.490960">
						<ele>47</ele>
						<time>2026-09-30T13:26:20Z</time>
					</trkpt>
					<trkpt lat="48.603240" lon="-2.490940">
						<ele>47</ele>
						<time>2026-09-30T13:26:21Z</time>
					</trkpt>
					<trkpt lat="48.602990" lon="-2.490650">
						<ele>48</ele>
						<time>2026-09-30T13:26:26Z</time>
					</trkpt>
					<trkpt lat="48.602870" lon="-2.490550">
						<ele>49</ele>
						<time>2026-09-30T13:26:29Z</time>
					</trkpt>
					<trkpt lat="48.602790" lon="-2.490520">
						<ele>49</ele>
						<time>2026-09-30T13:26:30Z</time>
					</trkpt>
					<trkpt lat="48.602510" lon="-2.490540">
						<ele>49</ele>
						<time>2026-09-30T13:26:35Z</time>
					</trkpt>
					<trkpt lat="48.602210" lon="-2.490470">
						<ele>51</ele>
						<time>2026-09-30T13:26:40Z</time>
					</trkpt>
					<trkpt lat="48.602120" lon="-2.490430">
						<ele>52</ele>
						<time>2026-09-30T13:26:42Z</time>
					</trkpt>
					<trkpt lat="48.602050" lon="-2.490300">
						<ele>52</ele>
						<time>2026-09-30T13:26:44Z</time>
					</trkpt>
					<trkpt lat="48.601810" lon="-2.489810">
						<ele>54</ele>
						<time>2026-09-30T13:26:51Z</time>
					</trkpt>
					<trkpt lat="48.601440" lon="-2.489490">
						<ele>57</ele>
						<time>2026-09-30T13:26:59Z</time>
					</trkpt>
					<trkpt lat="48.601300" lon="-2.489330">
						<ele>59</ele>
						<time>2026-09-30T13:27:02Z</time>
					</trkpt>
					<trkpt lat="48.601230" lon="-2.489300">
						<ele>60</ele>
						<time>2026-09-30T13:27:03Z</time>
					</trkpt>
					<trkpt lat="48.601200" lon="-2.489280">
						<ele>60</ele>
						<time>2026-09-30T13:27:04Z</time>
					</trkpt>
					<trkpt lat="48.601380" lon="-2.488630">
						<ele>60</ele>
						<time>2026-09-30T13:27:12Z</time>
					</trkpt>
					<trkpt lat="48.601610" lon="-2.488000">
						<ele>60</ele>
						<time>2026-09-30T13:27:21Z</time>
					</trkpt>
					<trkpt lat="48.601760" lon="-2.487610">
						<ele>60</ele>
						<time>2026-09-30T13:27:26Z</time>
					</trkpt>
					<trkpt lat="48.601850" lon="-2.487390">
						<ele>60</ele>
						<time>2026-09-30T13:27:29Z</time>
					</trkpt>
					<trkpt lat="48.602450" lon="-2.486100">
						<ele>60</ele>
						<time>2026-09-30T13:27:47Z</time>
					</trkpt>
					<trkpt lat="48.602940" lon="-2.485070">
						<ele>61</ele>
						<time>2026-09-30T13:28:02Z</time>
					</trkpt>
					<trkpt lat="48.603570" lon="-2.483980">
						<ele>63</ele>
						<time>2026-09-30T13:28:19Z</time>
					</trkpt>
					<trkpt lat="48.604210" lon="-2.482760">
						<ele>61</ele>
						<time>2026-09-30T13:28:38Z</time>
					</trkpt>
					<trkpt lat="48.604650" lon="-2.481910">
						<ele>60</ele>
						<time>2026-09-30T13:28:50Z</time>
					</trkpt>
					<trkpt lat="48.604820" lon="-2.481620">
						<ele>59</ele>
						<time>2026-09-30T13:28:55Z</time>
					</trkpt>
					<trkpt lat="48.605250" lon="-2.480990">
						<ele>58</ele>
						<time>2026-09-30T13:29:06Z</time>
					</trkpt>
					<trkpt lat="48.605480" lon="-2.480560">
						<ele>59</ele>
						<time>2026-09-30T13:29:12Z</time>
					</trkpt>
					<trkpt lat="48.605660" lon="-2.480180">
						<ele>59</ele>
						<time>2026-09-30T13:29:18Z</time>
					</trkpt>
					<trkpt lat="48.605870" lon="-2.479630">
						<ele>60</ele>
						<time>2026-09-30T13:29:25Z</time>
					</trkpt>
					<trkpt lat="48.606470" lon="-2.477210">
						<ele>62</ele>
						<time>2026-09-30T13:29:56Z</time>
					</trkpt>
					<trkpt lat="48.606620" lon="-2.476730">
						<ele>63</ele>
						<time>2026-09-30T13:30:02Z</time>
					</trkpt>
					<trkpt lat="48.606890" lon="-2.476220">
						<ele>64</ele>
						<time>2026-09-30T13:30:09Z</time>
					</trkpt>
					<trkpt lat="48.606970" lon="-2.476000">
						<ele>65</ele>
						<time>2026-09-30T13:30:12Z</time>
					</trkpt>
					<trkpt lat="48.607070" lon="-2.475480">
						<ele>65</ele>
						<time>2026-09-30T13:30:19Z</time>
					</trkpt>
					<trkpt lat="48.607130" lon="-2.475280">
						<ele>66</ele>
						<time>2026-09-30T13:30:21Z</time>
					</trkpt>
					<trkpt lat="48.607210" lon="-2.475090">
						<ele>66</ele>
						<time>2026-09-30T13:30:24Z</time>
					</trkpt>
					<trkpt lat="48.607340" lon="-2.474900">
						<ele>66</ele>
						<time>2026-09-30T13:30:27Z</time>
					</trkpt>
					<trkpt lat="48.607480" lon="-2.474720">
						<ele>66</ele>
						<time>2026-09-30T13:30:31Z</time>
					</trkpt>
					<trkpt lat="48.607560" lon="-2.474550">
						<ele>66</ele>
						<time>2026-09-30T13:30:33Z</time>
					</trkpt>
					<trkpt lat="48.607680" lon="-2.474160">
						<ele>67</ele>
						<time>2026-09-30T13:30:38Z</time>
					</trkpt>
					<trkpt lat="48.607770" lon="-2.473740">
						<ele>67</ele>
						<time>2026-09-30T13:30:43Z</time>
					</trkpt>
					<trkpt lat="48.607870" lon="-2.473170">
						<ele>67</ele>
						<time>2026-09-30T13:30:50Z</time>
					</trkpt>
					<trkpt lat="48.607880" lon="-2.473110">
						<ele>66</ele>
						<time>2026-09-30T13:30:51Z</time>
					</trkpt>
					<trkpt lat="48.607940" lon="-2.472840">
						<ele>66</ele>
						<time>2026-09-30T13:30:54Z</time>
					</trkpt>
					<trkpt lat="48.608140" lon="-2.472350">
						<ele>65</ele>
						<time>2026-09-30T13:31:01Z</time>
					</trkpt>
					<trkpt lat="48.608380" lon="-2.471950">
						<ele>64</ele>
						<time>2026-09-30T13:31:07Z</time>
					</trkpt>
					<trkpt lat="48.608870" lon="-2.471160">
						<ele>63</ele>
						<time>2026-09-30T13:31:20Z</time>
					</trkpt>
					<trkpt lat="48.609260" lon="-2.470670">
						<ele>62</ele>
						<time>2026-09-30T13:31:29Z</time>
					</trkpt>
					<trkpt lat="48.609900" lon="-2.469940">
						<ele>62</ele>
						<time>2026-09-30T13:31:43Z</time>
					</trkpt>
					<trkpt lat="48.610070" lon="-2.469670">
						<ele>62</ele>
						<time>2026-09-30T13:31:48Z</time>
					</trkpt>
					<trkpt lat="48.610440" lon="-2.468980">
						<ele>61</ele>
						<time>2026-09-30T13:31:58Z</time>
					</trkpt>
					<trkpt lat="48.610860" lon="-2.467860">
						<ele>61</ele>
						<time>2026-09-30T13:32:13Z</time>
					</trkpt>
					<trkpt lat="48.610860" lon="-2.467850">
						<ele>61</ele>
						<time>2026-09-30T13:32:14Z</time>
					</trkpt>
					<trkpt lat="48.610930" lon="-2.467930">
						<ele>61</ele>
						<time>2026-09-30T13:32:15Z</time>
					</trkpt>
					<trkpt lat="48.611010" lon="-2.468000">
						<ele>61</ele>
						<time>2026-09-30T13:32:17Z</time>
					</trkpt>
					<trkpt lat="48.611270" lon="-2.468130">
						<ele>61</ele>
						<time>2026-09-30T13:32:22Z</time>
					</trkpt>
					<trkpt lat="48.611410" lon="-2.468230">
						<ele>61</ele>
						<time>2026-09-30T13:32:24Z</time>
					</trkpt>
					<trkpt lat="48.611770" lon="-2.468640">
						<ele>60</ele>
						<time>2026-09-30T13:32:32Z</time>
					</trkpt>
					<trkpt lat="48.612060" lon="-2.468860">
						<ele>58</ele>
						<time>2026-09-30T13:32:38Z</time>
					</trkpt>
					<trkpt lat="48.613050" lon="-2.469240">
						<ele>54</ele>
						<time>2026-09-30T13:32:56Z</time>
					</trkpt>
					<trkpt lat="48.613110" lon="-2.469230">
						<ele>53</ele>
						<time>2026-09-30T13:32:57Z</time>
					</trkpt>
					<trkpt lat="48.613140" lon="-2.469200">
						<ele>53</ele>
						<time>2026-09-30T13:32:58Z</time>
					</trkpt>
					<trkpt lat="48.613160" lon="-2.469180">
						<ele>53</ele>
						<time>2026-09-30T13:32:58Z</time>
					</trkpt>
					<trkpt lat="48.613190" lon="-2.469130">
						<ele>53</ele>
						<time>2026-09-30T13:32:59Z</time>
					</trkpt>
					<trkpt lat="48.613220" lon="-2.468370">
						<ele>52</ele>
						<time>2026-09-30T13:33:08Z</time>
					</trkpt>
					<trkpt lat="48.613250" lon="-2.468120">
						<ele>51</ele>
						<time>2026-09-30T13:33:11Z</time>
					</trkpt>
					<trkpt lat="48.613320" lon="-2.468220">
						<ele>51</ele>
						<time>2026-09-30T13:33:13Z</time>
					</trkpt>
					<trkpt lat="48.613920" lon="-2.469070">
						<ele>48</ele>
						<time>2026-09-30T13:33:28Z</time>
					</trkpt>
					<trkpt lat="48.614010" lon="-2.469230">
						<ele>47</ele>
						<time>2026-09-30T13:33:30Z</time>
					</trkpt>
					<trkpt lat="48.614110" lon="-2.469410">
						<ele>46</ele>
						<time>2026-09-30T13:33:33Z</time>
					</trkpt>
					<trkpt lat="48.614190" lon="-2.469600">
						<ele>46</ele>
						<time>2026-09-30T13:33:35Z</time>
					</trkpt>
					<trkpt lat="48.614260" lon="-2.469780">
						<ele>46</ele>
						<time>2026-09-30T13:33:38Z</time>
					</trkpt>
					<trkpt lat="48.614320" lon="-2.470010">
						<ele>45</ele>
						<time>2026-09-30T13:33:41Z</time>
					</trkpt>
					<trkpt lat="48.614370" lon="-2.470230">
						<ele>45</ele>
						<time>2026-09-30T13:33:44Z</time>
					</trkpt>
					<trkpt lat="48.614410" lon="-2.470480">
						<ele>45</ele>
						<time>2026-09-30T13:33:47Z</time>
					</trkpt>
					<trkpt lat="48.614430" lon="-2.470680">
						<ele>44</ele>
						<time>2026-09-30T13:33:49Z</time>
					</trkpt>
					<trkpt lat="48.614450" lon="-2.470860">
						<ele>44</ele>
						<time>2026-09-30T13:33:51Z</time>
					</trkpt>
					<trkpt lat="48.614490" lon="-2.471380">
						<ele>43</ele>
						<time>2026-09-30T13:33:57Z</time>
					</trkpt>
					<trkpt lat="48.614560" lon="-2.471810">
						<ele>41</ele>
						<time>2026-09-30T13:34:02Z</time>
					</trkpt>
					<trkpt lat="48.614600" lon="-2.471990">
						<ele>41</ele>
						<time>2026-09-30T13:34:05Z</time>
					</trkpt>
					<trkpt lat="48.614680" lon="-2.472220">
						<ele>40</ele>
						<time>2026-09-30T13:34:08Z</time>
					</trkpt>
					<trkpt lat="48.614750" lon="-2.472420">
						<ele>39</ele>
						<time>2026-09-30T13:34:10Z</time>
					</trkpt>
					<trkpt lat="48.614830" lon="-2.472600">
						<ele>38</ele>
						<time>2026-09-30T13:34:13Z</time>
					</trkpt>
					<trkpt lat="48.614930" lon="-2.472790">
						<ele>38</ele>
						<time>2026-09-30T13:34:16Z</time>
					</trkpt>
					<trkpt lat="48.615020" lon="-2.472940">
						<ele>38</ele>
						<time>2026-09-30T13:34:18Z</time>
					</trkpt>
					<trkpt lat="48.615100" lon="-2.473090">
						<ele>38</ele>
						<time>2026-09-30T13:34:20Z</time>
					</trkpt>
					<trkpt lat="48.615360" lon="-2.473370">
						<ele>37</ele>
						<time>2026-09-30T13:34:26Z</time>
					</trkpt>
					<trkpt lat="48.615490" lon="-2.473490">
						<ele>37</ele>
						<time>2026-09-30T13:34:29Z</time>
					</trkpt>
					<trkpt lat="48.615630" lon="-2.473600">
						<ele>37</ele>
						<time>2026-09-30T13:34:32Z</time>
					</trkpt>
					<trkpt lat="48.615740" lon="-2.473670">
						<ele>37</ele>
						<time>2026-09-30T13:34:34Z</time>
					</trkpt>
					<trkpt lat="48.615860" lon="-2.473720">
						<ele>37</ele>
						<time>2026-09-30T13:34:36Z</time>
					</trkpt>
					<trkpt lat="48.616150" lon="-2.473820">
						<ele>36</ele>
						<time>2026-09-30T13:34:41Z</time>
					</trkpt>
					<trkpt lat="48.616310" lon="-2.473850">
						<ele>35</ele>
						<time>2026-09-30T13:34:44Z</time>
					</trkpt>
					<trkpt lat="48.616450" lon="-2.473860">
						<ele>34</ele>
						<time>2026-09-30T13:34:47Z</time>
					</trkpt>
					<trkpt lat="48.616590" lon="-2.473850">
						<ele>34</ele>
						<time>2026-09-30T13:34:49Z</time>
					</trkpt>
					<trkpt lat="48.616730" lon="-2.473820">
						<ele>33</ele>
						<time>2026-09-30T13:34:52Z</time>
					</trkpt>
					<trkpt lat="48.616890" lon="-2.473780">
						<ele>31</ele>
						<time>2026-09-30T13:34:55Z</time>
					</trkpt>
					<trkpt lat="48.617030" lon="-2.473720">
						<ele>30</ele>
						<time>2026-09-30T13:34:57Z</time>
					</trkpt>
					<trkpt lat="48.617180" lon="-2.473650">
						<ele>28</ele>
						<time>2026-09-30T13:35:00Z</time>
					</trkpt>
					<trkpt lat="48.618350" lon="-2.473020">
						<ele>21</ele>
						<time>2026-09-30T13:35:22Z</time>
					</trkpt>
					<trkpt lat="48.618330" lon="-2.472960">
						<ele>21</ele>
						<time>2026-09-30T13:35:23Z</time>
					</trkpt>
					<trkpt lat="48.618300" lon="-2.472960">
						<ele>21</ele>
						<time>2026-09-30T13:35:23Z</time>
					</trkpt>
					<trkpt lat="48.618300" lon="-2.472900">
						<ele>22</ele>
						<time>2026-09-30T13:35:24Z</time>
					</trkpt>
					<trkpt lat="48.618320" lon="-2.472840">
						<ele>22</ele>
						<time>2026-09-30T13:35:25Z</time>
					</trkpt>
					<trkpt lat="48.618930" lon="-2.472160">
						<ele>24</ele>
						<time>2026-09-30T13:35:38Z</time>
					</trkpt>
					<trkpt lat="48.619190" lon="-2.471920">
						<ele>24</ele>
						<time>2026-09-30T13:35:44Z</time>
					</trkpt>
					<trkpt lat="48.619410" lon="-2.471680">
						<ele>23</ele>
						<time>2026-09-30T13:35:49Z</time>
					</trkpt>
					<trkpt lat="48.619700" lon="-2.471290">
						<ele>21</ele>
						<time>2026-09-30T13:35:55Z</time>
					</trkpt>
					<trkpt lat="48.619840" lon="-2.471060">
						<ele>20</ele>
						<time>2026-09-30T13:35:59Z</time>
					</trkpt>
					<trkpt lat="48.620520" lon="-2.469960">
						<ele>25</ele>
						<time>2026-09-30T13:36:17Z</time>
					</trkpt>
					<trkpt lat="48.620860" lon="-2.469560">
						<ele>30</ele>
						<time>2026-09-30T13:36:25Z</time>
					</trkpt>
					<trkpt lat="48.621100" lon="-2.469390">
						<ele>33</ele>
						<time>2026-09-30T13:36:29Z</time>
					</trkpt>
					<trkpt lat="48.621550" lon="-2.469070">
						<ele>36</ele>
						<time>2026-09-30T13:36:38Z</time>
					</trkpt>
					<trkpt lat="48.621650" lon="-2.468990">
						<ele>36</ele>
						<time>2026-09-30T13:36:40Z</time>
					</trkpt>
					<trkpt lat="48.621800" lon="-2.468870">
						<ele>37</ele>
						<time>2026-09-30T13:36:43Z</time>
					</trkpt>
					<trkpt lat="48.622200" lon="-2.468540">
						<ele>37</ele>
						<time>2026-09-30T13:36:51Z</time>
					</trkpt>
					<trkpt lat="48.622590" lon="-2.468130">
						<ele>37</ele>
						<time>2026-09-30T13:37:00Z</time>
					</trkpt>
					<trkpt lat="48.622920" lon="-2.467670">
						<ele>38</ele>
						<time>2026-09-30T13:37:08Z</time>
					</trkpt>
					<trkpt lat="48.623160" lon="-2.467270">
						<ele>41</ele>
						<time>2026-09-30T13:37:14Z</time>
					</trkpt>
					<trkpt lat="48.623600" lon="-2.466400">
						<ele>43</ele>
						<time>2026-09-30T13:37:27Z</time>
					</trkpt>
					<trkpt lat="48.623760" lon="-2.466120">
						<ele>42</ele>
						<time>2026-09-30T13:37:31Z</time>
					</trkpt>
					<trkpt lat="48.624130" lon="-2.465670">
						<ele>44</ele>
						<time>2026-09-30T13:37:40Z</time>
					</trkpt>
					<trkpt lat="48.624150" lon="-2.465640">
						<ele>44</ele>
						<time>2026-09-30T13:37:40Z</time>
					</trkpt>
					<trkpt lat="48.624240" lon="-2.465540">
						<ele>44</ele>
						<time>2026-09-30T13:37:42Z</time>
					</trkpt>
					<trkpt lat="48.625290" lon="-2.464670">
						<ele>48</ele>
						<time>2026-09-30T13:38:03Z</time>
					</trkpt>
					<trkpt lat="48.625550" lon="-2.464480">
						<ele>48</ele>
						<time>2026-09-30T13:38:09Z</time>
					</trkpt>
					<trkpt lat="48.626060" lon="-2.464040">
						<ele>47</ele>
						<time>2026-09-30T13:38:19Z</time>
					</trkpt>
					<trkpt lat="48.626260" lon="-2.463850">
						<ele>46</ele>
						<time>2026-09-30T13:38:23Z</time>
					</trkpt>
					<trkpt lat="48.626420" lon="-2.463660">
						<ele>46</ele>
						<time>2026-09-30T13:38:27Z</time>
					</trkpt>
					<trkpt lat="48.626620" lon="-2.463330">
						<ele>46</ele>
						<time>2026-09-30T13:38:32Z</time>
					</trkpt>
					<trkpt lat="48.626790" lon="-2.462940">
						<ele>45</ele>
						<time>2026-09-30T13:38:38Z</time>
					</trkpt>
					<trkpt lat="48.626980" lon="-2.462460">
						<ele>42</ele>
						<time>2026-09-30T13:38:44Z</time>
					</trkpt>
					<trkpt lat="48.627420" lon="-2.461190">
						<ele>38</ele>
						<time>2026-09-30T13:39:01Z</time>
					</trkpt>
					<trkpt lat="48.627780" lon="-2.460220">
						<ele>36</ele>
						<time>2026-09-30T13:39:14Z</time>
					</trkpt>
					<trkpt lat="48.627960" lon="-2.459640">
						<ele>35</ele>
						<time>2026-09-30T13:39:22Z</time>
					</trkpt>
					<trkpt lat="48.627990" lon="-2.459590">
						<ele>35</ele>
						<time>2026-09-30T13:39:23Z</time>
					</trkpt>
					<trkpt lat="48.628000" lon="-2.459580">
						<ele>35</ele>
						<time>2026-09-30T13:39:23Z</time>
					</trkpt>
					<trkpt lat="48.628020" lon="-2.459570">
						<ele>35</ele>
						<time>2026-09-30T13:39:23Z</time>
					</trkpt>
					<trkpt lat="48.628010" lon="-2.459400">
						<ele>35</ele>
						<time>2026-09-30T13:39:25Z</time>
					</trkpt>
					<trkpt lat="48.627980" lon="-2.458960">
						<ele>37</ele>
						<time>2026-09-30T13:39:30Z</time>
					</trkpt>
					<trkpt lat="48.627930" lon="-2.458960">
						<ele>38</ele>
						<time>2026-09-30T13:39:31Z</time>
					</trkpt>
					<trkpt lat="48.627460" lon="-2.458660">
						<ele>42</ele>
						<time>2026-09-30T13:39:40Z</time>
					</trkpt>
					<trkpt lat="48.627390" lon="-2.458580">
						<ele>42</ele>
						<time>2026-09-30T13:39:42Z</time>
					</trkpt>
					<trkpt lat="48.627160" lon="-2.458300">
						<ele>42</ele>
						<time>2026-09-30T13:39:47Z</time>
					</trkpt>
					<trkpt lat="48.626880" lon="-2.457810">
						<ele>43</ele>
						<time>2026-09-30T13:39:55Z</time>
					</trkpt>
					<trkpt lat="48.626800" lon="-2.457650">
						<ele>43</ele>
						<time>2026-09-30T13:39:57Z</time>
					</trkpt>
					<trkpt lat="48.626760" lon="-2.457560">
						<ele>43</ele>
						<time>2026-09-30T13:39:58Z</time>
					</trkpt>
					<trkpt lat="48.626690" lon="-2.457430">
						<ele>43</ele>
						<time>2026-09-30T13:40:00Z</time>
					</trkpt>
					<trkpt lat="48.626260" lon="-2.456790">
						<ele>43</ele>
						<time>2026-09-30T13:40:11Z</time>
					</trkpt>
					<trkpt lat="48.626100" lon="-2.456560">
						<ele>43</ele>
						<time>2026-09-30T13:40:15Z</time>
					</trkpt>
					<trkpt lat="48.625910" lon="-2.456280">
						<ele>44</ele>
						<time>2026-09-30T13:40:20Z</time>
					</trkpt>
					<trkpt lat="48.625450" lon="-2.455640">
						<ele>46</ele>
						<time>2026-09-30T13:40:31Z</time>
					</trkpt>
					<trkpt lat="48.625020" lon="-2.455000">
						<ele>47</ele>
						<time>2026-09-30T13:40:42Z</time>
					</trkpt>
					<trkpt lat="48.624550" lon="-2.453900">
						<ele>45</ele>
						<time>2026-09-30T13:40:57Z</time>
					</trkpt>
					<trkpt lat="48.623310" lon="-2.451720">
						<ele>39</ele>
						<time>2026-09-30T13:41:31Z</time>
					</trkpt>
					<trkpt lat="48.623270" lon="-2.451660">
						<ele>38</ele>
						<time>2026-09-30T13:41:32Z</time>
					</trkpt>
					<trkpt lat="48.623120" lon="-2.451430">
						<ele>37</ele>
						<time>2026-09-30T13:41:36Z</time>
					</trkpt>
					<trkpt lat="48.622720" lon="-2.451000">
						<ele>33</ele>
						<time>2026-09-30T13:41:44Z</time>
					</trkpt>
					<trkpt lat="48.622350" lon="-2.450710">
						<ele>31</ele>
						<time>2026-09-30T13:41:52Z</time>
					</trkpt>
					<trkpt lat="48.622050" lon="-2.450540">
						<ele>30</ele>
						<time>2026-09-30T13:41:57Z</time>
					</trkpt>
					<trkpt lat="48.621510" lon="-2.450390">
						<ele>29</ele>
						<time>2026-09-30T13:42:07Z</time>
					</trkpt>
					<trkpt lat="48.620020" lon="-2.449850">
						<ele>33</ele>
						<time>2026-09-30T13:42:34Z</time>
					</trkpt>
					<trkpt lat="48.618920" lon="-2.448750">
						<ele>43</ele>
						<time>2026-09-30T13:42:58Z</time>
					</trkpt>
					<trkpt lat="48.617390" lon="-2.448090">
						<ele>49</ele>
						<time>2026-09-30T13:43:26Z</time>
					</trkpt>
					<trkpt lat="48.617180" lon="-2.447980">
						<ele>50</ele>
						<time>2026-09-30T13:43:30Z</time>
					</trkpt>
					<trkpt lat="48.617070" lon="-2.447870">
						<ele>50</ele>
						<time>2026-09-30T13:43:33Z</time>
					</trkpt>
					<trkpt lat="48.617000" lon="-2.447730">
						<ele>51</ele>
						<time>2026-09-30T13:43:35Z</time>
					</trkpt>
					<trkpt lat="48.616880" lon="-2.447350">
						<ele>52</ele>
						<time>2026-09-30T13:43:40Z</time>
					</trkpt>
					<trkpt lat="48.616640" lon="-2.447510">
						<ele>53</ele>
						<time>2026-09-30T13:43:44Z</time>
					</trkpt>
					<trkpt lat="48.616330" lon="-2.447650">
						<ele>53</ele>
						<time>2026-09-30T13:43:50Z</time>
					</trkpt>
					<trkpt lat="48.616090" lon="-2.447720">
						<ele>53</ele>
						<time>2026-09-30T13:43:54Z</time>
					</trkpt>
					<trkpt lat="48.615770" lon="-2.447760">
						<ele>54</ele>
						<time>2026-09-30T13:44:00Z</time>
					</trkpt>
					<trkpt lat="48.614510" lon="-2.447830">
						<ele>57</ele>
						<time>2026-09-30T13:44:22Z</time>
					</trkpt>
					<trkpt lat="48.614130" lon="-2.447880">
						<ele>58</ele>
						<time>2026-09-30T13:44:29Z</time>
					</trkpt>
					<trkpt lat="48.613120" lon="-2.448120">
						<ele>57</ele>
						<time>2026-09-30T13:44:47Z</time>
					</trkpt>
					<trkpt lat="48.612690" lon="-2.448290">
						<ele>58</ele>
						<time>2026-09-30T13:44:55Z</time>
					</trkpt>
					<trkpt lat="48.612670" lon="-2.448230">
						<ele>58</ele>
						<time>2026-09-30T13:44:56Z</time>
					</trkpt>
					<trkpt lat="48.612600" lon="-2.448100">
						<ele>58</ele>
						<time>2026-09-30T13:44:58Z</time>
					</trkpt>
					<trkpt lat="48.612480" lon="-2.447900">
						<ele>59</ele>
						<time>2026-09-30T13:45:01Z</time>
					</trkpt>
					<trkpt lat="48.612400" lon="-2.447710">
						<ele>59</ele>
						<time>2026-09-30T13:45:04Z</time>
					</trkpt>
					<trkpt lat="48.612300" lon="-2.447430">
						<ele>59</ele>
						<time>2026-09-30T13:45:08Z</time>
					</trkpt>
					<trkpt lat="48.612090" lon="-2.446540">
						<ele>59</ele>
						<time>2026-09-30T13:45:19Z</time>
					</trkpt>
					<trkpt lat="48.611950" lon="-2.445840">
						<ele>59</ele>
						<time>2026-09-30T13:45:27Z</time>
					</trkpt>
					<trkpt lat="48.611860" lon="-2.445560">
						<ele>58</ele>
						<time>2026-09-30T13:45:31Z</time>
					</trkpt>
					<trkpt lat="48.611730" lon="-2.445670">
						<ele>59</ele>
						<time>2026-09-30T13:45:34Z</time>
					</trkpt>
					<trkpt lat="48.611540" lon="-2.445760">
						<ele>59</ele>
						<time>2026-09-30T13:45:37Z</time>
					</trkpt>
					<trkpt lat="48.611350" lon="-2.445820">
						<ele>59</ele>
						<time>2026-09-30T13:45:41Z</time>
					</trkpt>
					<trkpt lat="48.610910" lon="-2.445850">
						<ele>59</ele>
						<time>2026-09-30T13:45:49Z</time>
					</trkpt>
					<trkpt lat="48.610680" lon="-2.445830">
						<ele>59</ele>
						<time>2026-09-30T13:45:53Z</time>
					</trkpt>
					<trkpt lat="48.610410" lon="-2.445750">
						<ele>59</ele>
						<time>2026-09-30T13:45:58Z</time>
					</trkpt>
					<trkpt lat="48.610070" lon="-2.445750">
						<ele>59</ele>
						<time>2026-09-30T13:46:04Z</time>
					</trkpt>
					<trkpt lat="48.609660" lon="-2.445790">
						<ele>58</ele>
						<time>2026-09-30T13:46:11Z</time>
					</trkpt>
					<trkpt lat="48.609480" lon="-2.445850">
						<ele>58</ele>
						<time>2026-09-30T13:46:14Z</time>
					</trkpt>
					<trkpt lat="48.609360" lon="-2.445920">
						<ele>58</ele>
						<time>2026-09-30T13:46:16Z</time>
					</trkpt>
					<trkpt lat="48.609100" lon="-2.446140">
						<ele>58</ele>
						<time>2026-09-30T13:46:22Z</time>
					</trkpt>
					<trkpt lat="48.608950" lon="-2.446210">
						<ele>58</ele>
						<time>2026-09-30T13:46:25Z</time>
					</trkpt>
					<trkpt lat="48.608760" lon="-2.446260">
						<ele>58</ele>
						<time>2026-09-30T13:46:28Z</time>
					</trkpt>
					<trkpt lat="48.607440" lon="-2.446090">
						<ele>57</ele>
						<time>2026-09-30T13:46:52Z</time>
					</trkpt>
					<trkpt lat="48.607130" lon="-2.446130">
						<ele>56</ele>
						<time>2026-09-30T13:46:57Z</time>
					</trkpt>
					<trkpt lat="48.606530" lon="-2.446330">
						<ele>57</ele>
						<time>2026-09-30T13:47:08Z</time>
					</trkpt>
					<trkpt lat="48.606070" lon="-2.446460">
						<ele>56</ele>
						<time>2026-09-30T13:47:16Z</time>
					</trkpt>
					<trkpt lat="48.605770" lon="-2.446530">
						<ele>56</ele>
						<time>2026-09-30T13:47:22Z</time>
					</trkpt>
					<trkpt lat="48.605480" lon="-2.446570">
						<ele>56</ele>
						<time>2026-09-30T13:47:27Z</time>
					</trkpt>
					<trkpt lat="48.605160" lon="-2.446530">
						<ele>56</ele>
						<time>2026-09-30T13:47:33Z</time>
					</trkpt>
					<trkpt lat="48.605000" lon="-2.446540">
						<ele>57</ele>
						<time>2026-09-30T13:47:36Z</time>
					</trkpt>
					<trkpt lat="48.604770" lon="-2.446600">
						<ele>58</ele>
						<time>2026-09-30T13:47:40Z</time>
					</trkpt>
					<trkpt lat="48.604700" lon="-2.446640">
						<ele>58</ele>
						<time>2026-09-30T13:47:41Z</time>
					</trkpt>
					<trkpt lat="48.604560" lon="-2.446660">
						<ele>59</ele>
						<time>2026-09-30T13:47:43Z</time>
					</trkpt>
					<trkpt lat="48.604120" lon="-2.446660">
						<ele>60</ele>
						<time>2026-09-30T13:47:51Z</time>
					</trkpt>
					<trkpt lat="48.603160" lon="-2.446830">
						<ele>61</ele>
						<time>2026-09-30T13:48:09Z</time>
					</trkpt>
					<trkpt lat="48.602980" lon="-2.446830">
						<ele>60</ele>
						<time>2026-09-30T13:48:12Z</time>
					</trkpt>
					<trkpt lat="48.602830" lon="-2.446790">
						<ele>60</ele>
						<time>2026-09-30T13:48:14Z</time>
					</trkpt>
					<trkpt lat="48.601920" lon="-2.446380">
						<ele>56</ele>
						<time>2026-09-30T13:48:31Z</time>
					</trkpt>
					<trkpt lat="48.601850" lon="-2.446370">
						<ele>56</ele>
						<time>2026-09-30T13:48:33Z</time>
					</trkpt>
					<trkpt lat="48.601710" lon="-2.446340">
						<ele>56</ele>
						<time>2026-09-30T13:48:35Z</time>
					</trkpt>
					<trkpt lat="48.601480" lon="-2.446350">
						<ele>56</ele>
						<time>2026-09-30T13:48:39Z</time>
					</trkpt>
					<trkpt lat="48.600860" lon="-2.446540">
						<ele>56</ele>
						<time>2026-09-30T13:48:50Z</time>
					</trkpt>
					<trkpt lat="48.600560" lon="-2.446550">
						<ele>56</ele>
						<time>2026-09-30T13:48:56Z</time>
					</trkpt>
					<trkpt lat="48.599220" lon="-2.446920">
						<ele>56</ele>
						<time>2026-09-30T13:49:20Z</time>
					</trkpt>
					<trkpt lat="48.598970" lon="-2.447000">
						<ele>56</ele>
						<time>2026-09-30T13:49:25Z</time>
					</trkpt>
					<trkpt lat="48.598500" lon="-2.447250">
						<ele>56</ele>
						<time>2026-09-30T13:49:33Z</time>
					</trkpt>
					<trkpt lat="48.598080" lon="-2.447540">
						<ele>57</ele>
						<time>2026-09-30T13:49:42Z</time>
					</trkpt>
					<trkpt lat="48.597860" lon="-2.447740">
						<ele>57</ele>
						<time>2026-09-30T13:49:46Z</time>
					</trkpt>
					<trkpt lat="48.597060" lon="-2.448800">
						<ele>58</ele>
						<time>2026-09-30T13:50:05Z</time>
					</trkpt>
					<trkpt lat="48.596630" lon="-2.449610">
						<ele>57</ele>
						<time>2026-09-30T13:50:17Z</time>
					</trkpt>
					<trkpt lat="48.596370" lon="-2.450030">
						<ele>58</ele>
						<time>2026-09-30T13:50:24Z</time>
					</trkpt>
					<trkpt lat="48.596290" lon="-2.450140">
						<ele>58</ele>
						<time>2026-09-30T13:50:26Z</time>
					</trkpt>
					<trkpt lat="48.596230" lon="-2.450220">
						<ele>58</ele>
						<time>2026-09-30T13:50:27Z</time>
					</trkpt>
					<trkpt lat="48.596160" lon="-2.450290">
						<ele>58</ele>
						<time>2026-09-30T13:50:29Z</time>
					</trkpt>
					<trkpt lat="48.596060" lon="-2.450340">
						<ele>58</ele>
						<time>2026-09-30T13:50:31Z</time>
					</trkpt>
					<trkpt lat="48.595960" lon="-2.450350">
						<ele>58</ele>
						<time>2026-09-30T13:50:33Z</time>
					</trkpt>
					<trkpt lat="48.595870" lon="-2.450320">
						<ele>57</ele>
						<time>2026-09-30T13:50:34Z</time>
					</trkpt>
					<trkpt lat="48.595690" lon="-2.450190">
						<ele>57</ele>
						<time>2026-09-30T13:50:38Z</time>
					</trkpt>
					<trkpt lat="48.595620" lon="-2.450110">
						<ele>57</ele>
						<time>2026-09-30T13:50:39Z</time>
					</trkpt>
					<trkpt lat="48.595550" lon="-2.450030">
						<ele>57</ele>
						<time>2026-09-30T13:50:41Z</time>
					</trkpt>
					<trkpt lat="48.595480" lon="-2.449910">
						<ele>57</ele>
						<time>2026-09-30T13:50:43Z</time>
					</trkpt>
					<trkpt lat="48.595390" lon="-2.449680">
						<ele>57</ele>
						<time>2026-09-30T13:50:46Z</time>
					</trkpt>
					<trkpt lat="48.595350" lon="-2.449410">
						<ele>57</ele>
						<time>2026-09-30T13:50:49Z</time>
					</trkpt>
					<trkpt lat="48.595360" lon="-2.449090">
						<ele>56</ele>
						<time>2026-09-30T13:50:53Z</time>
					</trkpt>
					<trkpt lat="48.595330" lon="-2.448890">
						<ele>56</ele>
						<time>2026-09-30T13:50:55Z</time>
					</trkpt>
					<trkpt lat="48.595250" lon="-2.448650">
						<ele>55</ele>
						<time>2026-09-30T13:50:59Z</time>
					</trkpt>
					<trkpt lat="48.594890" lon="-2.447970">
						<ele>55</ele>
						<time>2026-09-30T13:51:09Z</time>
					</trkpt>
					<trkpt lat="48.594590" lon="-2.447510">
						<ele>55</ele>
						<time>2026-09-30T13:51:16Z</time>
					</trkpt>
					<trkpt lat="48.594520" lon="-2.447370">
						<ele>55</ele>
						<time>2026-09-30T13:51:18Z</time>
					</trkpt>
					<trkpt lat="48.594400" lon="-2.447030">
						<ele>56</ele>
						<time>2026-09-30T13:51:23Z</time>
					</trkpt>
					<trkpt lat="48.594300" lon="-2.446930">
						<ele>57</ele>
						<time>2026-09-30T13:51:25Z</time>
					</trkpt>
					<trkpt lat="48.594160" lon="-2.446860">
						<ele>57</ele>
						<time>2026-09-30T13:51:28Z</time>
					</trkpt>
					<trkpt lat="48.593870" lon="-2.446820">
						<ele>57</ele>
						<time>2026-09-30T13:51:33Z</time>
					</trkpt>
					<trkpt lat="48.593760" lon="-2.446780">
						<ele>57</ele>
						<time>2026-09-30T13:51:35Z</time>
					</trkpt>
					<trkpt lat="48.593620" lon="-2.446660">
						<ele>57</ele>
						<time>2026-09-30T13:51:38Z</time>
					</trkpt>
					<trkpt lat="48.593070" lon="-2.446380">
						<ele>58</ele>
						<time>2026-09-30T13:51:48Z</time>
					</trkpt>
					<trkpt lat="48.592810" lon="-2.446260">
						<ele>59</ele>
						<time>2026-09-30T13:51:53Z</time>
					</trkpt>
					<trkpt lat="48.592570" lon="-2.446210">
						<ele>60</ele>
						<time>2026-09-30T13:51:57Z</time>
					</trkpt>
					<trkpt lat="48.592410" lon="-2.446220">
						<ele>60</ele>
						<time>2026-09-30T13:52:00Z</time>
					</trkpt>
					<trkpt lat="48.591810" lon="-2.446360">
						<ele>60</ele>
						<time>2026-09-30T13:52:11Z</time>
					</trkpt>
					<trkpt lat="48.591530" lon="-2.446400">
						<ele>60</ele>
						<time>2026-09-30T13:52:16Z</time>
					</trkpt>
					<trkpt lat="48.591130" lon="-2.446390">
						<ele>61</ele>
						<time>2026-09-30T13:52:23Z</time>
					</trkpt>
					<trkpt lat="48.590720" lon="-2.446180">
						<ele>64</ele>
						<time>2026-09-30T13:52:31Z</time>
					</trkpt>
					<trkpt lat="48.590200" lon="-2.445900">
						<ele>66</ele>
						<time>2026-09-30T13:52:41Z</time>
					</trkpt>
					<trkpt lat="48.589650" lon="-2.445580">
						<ele>69</ele>
						<time>2026-09-30T13:52:51Z</time>
					</trkpt>
					<trkpt lat="48.589100" lon="-2.445350">
						<ele>72</ele>
						<time>2026-09-30T13:53:01Z</time>
					</trkpt>
					<trkpt lat="48.588620" lon="-2.445050">
						<ele>73</ele>
						<time>2026-09-30T13:53:10Z</time>
					</trkpt>
					<trkpt lat="48.588250" lon="-2.444740">
						<ele>74</ele>
						<time>2026-09-30T13:53:18Z</time>
					</trkpt>
					<trkpt lat="48.587940" lon="-2.444490">
						<ele>74</ele>
						<time>2026-09-30T13:53:24Z</time>
					</trkpt>
					<trkpt lat="48.587580" lon="-2.444240">
						<ele>75</ele>
						<time>2026-09-30T13:53:31Z</time>
					</trkpt>
					<trkpt lat="48.586810" lon="-2.443600">
						<ele>76</ele>
						<time>2026-09-30T13:53:47Z</time>
					</trkpt>
					<trkpt lat="48.586480" lon="-2.443380">
						<ele>77</ele>
						<time>2026-09-30T13:53:53Z</time>
					</trkpt>
					<trkpt lat="48.585920" lon="-2.443030">
						<ele>78</ele>
						<time>2026-09-30T13:54:04Z</time>
					</trkpt>
					<trkpt lat="48.585750" lon="-2.442930">
						<ele>78</ele>
						<time>2026-09-30T13:54:07Z</time>
					</trkpt>
					<trkpt lat="48.585480" lon="-2.442700">
						<ele>79</ele>
						<time>2026-09-30T13:54:13Z</time>
					</trkpt>
					<trkpt lat="48.585270" lon="-2.442590">
						<ele>79</ele>
						<time>2026-09-30T13:54:17Z</time>
					</trkpt>
					<trkpt lat="48.585010" lon="-2.442520">
						<ele>80</ele>
						<time>2026-09-30T13:54:22Z</time>
					</trkpt>
					<trkpt lat="48.584830" lon="-2.442490">
						<ele>80</ele>
						<time>2026-09-30T13:54:25Z</time>
					</trkpt>
					<trkpt lat="48.584660" lon="-2.442510">
						<ele>80</ele>
						<time>2026-09-30T13:54:28Z</time>
					</trkpt>
					<trkpt lat="48.584260" lon="-2.442610">
						<ele>80</ele>
						<time>2026-09-30T13:54:35Z</time>
					</trkpt>
					<trkpt lat="48.584160" lon="-2.442620">
						<ele>80</ele>
						<time>2026-09-30T13:54:37Z</time>
					</trkpt>
					<trkpt lat="48.584000" lon="-2.442610">
						<ele>80</ele>
						<time>2026-09-30T13:54:40Z</time>
					</trkpt>
					<trkpt lat="48.583900" lon="-2.442580">
						<ele>80</ele>
						<time>2026-09-30T13:54:41Z</time>
					</trkpt>
					<trkpt lat="48.583800" lon="-2.442530">
						<ele>80</ele>
						<time>2026-09-30T13:54:43Z</time>
					</trkpt>
					<trkpt lat="48.583660" lon="-2.442440">
						<ele>81</ele>
						<time>2026-09-30T13:54:46Z</time>
					</trkpt>
					<trkpt lat="48.583360" lon="-2.442220">
						<ele>81</ele>
						<time>2026-09-30T13:54:52Z</time>
					</trkpt>
					<trkpt lat="48.583160" lon="-2.442130">
						<ele>81</ele>
						<time>2026-09-30T13:54:56Z</time>
					</trkpt>
					<trkpt lat="48.582570" lon="-2.441910">
						<ele>82</ele>
						<time>2026-09-30T13:55:07Z</time>
					</trkpt>
					<trkpt lat="48.582430" lon="-2.441840">
						<ele>82</ele>
						<time>2026-09-30T13:55:09Z</time>
					</trkpt>
					<trkpt lat="48.581870" lon="-2.441520">
						<ele>81</ele>
						<time>2026-09-30T13:55:20Z</time>
					</trkpt>
					<trkpt lat="48.581540" lon="-2.441300">
						<ele>82</ele>
						<time>2026-09-30T13:55:26Z</time>
					</trkpt>
					<trkpt lat="48.581430" lon="-2.441230">
						<ele>82</ele>
						<time>2026-09-30T13:55:28Z</time>
					</trkpt>
					<trkpt lat="48.581030" lon="-2.440890">
						<ele>82</ele>
						<time>2026-09-30T13:55:37Z</time>
					</trkpt>
					<trkpt lat="48.580700" lon="-2.440590">
						<ele>82</ele>
						<time>2026-09-30T13:55:43Z</time>
					</trkpt>
					<trkpt lat="48.580410" lon="-2.440390">
						<ele>81</ele>
						<time>2026-09-30T13:55:49Z</time>
					</trkpt>
					<trkpt lat="48.579980" lon="-2.440160">
						<ele>81</ele>
						<time>2026-09-30T13:55:57Z</time>
					</trkpt>
					<trkpt lat="48.579600" lon="-2.440000">
						<ele>82</ele>
						<time>2026-09-30T13:56:04Z</time>
					</trkpt>
					<trkpt lat="48.579180" lon="-2.439870">
						<ele>83</ele>
						<time>2026-09-30T13:56:12Z</time>
					</trkpt>
					<trkpt lat="48.578960" lon="-2.439830">
						<ele>84</ele>
						<time>2026-09-30T13:56:16Z</time>
					</trkpt>
					<trkpt lat="48.578360" lon="-2.439910">
						<ele>86</ele>
						<time>2026-09-30T13:56:26Z</time>
					</trkpt>
					<trkpt lat="48.577220" lon="-2.440130">
						<ele>88</ele>
						<time>2026-09-30T13:56:47Z</time>
					</trkpt>
					<trkpt lat="48.576970" lon="-2.440140">
						<ele>88</ele>
						<time>2026-09-30T13:56:51Z</time>
					</trkpt>
					<trkpt lat="48.576830" lon="-2.440120">
						<ele>89</ele>
						<time>2026-09-30T13:56:54Z</time>
					</trkpt>
					<trkpt lat="48.576700" lon="-2.440080">
						<ele>89</ele>
						<time>2026-09-30T13:56:56Z</time>
					</trkpt>
					<trkpt lat="48.576030" lon="-2.439610">
						<ele>91</ele>
						<time>2026-09-30T13:57:09Z</time>
					</trkpt>
					<trkpt lat="48.575390" lon="-2.439080">
						<ele>94</ele>
						<time>2026-09-30T13:57:22Z</time>
					</trkpt>
					<trkpt lat="48.575160" lon="-2.438970">
						<ele>95</ele>
						<time>2026-09-30T13:57:27Z</time>
					</trkpt>
					<trkpt lat="48.573960" lon="-2.438420">
						<ele>98</ele>
						<time>2026-09-30T13:57:49Z</time>
					</trkpt>
					<trkpt lat="48.573860" lon="-2.438370">
						<ele>98</ele>
						<time>2026-09-30T13:57:51Z</time>
					</trkpt>
					<trkpt lat="48.573810" lon="-2.438340">
						<ele>98</ele>
						<time>2026-09-30T13:57:52Z</time>
					</trkpt>
					<trkpt lat="48.573680" lon="-2.438250">
						<ele>99</ele>
						<time>2026-09-30T13:57:54Z</time>
					</trkpt>
					<trkpt lat="48.573270" lon="-2.437940">
						<ele>99</ele>
						<time>2026-09-30T13:58:02Z</time>
					</trkpt>
					<trkpt lat="48.573160" lon="-2.437860">
						<ele>99</ele>
						<time>2026-09-30T13:58:05Z</time>
					</trkpt>
					<trkpt lat="48.572900" lon="-2.437750">
						<ele>99</ele>
						<time>2026-09-30T13:58:09Z</time>
					</trkpt>
					<trkpt lat="48.572770" lon="-2.437690">
						<ele>99</ele>
						<time>2026-09-30T13:58:12Z</time>
					</trkpt>
					<trkpt lat="48.572820" lon="-2.437500">
						<ele>99</ele>
						<time>2026-09-30T13:58:14Z</time>
					</trkpt>
					<trkpt lat="48.572900" lon="-2.437230">
						<ele>99</ele>
						<time>2026-09-30T13:58:18Z</time>
					</trkpt>
					<trkpt lat="48.573080" lon="-2.436660">
						<ele>98</ele>
						<time>2026-09-30T13:58:25Z</time>
					</trkpt>
					<trkpt lat="48.573140" lon="-2.436500">
						<ele>98</ele>
						<time>2026-09-30T13:58:27Z</time>
					</trkpt>
					<trkpt lat="48.573160" lon="-2.436520">
						<ele>98</ele>
						<time>2026-09-30T13:58:28Z</time>
					</trkpt>
					<trkpt lat="48.573140" lon="-2.436500">
						<ele>98</ele>
						<time>2026-09-30T13:58:28Z</time>
					</trkpt>
					<trkpt lat="48.573080" lon="-2.436660">
						<ele>98</ele>
						<time>2026-09-30T13:58:30Z</time>
					</trkpt>
					<trkpt lat="48.572900" lon="-2.437230">
						<ele>99</ele>
						<time>2026-09-30T13:58:38Z</time>
					</trkpt>
					<trkpt lat="48.572820" lon="-2.437500">
						<ele>99</ele>
						<time>2026-09-30T13:58:41Z</time>
					</trkpt>
					<trkpt lat="48.572770" lon="-2.437690">
						<ele>99</ele>
						<time>2026-09-30T13:58:44Z</time>
					</trkpt>
					<trkpt lat="48.572060" lon="-2.437460">
						<ele>99</ele>
						<time>2026-09-30T13:58:57Z</time>
					</trkpt>
					<trkpt lat="48.571470" lon="-2.437290">
						<ele>100</ele>
						<time>2026-09-30T13:59:07Z</time>
					</trkpt>
					<trkpt lat="48.570630" lon="-2.437100">
						<ele>101</ele>
						<time>2026-09-30T13:59:22Z</time>
					</trkpt>
					<trkpt lat="48.570550" lon="-2.437100">
						<ele>102</ele>
						<time>2026-09-30T13:59:24Z</time>
					</trkpt>
					<trkpt lat="48.570560" lon="-2.437040">
						<ele>102</ele>
						<time>2026-09-30T13:59:25Z</time>
					</trkpt>
					<trkpt lat="48.570550" lon="-2.437100">
						<ele>102</ele>
						<time>2026-09-30T13:59:25Z</time>
					</trkpt>
					<trkpt lat="48.570510" lon="-2.437320">
						<ele>102</ele>
						<time>2026-09-30T13:59:28Z</time>
					</trkpt>
					<trkpt lat="48.570460" lon="-2.437300">
						<ele>102</ele>
						<time>2026-09-30T13:59:29Z</time>
					</trkpt>
					<trkpt lat="48.570160" lon="-2.437300">
						<ele>103</ele>
						<time>2026-09-30T13:59:34Z</time>
					</trkpt>
					<trkpt lat="48.569840" lon="-2.437350">
						<ele>104</ele>
						<time>2026-09-30T13:59:40Z</time>
					</trkpt>
					<trkpt lat="48.569500" lon="-2.437390">
						<ele>104</ele>
						<time>2026-09-30T13:59:46Z</time>
					</trkpt>
					<trkpt lat="48.568970" lon="-2.437520">
						<ele>105</ele>
						<time>2026-09-30T13:59:56Z</time>
					</trkpt>
					<trkpt lat="48.568820" lon="-2.437570">
						<ele>105</ele>
						<time>2026-09-30T13:59:58Z</time>
					</trkpt>
					<trkpt lat="48.568670" lon="-2.437660">
						<ele>106</ele>
						<time>2026-09-30T14:00:01Z</time>
					</trkpt>
					<trkpt lat="48.568480" lon="-2.437840">
						<ele>107</ele>
						<time>2026-09-30T14:00:05Z</time>
					</trkpt>
					<trkpt lat="48.568070" lon="-2.438390">
						<ele>107</ele>
						<time>2026-09-30T14:00:15Z</time>
					</trkpt>
					<trkpt lat="48.567870" lon="-2.438560">
						<ele>107</ele>
						<time>2026-09-30T14:00:19Z</time>
					</trkpt>
					<trkpt lat="48.567670" lon="-2.438680">
						<ele>106</ele>
						<time>2026-09-30T14:00:23Z</time>
					</trkpt>
					<trkpt lat="48.567440" lon="-2.438740">
						<ele>106</ele>
						<time>2026-09-30T14:00:27Z</time>
					</trkpt>
					<trkpt lat="48.567060" lon="-2.438860">
						<ele>105</ele>
						<time>2026-09-30T14:00:34Z</time>
					</trkpt>
					<trkpt lat="48.566890" lon="-2.438960">
						<ele>105</ele>
						<time>2026-09-30T14:00:37Z</time>
					</trkpt>
					<trkpt lat="48.566670" lon="-2.439200">
						<ele>105</ele>
						<time>2026-09-30T14:00:42Z</time>
					</trkpt>
					<trkpt lat="48.566530" lon="-2.439320">
						<ele>105</ele>
						<time>2026-09-30T14:00:45Z</time>
					</trkpt>
					<trkpt lat="48.566480" lon="-2.439350">
						<ele>105</ele>
						<time>2026-09-30T14:00:46Z</time>
					</trkpt>
					<trkpt lat="48.566410" lon="-2.439390">
						<ele>105</ele>
						<time>2026-09-30T14:00:47Z</time>
					</trkpt>
					<trkpt lat="48.566180" lon="-2.439440">
						<ele>105</ele>
						<time>2026-09-30T14:00:51Z</time>
					</trkpt>
					<trkpt lat="48.566020" lon="-2.439410">
						<ele>105</ele>
						<time>2026-09-30T14:00:54Z</time>
					</trkpt>
					<trkpt lat="48.565960" lon="-2.439390">
						<ele>105</ele>
						<time>2026-09-30T14:00:55Z</time>
					</trkpt>
					<trkpt lat="48.565810" lon="-2.439300">
						<ele>105</ele>
						<time>2026-09-30T14:00:58Z</time>
					</trkpt>
					<trkpt lat="48.565450" lon="-2.439010">
						<ele>104</ele>
						<time>2026-09-30T14:01:05Z</time>
					</trkpt>
					<trkpt lat="48.565260" lon="-2.438870">
						<ele>104</ele>
						<time>2026-09-30T14:01:09Z</time>
					</trkpt>
					<trkpt lat="48.564840" lon="-2.438620">
						<ele>103</ele>
						<time>2026-09-30T14:01:17Z</time>
					</trkpt>
					<trkpt lat="48.564330" lon="-2.438390">
						<ele>103</ele>
						<time>2026-09-30T14:01:27Z</time>
					</trkpt>
					<trkpt lat="48.562660" lon="-2.437600">
						<ele>100</ele>
						<time>2026-09-30T14:01:58Z</time>
					</trkpt>
					<trkpt lat="48.562490" lon="-2.437540">
						<ele>99</ele>
						<time>2026-09-30T14:02:01Z</time>
					</trkpt>
					<trkpt lat="48.562300" lon="-2.437510">
						<ele>99</ele>
						<time>2026-09-30T14:02:04Z</time>
					</trkpt>
					<trkpt lat="48.562170" lon="-2.437530">
						<ele>99</ele>
						<time>2026-09-30T14:02:07Z</time>
					</trkpt>
					<trkpt lat="48.562050" lon="-2.437560">
						<ele>100</ele>
						<time>2026-09-30T14:02:09Z</time>
					</trkpt>
					<trkpt lat="48.561530" lon="-2.437730">
						<ele>100</ele>
						<time>2026-09-30T14:02:18Z</time>
					</trkpt>
					<trkpt lat="48.560960" lon="-2.437930">
						<ele>99</ele>
						<time>2026-09-30T14:02:29Z</time>
					</trkpt>
					<trkpt lat="48.560420" lon="-2.438130">
						<ele>98</ele>
						<time>2026-09-30T14:02:39Z</time>
					</trkpt>
					<trkpt lat="48.559910" lon="-2.438280">
						<ele>97</ele>
						<time>2026-09-30T14:02:48Z</time>
					</trkpt>
					<trkpt lat="48.559640" lon="-2.438300">
						<ele>97</ele>
						<time>2026-09-30T14:02:53Z</time>
					</trkpt>
					<trkpt lat="48.559540" lon="-2.438290">
						<ele>97</ele>
						<time>2026-09-30T14:02:54Z</time>
					</trkpt>
					<trkpt lat="48.559400" lon="-2.438230">
						<ele>97</ele>
						<time>2026-09-30T14:02:57Z</time>
					</trkpt>
					<trkpt lat="48.557120" lon="-2.436820">
						<ele>99</ele>
						<time>2026-09-30T14:03:41Z</time>
					</trkpt>
					<trkpt lat="48.556010" lon="-2.436140">
						<ele>99</ele>
						<time>2026-09-30T14:04:02Z</time>
					</trkpt>
					<trkpt lat="48.555280" lon="-2.435660">
						<ele>98</ele>
						<time>2026-09-30T14:04:16Z</time>
					</trkpt>
					<trkpt lat="48.554520" lon="-2.435160">
						<ele>97</ele>
						<time>2026-09-30T14:04:31Z</time>
					</trkpt>
					<trkpt lat="48.554330" lon="-2.434980">
						<ele>97</ele>
						<time>2026-09-30T14:04:35Z</time>
					</trkpt>
					<trkpt lat="48.553330" lon="-2.433950">
						<ele>92</ele>
						<time>2026-09-30T14:04:57Z</time>
					</trkpt>
					<trkpt lat="48.552530" lon="-2.433080">
						<ele>91</ele>
						<time>2026-09-30T14:05:14Z</time>
					</trkpt>
					<trkpt lat="48.552360" lon="-2.432960">
						<ele>91</ele>
						<time>2026-09-30T14:05:17Z</time>
					</trkpt>
					<trkpt lat="48.552280" lon="-2.432930">
						<ele>91</ele>
						<time>2026-09-30T14:05:19Z</time>
					</trkpt>
					<trkpt lat="48.552110" lon="-2.432910">
						<ele>92</ele>
						<time>2026-09-30T14:05:22Z</time>
					</trkpt>
					<trkpt lat="48.551650" lon="-2.432890">
						<ele>91</ele>
						<time>2026-09-30T14:05:30Z</time>
					</trkpt>
					<trkpt lat="48.551270" lon="-2.432850">
						<ele>91</ele>
						<time>2026-09-30T14:05:37Z</time>
					</trkpt>
					<trkpt lat="48.550940" lon="-2.432780">
						<ele>90</ele>
						<time>2026-09-30T14:05:43Z</time>
					</trkpt>
					<trkpt lat="48.550650" lon="-2.432720">
						<ele>90</ele>
						<time>2026-09-30T14:05:48Z</time>
					</trkpt>
					<trkpt lat="48.550530" lon="-2.432720">
						<ele>90</ele>
						<time>2026-09-30T14:05:50Z</time>
					</trkpt>
					<trkpt lat="48.550290" lon="-2.432770">
						<ele>90</ele>
						<time>2026-09-30T14:05:54Z</time>
					</trkpt>
					<trkpt lat="48.550170" lon="-2.432820">
						<ele>90</ele>
						<time>2026-09-30T14:05:57Z</time>
					</trkpt>
					<trkpt lat="48.549930" lon="-2.432970">
						<ele>90</ele>
						<time>2026-09-30T14:06:01Z</time>
					</trkpt>
					<trkpt lat="48.549490" lon="-2.433340">
						<ele>90</ele>
						<time>2026-09-30T14:06:10Z</time>
					</trkpt>
					<trkpt lat="48.549290" lon="-2.433450">
						<ele>91</ele>
						<time>2026-09-30T14:06:14Z</time>
					</trkpt>
					<trkpt lat="48.549130" lon="-2.433520">
						<ele>91</ele>
						<time>2026-09-30T14:06:17Z</time>
					</trkpt>
					<trkpt lat="48.548990" lon="-2.433570">
						<ele>92</ele>
						<time>2026-09-30T14:06:20Z</time>
					</trkpt>
					<trkpt lat="48.548810" lon="-2.433590">
						<ele>92</ele>
						<time>2026-09-30T14:06:23Z</time>
					</trkpt>
					<trkpt lat="48.547930" lon="-2.433560">
						<ele>95</ele>
						<time>2026-09-30T14:06:38Z</time>
					</trkpt>
					<trkpt lat="48.547090" lon="-2.433540">
						<ele>98</ele>
						<time>2026-09-30T14:06:53Z</time>
					</trkpt>
					<trkpt lat="48.546850" lon="-2.433580">
						<ele>99</ele>
						<time>2026-09-30T14:06:58Z</time>
					</trkpt>
					<trkpt lat="48.546640" lon="-2.433620">
						<ele>99</ele>
						<time>2026-09-30T14:07:01Z</time>
					</trkpt>
					<trkpt lat="48.545890" lon="-2.433860">
						<ele>103</ele>
						<time>2026-09-30T14:07:15Z</time>
					</trkpt>
					<trkpt lat="48.545280" lon="-2.434120">
						<ele>104</ele>
						<time>2026-09-30T14:07:26Z</time>
					</trkpt>
					<trkpt lat="48.545100" lon="-2.434220">
						<ele>105</ele>
						<time>2026-09-30T14:07:30Z</time>
					</trkpt>
					<trkpt lat="48.544060" lon="-2.435260">
						<ele>106</ele>
						<time>2026-09-30T14:07:52Z</time>
					</trkpt>
					<trkpt lat="48.543830" lon="-2.435480">
						<ele>106</ele>
						<time>2026-09-30T14:07:57Z</time>
					</trkpt>
					<trkpt lat="48.543840" lon="-2.435520">
						<ele>106</ele>
						<time>2026-09-30T14:07:57Z</time>
					</trkpt>
					<trkpt lat="48.543840" lon="-2.435570">
						<ele>106</ele>
						<time>2026-09-30T14:07:58Z</time>
					</trkpt>
					<trkpt lat="48.543830" lon="-2.435620">
						<ele>106</ele>
						<time>2026-09-30T14:07:59Z</time>
					</trkpt>
					<trkpt lat="48.543820" lon="-2.435660">
						<ele>106</ele>
						<time>2026-09-30T14:07:59Z</time>
					</trkpt>
					<trkpt lat="48.543790" lon="-2.435690">
						<ele>106</ele>
						<time>2026-09-30T14:08:00Z</time>
					</trkpt>
					<trkpt lat="48.543760" lon="-2.435700">
						<ele>106</ele>
						<time>2026-09-30T14:08:00Z</time>
					</trkpt>
					<trkpt lat="48.543730" lon="-2.435700">
						<ele>106</ele>
						<time>2026-09-30T14:08:01Z</time>
					</trkpt>
					<trkpt lat="48.543700" lon="-2.435680">
						<ele>106</ele>
						<time>2026-09-30T14:08:01Z</time>
					</trkpt>
					<trkpt lat="48.543670" lon="-2.435650">
						<ele>106</ele>
						<time>2026-09-30T14:08:02Z</time>
					</trkpt>
					<trkpt lat="48.543660" lon="-2.435600">
						<ele>106</ele>
						<time>2026-09-30T14:08:03Z</time>
					</trkpt>
					<trkpt lat="48.543650" lon="-2.435550">
						<ele>106</ele>
						<time>2026-09-30T14:08:03Z</time>
					</trkpt>
					<trkpt lat="48.543660" lon="-2.435510">
						<ele>106</ele>
						<time>2026-09-30T14:08:04Z</time>
					</trkpt>
					<trkpt lat="48.543560" lon="-2.435430">
						<ele>106</ele>
						<time>2026-09-30T14:08:06Z</time>
					</trkpt>
					<trkpt lat="48.543370" lon="-2.435260">
						<ele>106</ele>
						<time>2026-09-30T14:08:10Z</time>
					</trkpt>
					<trkpt lat="48.543100" lon="-2.435060">
						<ele>105</ele>
						<time>2026-09-30T14:08:15Z</time>
					</trkpt>
					<trkpt lat="48.542490" lon="-2.434660">
						<ele>102</ele>
						<time>2026-09-30T14:08:27Z</time>
					</trkpt>
					<trkpt lat="48.542210" lon="-2.434430">
						<ele>101</ele>
						<time>2026-09-30T14:08:33Z</time>
					</trkpt>
					<trkpt lat="48.542120" lon="-2.434320">
						<ele>101</ele>
						<time>2026-09-30T14:08:35Z</time>
					</trkpt>
					<trkpt lat="48.542050" lon="-2.434250">
						<ele>101</ele>
						<time>2026-09-30T14:08:36Z</time>
					</trkpt>
					<trkpt lat="48.541820" lon="-2.433930">
						<ele>99</ele>
						<time>2026-09-30T14:08:42Z</time>
					</trkpt>
					<trkpt lat="48.541780" lon="-2.433880">
						<ele>99</ele>
						<time>2026-09-30T14:08:43Z</time>
					</trkpt>
					<trkpt lat="48.541310" lon="-2.433480">
						<ele>94</ele>
						<time>2026-09-30T14:08:52Z</time>
					</trkpt>
					<trkpt lat="48.541220" lon="-2.433400">
						<ele>93</ele>
						<time>2026-09-30T14:08:54Z</time>
					</trkpt>
					<trkpt lat="48.541150" lon="-2.433310">
						<ele>92</ele>
						<time>2026-09-30T14:08:56Z</time>
					</trkpt>
					<trkpt lat="48.541070" lon="-2.433130">
						<ele>91</ele>
						<time>2026-09-30T14:08:58Z</time>
					</trkpt>
					<trkpt lat="48.541020" lon="-2.433100">
						<ele>91</ele>
						<time>2026-09-30T14:08:59Z</time>
					</trkpt>
					<trkpt lat="48.540900" lon="-2.433180">
						<ele>90</ele>
						<time>2026-09-30T14:09:01Z</time>
					</trkpt>
					<trkpt lat="48.540740" lon="-2.433340">
						<ele>90</ele>
						<time>2026-09-30T14:09:05Z</time>
					</trkpt>
					<trkpt lat="48.540650" lon="-2.433420">
						<ele>90</ele>
						<time>2026-09-30T14:09:07Z</time>
					</trkpt>
					<trkpt lat="48.540620" lon="-2.433450">
						<ele>90</ele>
						<time>2026-09-30T14:09:07Z</time>
					</trkpt>
					<trkpt lat="48.540150" lon="-2.433670">
						<ele>87</ele>
						<time>2026-09-30T14:09:16Z</time>
					</trkpt>
					<trkpt lat="48.539620" lon="-2.433800">
						<ele>83</ele>
						<time>2026-09-30T14:09:26Z</time>
					</trkpt>
					<trkpt lat="48.539210" lon="-2.433930">
						<ele>80</ele>
						<time>2026-09-30T14:09:33Z</time>
					</trkpt>
					<trkpt lat="48.539110" lon="-2.433940">
						<ele>80</ele>
						<time>2026-09-30T14:09:35Z</time>
					</trkpt>
					<trkpt lat="48.538980" lon="-2.433930">
						<ele>78</ele>
						<time>2026-09-30T14:09:37Z</time>
					</trkpt>
					<trkpt lat="48.538890" lon="-2.433880">
						<ele>77</ele>
						<time>2026-09-30T14:09:39Z</time>
					</trkpt>
					<trkpt lat="48.538850" lon="-2.433750">
						<ele>76</ele>
						<time>2026-09-30T14:09:41Z</time>
					</trkpt>
					<trkpt lat="48.538810" lon="-2.433650">
						<ele>75</ele>
						<time>2026-09-30T14:09:42Z</time>
					</trkpt>
					<trkpt lat="48.538480" lon="-2.432250">
						<ele>66</ele>
						<time>2026-09-30T14:10:00Z</time>
					</trkpt>
					<trkpt lat="48.538400" lon="-2.431950">
						<ele>64</ele>
						<time>2026-09-30T14:10:03Z</time>
					</trkpt>
					<trkpt lat="48.538300" lon="-2.431710">
						<ele>63</ele>
						<time>2026-09-30T14:10:07Z</time>
					</trkpt>
					<trkpt lat="48.538120" lon="-2.431430">
						<ele>62</ele>
						<time>2026-09-30T14:10:11Z</time>
					</trkpt>
					<trkpt lat="48.537030" lon="-2.430100">
						<ele>56</ele>
						<time>2026-09-30T14:10:36Z</time>
					</trkpt>
					<trkpt lat="48.536840" lon="-2.429900">
						<ele>55</ele>
						<time>2026-09-30T14:10:40Z</time>
					</trkpt>
					<trkpt lat="48.536620" lon="-2.429720">
						<ele>54</ele>
						<time>2026-09-30T14:10:45Z</time>
					</trkpt>
					<trkpt lat="48.536430" lon="-2.429600">
						<ele>53</ele>
						<time>2026-09-30T14:10:48Z</time>
					</trkpt>
					<trkpt lat="48.534010" lon="-2.428610">
						<ele>51</ele>
						<time>2026-09-30T14:11:33Z</time>
					</trkpt>
					<trkpt lat="48.533810" lon="-2.428510">
						<ele>51</ele>
						<time>2026-09-30T14:11:37Z</time>
					</trkpt>
					<trkpt lat="48.533640" lon="-2.428370">
						<ele>51</ele>
						<time>2026-09-30T14:11:40Z</time>
					</trkpt>
					<trkpt lat="48.533500" lon="-2.428180">
						<ele>52</ele>
						<time>2026-09-30T14:11:44Z</time>
					</trkpt>
					<trkpt lat="48.533040" lon="-2.427430">
						<ele>54</ele>
						<time>2026-09-30T14:11:56Z</time>
					</trkpt>
					<trkpt lat="48.532900" lon="-2.427270">
						<ele>55</ele>
						<time>2026-09-30T14:11:59Z</time>
					</trkpt>
					<trkpt lat="48.532710" lon="-2.427100">
						<ele>55</ele>
						<time>2026-09-30T14:12:03Z</time>
					</trkpt>
					<trkpt lat="48.531730" lon="-2.426390">
						<ele>58</ele>
						<time>2026-09-30T14:12:22Z</time>
					</trkpt>
					<trkpt lat="48.530900" lon="-2.425980">
						<ele>59</ele>
						<time>2026-09-30T14:12:38Z</time>
					</trkpt>
					<trkpt lat="48.530640" lon="-2.425830">
						<ele>60</ele>
						<time>2026-09-30T14:12:43Z</time>
					</trkpt>
					<trkpt lat="48.530280" lon="-2.425560">
						<ele>61</ele>
						<time>2026-09-30T14:12:50Z</time>
					</trkpt>
					<trkpt lat="48.530120" lon="-2.425390">
						<ele>61</ele>
						<time>2026-09-30T14:12:53Z</time>
					</trkpt>
					<trkpt lat="48.529920" lon="-2.425120">
						<ele>60</ele>
						<time>2026-09-30T14:12:58Z</time>
					</trkpt>
					<trkpt lat="48.529840" lon="-2.424990">
						<ele>60</ele>
						<time>2026-09-30T14:13:00Z</time>
					</trkpt>
					<trkpt lat="48.529790" lon="-2.424900">
						<ele>60</ele>
						<time>2026-09-30T14:13:01Z</time>
					</trkpt>
					<trkpt lat="48.528830" lon="-2.423200">
						<ele>56</ele>
						<time>2026-09-30T14:13:28Z</time>
					</trkpt>
					<trkpt lat="48.528460" lon="-2.422550">
						<ele>55</ele>
						<time>2026-09-30T14:13:38Z</time>
					</trkpt>
					<trkpt lat="48.528420" lon="-2.422500">
						<ele>55</ele>
						<time>2026-09-30T14:13:39Z</time>
					</trkpt>
					<trkpt lat="48.528220" lon="-2.422240">
						<ele>54</ele>
						<time>2026-09-30T14:13:43Z</time>
					</trkpt>
					<trkpt lat="48.527830" lon="-2.421710">
						<ele>53</ele>
						<time>2026-09-30T14:13:53Z</time>
					</trkpt>
					<trkpt lat="48.527450" lon="-2.421200">
						<ele>53</ele>
						<time>2026-09-30T14:14:02Z</time>
					</trkpt>
					<trkpt lat="48.527260" lon="-2.420930">
						<ele>53</ele>
						<time>2026-09-30T14:14:06Z</time>
					</trkpt>
					<trkpt lat="48.527090" lon="-2.420730">
						<ele>54</ele>
						<time>2026-09-30T14:14:10Z</time>
					</trkpt>
					<trkpt lat="48.526940" lon="-2.420610">
						<ele>54</ele>
						<time>2026-09-30T14:14:13Z</time>
					</trkpt>
					<trkpt lat="48.526770" lon="-2.420510">
						<ele>54</ele>
						<time>2026-09-30T14:14:17Z</time>
					</trkpt>
					<trkpt lat="48.526620" lon="-2.420460">
						<ele>55</ele>
						<time>2026-09-30T14:14:19Z</time>
					</trkpt>
					<trkpt lat="48.526350" lon="-2.420410">
						<ele>55</ele>
						<time>2026-09-30T14:14:24Z</time>
					</trkpt>
					<trkpt lat="48.526010" lon="-2.420440">
						<ele>56</ele>
						<time>2026-09-30T14:14:30Z</time>
					</trkpt>
					<trkpt lat="48.525710" lon="-2.420480">
						<ele>57</ele>
						<time>2026-09-30T14:14:36Z</time>
					</trkpt>
					<trkpt lat="48.525340" lon="-2.420550">
						<ele>59</ele>
						<time>2026-09-30T14:14:42Z</time>
					</trkpt>
					<trkpt lat="48.525110" lon="-2.420550">
						<ele>60</ele>
						<time>2026-09-30T14:14:46Z</time>
					</trkpt>
					<trkpt lat="48.524860" lon="-2.420540">
						<ele>61</ele>
						<time>2026-09-30T14:14:51Z</time>
					</trkpt>
					<trkpt lat="48.524080" lon="-2.420460">
						<ele>63</ele>
						<time>2026-09-30T14:15:05Z</time>
					</trkpt>
					<trkpt lat="48.523840" lon="-2.420480">
						<ele>63</ele>
						<time>2026-09-30T14:15:09Z</time>
					</trkpt>
					<trkpt lat="48.523300" lon="-2.420620">
						<ele>64</ele>
						<time>2026-09-30T14:15:19Z</time>
					</trkpt>
					<trkpt lat="48.523040" lon="-2.420660">
						<ele>64</ele>
						<time>2026-09-30T14:15:23Z</time>
					</trkpt>
					<trkpt lat="48.522780" lon="-2.420650">
						<ele>65</ele>
						<time>2026-09-30T14:15:28Z</time>
					</trkpt>
					<trkpt lat="48.522230" lon="-2.420450">
						<ele>66</ele>
						<time>2026-09-30T14:15:38Z</time>
					</trkpt>
					<trkpt lat="48.522110" lon="-2.420430">
						<ele>66</ele>
						<time>2026-09-30T14:15:40Z</time>
					</trkpt>
					<trkpt lat="48.521980" lon="-2.420470">
						<ele>67</ele>
						<time>2026-09-30T14:15:43Z</time>
					</trkpt>
					<trkpt lat="48.521350" lon="-2.420870">
						<ele>69</ele>
						<time>2026-09-30T14:15:55Z</time>
					</trkpt>
					<trkpt lat="48.521040" lon="-2.421170">
						<ele>70</ele>
						<time>2026-09-30T14:16:01Z</time>
					</trkpt>
					<trkpt lat="48.520630" lon="-2.421490">
						<ele>72</ele>
						<time>2026-09-30T14:16:09Z</time>
					</trkpt>
					<trkpt lat="48.520340" lon="-2.421660">
						<ele>72</ele>
						<time>2026-09-30T14:16:15Z</time>
					</trkpt>
					<trkpt lat="48.519790" lon="-2.421840">
						<ele>72</ele>
						<time>2026-09-30T14:16:25Z</time>
					</trkpt>
					<trkpt lat="48.519490" lon="-2.421920">
						<ele>72</ele>
						<time>2026-09-30T14:16:30Z</time>
					</trkpt>
					<trkpt lat="48.519190" lon="-2.422040">
						<ele>72</ele>
						<time>2026-09-30T14:16:36Z</time>
					</trkpt>
					<trkpt lat="48.518920" lon="-2.422290">
						<ele>72</ele>
						<time>2026-09-30T14:16:42Z</time>
					</trkpt>
					<trkpt lat="48.518730" lon="-2.422550">
						<ele>72</ele>
						<time>2026-09-30T14:16:46Z</time>
					</trkpt>
					<trkpt lat="48.518090" lon="-2.423650">
						<ele>74</ele>
						<time>2026-09-30T14:17:03Z</time>
					</trkpt>
					<trkpt lat="48.517440" lon="-2.424380">
						<ele>74</ele>
						<time>2026-09-30T14:17:18Z</time>
					</trkpt>
					<trkpt lat="48.517030" lon="-2.424910">
						<ele>73</ele>
						<time>2026-09-30T14:17:27Z</time>
					</trkpt>
					<trkpt lat="48.516820" lon="-2.425200">
						<ele>73</ele>
						<time>2026-09-30T14:17:33Z</time>
					</trkpt>
					<trkpt lat="48.516560" lon="-2.425440">
						<ele>73</ele>
						<time>2026-09-30T14:17:38Z</time>
					</trkpt>
					<trkpt lat="48.516300" lon="-2.425800">
						<ele>73</ele>
						<time>2026-09-30T14:17:44Z</time>
					</trkpt>
					<trkpt lat="48.516220" lon="-2.425880">
						<ele>74</ele>
						<time>2026-09-30T14:17:46Z</time>
					</trkpt>
					<trkpt lat="48.516160" lon="-2.425910">
						<ele>74</ele>
						<time>2026-09-30T14:17:47Z</time>
					</trkpt>
					<trkpt lat="48.516010" lon="-2.425930">
						<ele>74</ele>
						<time>2026-09-30T14:17:50Z</time>
					</trkpt>
					<trkpt lat="48.515710" lon="-2.425870">
						<ele>74</ele>
						<time>2026-09-30T14:17:55Z</time>
					</trkpt>
					<trkpt lat="48.515390" lon="-2.425870">
						<ele>73</ele>
						<time>2026-09-30T14:18:01Z</time>
					</trkpt>
					<trkpt lat="48.515280" lon="-2.425870">
						<ele>73</ele>
						<time>2026-09-30T14:18:03Z</time>
					</trkpt>
					<trkpt lat="48.515270" lon="-2.425870">
						<ele>73</ele>
						<time>2026-09-30T14:18:03Z</time>
					</trkpt>
					<trkpt lat="48.514230" lon="-2.425900">
						<ele>71</ele>
						<time>2026-09-30T14:18:21Z</time>
					</trkpt>
					<trkpt lat="48.514010" lon="-2.425900">
						<ele>71</ele>
						<time>2026-09-30T14:18:25Z</time>
					</trkpt>
					<trkpt lat="48.513850" lon="-2.425860">
						<ele>71</ele>
						<time>2026-09-30T14:18:28Z</time>
					</trkpt>
					<trkpt lat="48.513700" lon="-2.425790">
						<ele>71</ele>
						<time>2026-09-30T14:18:31Z</time>
					</trkpt>
					<trkpt lat="48.513200" lon="-2.425540">
						<ele>72</ele>
						<time>2026-09-30T14:18:40Z</time>
					</trkpt>
					<trkpt lat="48.512990" lon="-2.425460">
						<ele>72</ele>
						<time>2026-09-30T14:18:44Z</time>
					</trkpt>
					<trkpt lat="48.512730" lon="-2.425410">
						<ele>73</ele>
						<time>2026-09-30T14:18:49Z</time>
					</trkpt>
					<trkpt lat="48.512380" lon="-2.425370">
						<ele>73</ele>
						<time>2026-09-30T14:18:55Z</time>
					</trkpt>
					<trkpt lat="48.512130" lon="-2.425400">
						<ele>74</ele>
						<time>2026-09-30T14:19:00Z</time>
					</trkpt>
					<trkpt lat="48.511790" lon="-2.425460">
						<ele>74</ele>
						<time>2026-09-30T14:19:06Z</time>
					</trkpt>
					<trkpt lat="48.511430" lon="-2.425580">
						<ele>75</ele>
						<time>2026-09-30T14:19:12Z</time>
					</trkpt>
					<trkpt lat="48.511200" lon="-2.425630">
						<ele>75</ele>
						<time>2026-09-30T14:19:16Z</time>
					</trkpt>
					<trkpt lat="48.510920" lon="-2.425650">
						<ele>76</ele>
						<time>2026-09-30T14:19:21Z</time>
					</trkpt>
					<trkpt lat="48.510730" lon="-2.425630">
						<ele>76</ele>
						<time>2026-09-30T14:19:25Z</time>
					</trkpt>
					<trkpt lat="48.510130" lon="-2.425420">
						<ele>78</ele>
						<time>2026-09-30T14:19:36Z</time>
					</trkpt>
					<trkpt lat="48.509810" lon="-2.425320">
						<ele>79</ele>
						<time>2026-09-30T14:19:42Z</time>
					</trkpt>
					<trkpt lat="48.509550" lon="-2.425290">
						<ele>79</ele>
						<time>2026-09-30T14:19:46Z</time>
					</trkpt>
					<trkpt lat="48.509300" lon="-2.425280">
						<ele>79</ele>
						<time>2026-09-30T14:19:51Z</time>
					</trkpt>
					<trkpt lat="48.509110" lon="-2.425230">
						<ele>79</ele>
						<time>2026-09-30T14:19:54Z</time>
					</trkpt>
					<trkpt lat="48.508990" lon="-2.425170">
						<ele>80</ele>
						<time>2026-09-30T14:19:56Z</time>
					</trkpt>
					<trkpt lat="48.508830" lon="-2.425030">
						<ele>80</ele>
						<time>2026-09-30T14:20:00Z</time>
					</trkpt>
					<trkpt lat="48.508680" lon="-2.424830">
						<ele>81</ele>
						<time>2026-09-30T14:20:03Z</time>
					</trkpt>
					<trkpt lat="48.508390" lon="-2.424420">
						<ele>81</ele>
						<time>2026-09-30T14:20:10Z</time>
					</trkpt>
					<trkpt lat="48.508210" lon="-2.424200">
						<ele>81</ele>
						<time>2026-09-30T14:20:14Z</time>
					</trkpt>
					<trkpt lat="48.508050" lon="-2.424040">
						<ele>82</ele>
						<time>2026-09-30T14:20:18Z</time>
					</trkpt>
					<trkpt lat="48.507750" lon="-2.423830">
						<ele>83</ele>
						<time>2026-09-30T14:20:24Z</time>
					</trkpt>
					<trkpt lat="48.507630" lon="-2.423690">
						<ele>84</ele>
						<time>2026-09-30T14:20:26Z</time>
					</trkpt>
					<trkpt lat="48.507340" lon="-2.423330">
						<ele>86</ele>
						<time>2026-09-30T14:20:33Z</time>
					</trkpt>
					<trkpt lat="48.506800" lon="-2.422690">
						<ele>88</ele>
						<time>2026-09-30T14:20:45Z</time>
					</trkpt>
					<trkpt lat="48.506630" lon="-2.422390">
						<ele>90</ele>
						<time>2026-09-30T14:20:50Z</time>
					</trkpt>
					<trkpt lat="48.506510" lon="-2.422140">
						<ele>91</ele>
						<time>2026-09-30T14:20:54Z</time>
					</trkpt>
					<trkpt lat="48.506340" lon="-2.421820">
						<ele>93</ele>
						<time>2026-09-30T14:20:58Z</time>
					</trkpt>
					<trkpt lat="48.506070" lon="-2.421460">
						<ele>95</ele>
						<time>2026-09-30T14:21:05Z</time>
					</trkpt>
					<trkpt lat="48.505920" lon="-2.421290">
						<ele>96</ele>
						<time>2026-09-30T14:21:08Z</time>
					</trkpt>
					<trkpt lat="48.505690" lon="-2.421080">
						<ele>98</ele>
						<time>2026-09-30T14:21:13Z</time>
					</trkpt>
					<trkpt lat="48.505120" lon="-2.420660">
						<ele>100</ele>
						<time>2026-09-30T14:21:24Z</time>
					</trkpt>
					<trkpt lat="48.504710" lon="-2.420310">
						<ele>102</ele>
						<time>2026-09-30T14:21:33Z</time>
					</trkpt>
					<trkpt lat="48.504240" lon="-2.419860">
						<ele>102</ele>
						<time>2026-09-30T14:21:43Z</time>
					</trkpt>
					<trkpt lat="48.503730" lon="-2.419340">
						<ele>101</ele>
						<time>2026-09-30T14:21:53Z</time>
					</trkpt>
					<trkpt lat="48.503200" lon="-2.418770">
						<ele>101</ele>
						<time>2026-09-30T14:22:05Z</time>
					</trkpt>
					<trkpt lat="48.501640" lon="-2.417150">
						<ele>101</ele>
						<time>2026-09-30T14:22:39Z</time>
					</trkpt>
					<trkpt lat="48.501170" lon="-2.416660">
						<ele>102</ele>
						<time>2026-09-30T14:22:49Z</time>
					</trkpt>
					<trkpt lat="48.500790" lon="-2.416230">
						<ele>101</ele>
						<time>2026-09-30T14:22:57Z</time>
					</trkpt>
					<trkpt lat="48.500580" lon="-2.415930">
						<ele>101</ele>
						<time>2026-09-30T14:23:02Z</time>
					</trkpt>
					<trkpt lat="48.499630" lon="-2.414350">
						<ele>99</ele>
						<time>2026-09-30T14:23:28Z</time>
					</trkpt>
					<trkpt lat="48.498770" lon="-2.412950">
						<ele>98</ele>
						<time>2026-09-30T14:23:50Z</time>
					</trkpt>
					<trkpt lat="48.498540" lon="-2.412630">
						<ele>97</ele>
						<time>2026-09-30T14:23:56Z</time>
					</trkpt>
					<trkpt lat="48.497350" lon="-2.411120">
						<ele>101</ele>
						<time>2026-09-30T14:24:23Z</time>
					</trkpt>
					<trkpt lat="48.496020" lon="-2.409480">
						<ele>103</ele>
						<time>2026-09-30T14:24:54Z</time>
					</trkpt>
					<trkpt lat="48.495370" lon="-2.408660">
						<ele>106</ele>
						<time>2026-09-30T14:25:09Z</time>
					</trkpt>
					<trkpt lat="48.495120" lon="-2.408370">
						<ele>107</ele>
						<time>2026-09-30T14:25:15Z</time>
					</trkpt>
					<trkpt lat="48.494900" lon="-2.408170">
						<ele>107</ele>
						<time>2026-09-30T14:25:19Z</time>
					</trkpt>
					<trkpt lat="48.493750" lon="-2.407300">
						<ele>107</ele>
						<time>2026-09-30T14:25:42Z</time>
					</trkpt>
					<trkpt lat="48.492950" lon="-2.406710">
						<ele>105</ele>
						<time>2026-09-30T14:25:58Z</time>
					</trkpt>
					<trkpt lat="48.492780" lon="-2.406600">
						<ele>105</ele>
						<time>2026-09-30T14:26:01Z</time>
					</trkpt>
					<trkpt lat="48.492750" lon="-2.406570">
						<ele>104</ele>
						<time>2026-09-30T14:26:02Z</time>
					</trkpt>
					<trkpt lat="48.492480" lon="-2.406480">
						<ele>103</ele>
						<time>2026-09-30T14:26:07Z</time>
					</trkpt>
					<trkpt lat="48.488830" lon="-2.405670">
						<ele>98</ele>
						<time>2026-09-30T14:27:12Z</time>
					</trkpt>
					<trkpt lat="48.488510" lon="-2.405570">
						<ele>98</ele>
						<time>2026-09-30T14:27:18Z</time>
					</trkpt>
					<trkpt lat="48.485150" lon="-2.404750">
						<ele>90</ele>
						<time>2026-09-30T14:28:19Z</time>
					</trkpt>
					<trkpt lat="48.483900" lon="-2.404500">
						<ele>87</ele>
						<time>2026-09-30T14:28:41Z</time>
					</trkpt>
					<trkpt lat="48.483420" lon="-2.404370">
						<ele>86</ele>
						<time>2026-09-30T14:28:50Z</time>
					</trkpt>
					<trkpt lat="48.483170" lon="-2.404260">
						<ele>85</ele>
						<time>2026-09-30T14:28:55Z</time>
					</trkpt>
					<trkpt lat="48.482910" lon="-2.404130">
						<ele>85</ele>
						<time>2026-09-30T14:28:59Z</time>
					</trkpt>
					<trkpt lat="48.482660" lon="-2.403950">
						<ele>84</ele>
						<time>2026-09-30T14:29:04Z</time>
					</trkpt>
					<trkpt lat="48.481580" lon="-2.403330">
						<ele>84</ele>
						<time>2026-09-30T14:29:25Z</time>
					</trkpt>
					<trkpt lat="48.481410" lon="-2.403240">
						<ele>86</ele>
						<time>2026-09-30T14:29:28Z</time>
					</trkpt>
					<trkpt lat="48.481240" lon="-2.403170">
						<ele>87</ele>
						<time>2026-09-30T14:29:31Z</time>
					</trkpt>
					<trkpt lat="48.481090" lon="-2.403100">
						<ele>88</ele>
						<time>2026-09-30T14:29:34Z</time>
					</trkpt>
					<trkpt lat="48.480910" lon="-2.403050">
						<ele>88</ele>
						<time>2026-09-30T14:29:37Z</time>
					</trkpt>
					<trkpt lat="48.480160" lon="-2.402890">
						<ele>92</ele>
						<time>2026-09-30T14:29:51Z</time>
					</trkpt>
					<trkpt lat="48.478150" lon="-2.402530">
						<ele>93</ele>
						<time>2026-09-30T14:30:27Z</time>
					</trkpt>
					<trkpt lat="48.477960" lon="-2.402490">
						<ele>92</ele>
						<time>2026-09-30T14:30:30Z</time>
					</trkpt>
					<trkpt lat="48.477720" lon="-2.402350">
						<ele>90</ele>
						<time>2026-09-30T14:30:35Z</time>
					</trkpt>
					<trkpt lat="48.476310" lon="-2.401400">
						<ele>87</ele>
						<time>2026-09-30T14:31:02Z</time>
					</trkpt>
					<trkpt lat="48.475820" lon="-2.401010">
						<ele>85</ele>
						<time>2026-09-30T14:31:12Z</time>
					</trkpt>
					<trkpt lat="48.475110" lon="-2.400470">
						<ele>89</ele>
						<time>2026-09-30T14:31:26Z</time>
					</trkpt>
					<trkpt lat="48.474610" lon="-2.400030">
						<ele>90</ele>
						<time>2026-09-30T14:31:37Z</time>
					</trkpt>
					<trkpt lat="48.474280" lon="-2.399600">
						<ele>89</ele>
						<time>2026-09-30T14:31:44Z</time>
					</trkpt>
					<trkpt lat="48.473990" lon="-2.399330">
						<ele>89</ele>
						<time>2026-09-30T14:31:50Z</time>
					</trkpt>
					<trkpt lat="48.473780" lon="-2.399170">
						<ele>89</ele>
						<time>2026-09-30T14:31:55Z</time>
					</trkpt>
					<trkpt lat="48.473570" lon="-2.399040">
						<ele>89</ele>
						<time>2026-09-30T14:31:59Z</time>
					</trkpt>
					<trkpt lat="48.473390" lon="-2.399000">
						<ele>89</ele>
						<time>2026-09-30T14:32:02Z</time>
					</trkpt>
					<trkpt lat="48.473230" lon="-2.399010">
						<ele>89</ele>
						<time>2026-09-30T14:32:05Z</time>
					</trkpt>
					<trkpt lat="48.472590" lon="-2.399150">
						<ele>92</ele>
						<time>2026-09-30T14:32:16Z</time>
					</trkpt>
					<trkpt lat="48.472230" lon="-2.399250">
						<ele>93</ele>
						<time>2026-09-30T14:32:23Z</time>
					</trkpt>
					<trkpt lat="48.471300" lon="-2.399510">
						<ele>96</ele>
						<time>2026-09-30T14:32:40Z</time>
					</trkpt>
					<trkpt lat="48.470460" lon="-2.399780">
						<ele>100</ele>
						<time>2026-09-30T14:32:55Z</time>
					</trkpt>
					<trkpt lat="48.469740" lon="-2.399970">
						<ele>102</ele>
						<time>2026-09-30T14:33:08Z</time>
					</trkpt>
					<trkpt lat="48.469240" lon="-2.400090">
						<ele>102</ele>
						<time>2026-09-30T14:33:17Z</time>
					</trkpt>
					<trkpt lat="48.468100" lon="-2.400680">
						<ele>104</ele>
						<time>2026-09-30T14:33:38Z</time>
					</trkpt>
					<trkpt lat="48.467430" lon="-2.401040">
						<ele>105</ele>
						<time>2026-09-30T14:33:51Z</time>
					</trkpt>
					<trkpt lat="48.466940" lon="-2.401380">
						<ele>105</ele>
						<time>2026-09-30T14:34:01Z</time>
					</trkpt>
					<trkpt lat="48.466510" lon="-2.401540">
						<ele>105</ele>
						<time>2026-09-30T14:34:08Z</time>
					</trkpt>
					<trkpt lat="48.465780" lon="-2.401770">
						<ele>105</ele>
						<time>2026-09-30T14:34:22Z</time>
					</trkpt>
					<trkpt lat="48.465490" lon="-2.401810">
						<ele>104</ele>
						<time>2026-09-30T14:34:27Z</time>
					</trkpt>
					<trkpt lat="48.464930" lon="-2.401740">
						<ele>104</ele>
						<time>2026-09-30T14:34:37Z</time>
					</trkpt>
					<trkpt lat="48.464830" lon="-2.401760">
						<ele>104</ele>
						<time>2026-09-30T14:34:39Z</time>
					</trkpt>
					<trkpt lat="48.464730" lon="-2.401780">
						<ele>104</ele>
						<time>2026-09-30T14:34:40Z</time>
					</trkpt>
					<trkpt lat="48.464680" lon="-2.402770">
						<ele>100</ele>
						<time>2026-09-30T14:34:52Z</time>
					</trkpt>
					<trkpt lat="48.464680" lon="-2.403430">
						<ele>99</ele>
						<time>2026-09-30T14:35:00Z</time>
					</trkpt>
					<trkpt lat="48.464650" lon="-2.404410">
						<ele>99</ele>
						<time>2026-09-30T14:35:12Z</time>
					</trkpt>
					<trkpt lat="48.464660" lon="-2.404780">
						<ele>98</ele>
						<time>2026-09-30T14:35:16Z</time>
					</trkpt>
					<trkpt lat="48.464680" lon="-2.405000">
						<ele>98</ele>
						<time>2026-09-30T14:35:19Z</time>
					</trkpt>
					<trkpt lat="48.464710" lon="-2.405180">
						<ele>98</ele>
						<time>2026-09-30T14:35:21Z</time>
					</trkpt>
					<trkpt lat="48.464950" lon="-2.405900">
						<ele>96</ele>
						<time>2026-09-30T14:35:30Z</time>
					</trkpt>
					<trkpt lat="48.465110" lon="-2.406320">
						<ele>96</ele>
						<time>2026-09-30T14:35:36Z</time>
					</trkpt>
					<trkpt lat="48.465210" lon="-2.406680">
						<ele>96</ele>
						<time>2026-09-30T14:35:41Z</time>
					</trkpt>
					<trkpt lat="48.465260" lon="-2.406930">
						<ele>96</ele>
						<time>2026-09-30T14:35:44Z</time>
					</trkpt>
					<trkpt lat="48.465270" lon="-2.407230">
						<ele>96</ele>
						<time>2026-09-30T14:35:47Z</time>
					</trkpt>
					<trkpt lat="48.465210" lon="-2.408490">
						<ele>95</ele>
						<time>2026-09-30T14:36:02Z</time>
					</trkpt>
					<trkpt lat="48.465180" lon="-2.409020">
						<ele>95</ele>
						<time>2026-09-30T14:36:08Z</time>
					</trkpt>
					<trkpt lat="48.465060" lon="-2.409930">
						<ele>94</ele>
						<time>2026-09-30T14:36:19Z</time>
					</trkpt>
					<trkpt lat="48.465020" lon="-2.411110">
						<ele>93</ele>
						<time>2026-09-30T14:36:33Z</time>
					</trkpt>
					<trkpt lat="48.464990" lon="-2.412420">
						<ele>94</ele>
						<time>2026-09-30T14:36:49Z</time>
					</trkpt>
					<trkpt lat="48.464900" lon="-2.413080">
						<ele>93</ele>
						<time>2026-09-30T14:36:57Z</time>
					</trkpt>
					<trkpt lat="48.464830" lon="-2.413880">
						<ele>92</ele>
						<time>2026-09-30T14:37:06Z</time>
					</trkpt>
					<trkpt lat="48.464810" lon="-2.414270">
						<ele>92</ele>
						<time>2026-09-30T14:37:11Z</time>
					</trkpt>
					<trkpt lat="48.464690" lon="-2.414790">
						<ele>92</ele>
						<time>2026-09-30T14:37:17Z</time>
					</trkpt>
					<trkpt lat="48.464480" lon="-2.415580">
						<ele>91</ele>
						<time>2026-09-30T14:37:27Z</time>
					</trkpt>
					<trkpt lat="48.464440" lon="-2.415900">
						<ele>90</ele>
						<time>2026-09-30T14:37:31Z</time>
					</trkpt>
					<trkpt lat="48.464430" lon="-2.416210">
						<ele>90</ele>
						<time>2026-09-30T14:37:35Z</time>
					</trkpt>
					<trkpt lat="48.464450" lon="-2.417210">
						<ele>89</ele>
						<time>2026-09-30T14:37:47Z</time>
					</trkpt>
					<trkpt lat="48.464330" lon="-2.417810">
						<ele>89</ele>
						<time>2026-09-30T14:37:54Z</time>
					</trkpt>
					<trkpt lat="48.463910" lon="-2.418860">
						<ele>89</ele>
						<time>2026-09-30T14:38:08Z</time>
					</trkpt>
					<trkpt lat="48.463670" lon="-2.419270">
						<ele>89</ele>
						<time>2026-09-30T14:38:15Z</time>
					</trkpt>
					<trkpt lat="48.463400" lon="-2.419700">
						<ele>89</ele>
						<time>2026-09-30T14:38:22Z</time>
					</trkpt>
					<trkpt lat="48.463170" lon="-2.420210">
						<ele>88</ele>
						<time>2026-09-30T14:38:29Z</time>
					</trkpt>
					<trkpt lat="48.462960" lon="-2.420940">
						<ele>87</ele>
						<time>2026-09-30T14:38:39Z</time>
					</trkpt>
					<trkpt lat="48.462940" lon="-2.421080">
						<ele>87</ele>
						<time>2026-09-30T14:38:40Z</time>
					</trkpt>
					<trkpt lat="48.462960" lon="-2.421210">
						<ele>86</ele>
						<time>2026-09-30T14:38:42Z</time>
					</trkpt>
					<trkpt lat="48.463010" lon="-2.421380">
						<ele>86</ele>
						<time>2026-09-30T14:38:44Z</time>
					</trkpt>
					<trkpt lat="48.463010" lon="-2.421390">
						<ele>86</ele>
						<time>2026-09-30T14:38:44Z</time>
					</trkpt>
					<trkpt lat="48.462930" lon="-2.423350">
						<ele>82</ele>
						<time>2026-09-30T14:39:07Z</time>
					</trkpt>
					<trkpt lat="48.462810" lon="-2.423470">
						<ele>82</ele>
						<time>2026-09-30T14:39:10Z</time>
					</trkpt>
					<trkpt lat="48.462780" lon="-2.423560">
						<ele>82</ele>
						<time>2026-09-30T14:39:11Z</time>
					</trkpt>
					<trkpt lat="48.462720" lon="-2.423980">
						<ele>82</ele>
						<time>2026-09-30T14:39:16Z</time>
					</trkpt>
					<trkpt lat="48.462620" lon="-2.424430">
						<ele>81</ele>
						<time>2026-09-30T14:39:22Z</time>
					</trkpt>
					<trkpt lat="48.462550" lon="-2.424550">
						<ele>81</ele>
						<time>2026-09-30T14:39:24Z</time>
					</trkpt>
					<trkpt lat="48.462520" lon="-2.424600">
						<ele>81</ele>
						<time>2026-09-30T14:39:24Z</time>
					</trkpt>
					<trkpt lat="48.462420" lon="-2.425060">
						<ele>80</ele>
						<time>2026-09-30T14:39:30Z</time>
					</trkpt>
					<trkpt lat="48.462320" lon="-2.425720">
						<ele>79</ele>
						<time>2026-09-30T14:39:38Z</time>
					</trkpt>
					<trkpt lat="48.462240" lon="-2.426450">
						<ele>78</ele>
						<time>2026-09-30T14:39:47Z</time>
					</trkpt>
					<trkpt lat="48.462240" lon="-2.427170">
						<ele>77</ele>
						<time>2026-09-30T14:39:55Z</time>
					</trkpt>
					<trkpt lat="48.462260" lon="-2.427430">
						<ele>76</ele>
						<time>2026-09-30T14:39:58Z</time>
					</trkpt>
					<trkpt lat="48.462480" lon="-2.428620">
						<ele>76</ele>
						<time>2026-09-30T14:40:13Z</time>
					</trkpt>
					<trkpt lat="48.462530" lon="-2.429340">
						<ele>74</ele>
						<time>2026-09-30T14:40:22Z</time>
					</trkpt>
					<trkpt lat="48.462590" lon="-2.430260">
						<ele>71</ele>
						<time>2026-09-30T14:40:32Z</time>
					</trkpt>
					<trkpt lat="48.462680" lon="-2.431250">
						<ele>69</ele>
						<time>2026-09-30T14:40:44Z</time>
					</trkpt>
					<trkpt lat="48.462830" lon="-2.433050">
						<ele>66</ele>
						<time>2026-09-30T14:41:06Z</time>
					</trkpt>
					<trkpt lat="48.462860" lon="-2.433570">
						<ele>66</ele>
						<time>2026-09-30T14:41:12Z</time>
					</trkpt>
					<trkpt lat="48.462860" lon="-2.433890">
						<ele>66</ele>
						<time>2026-09-30T14:41:16Z</time>
					</trkpt>
					<trkpt lat="48.462840" lon="-2.434070">
						<ele>66</ele>
						<time>2026-09-30T14:41:18Z</time>
					</trkpt>
					<trkpt lat="48.462780" lon="-2.434300">
						<ele>66</ele>
						<time>2026-09-30T14:41:21Z</time>
					</trkpt>
					<trkpt lat="48.462370" lon="-2.434980">
						<ele>64</ele>
						<time>2026-09-30T14:41:32Z</time>
					</trkpt>
					<trkpt lat="48.462330" lon="-2.435070">
						<ele>64</ele>
						<time>2026-09-30T14:41:33Z</time>
					</trkpt>
					<trkpt lat="48.462300" lon="-2.435160">
						<ele>63</ele>
						<time>2026-09-30T14:41:34Z</time>
					</trkpt>
					<trkpt lat="48.462290" lon="-2.435270">
						<ele>63</ele>
						<time>2026-09-30T14:41:35Z</time>
					</trkpt>
					<trkpt lat="48.462290" lon="-2.435380">
						<ele>63</ele>
						<time>2026-09-30T14:41:37Z</time>
					</trkpt>
					<trkpt lat="48.462350" lon="-2.435650">
						<ele>62</ele>
						<time>2026-09-30T14:41:40Z</time>
					</trkpt>
					<trkpt lat="48.462470" lon="-2.435960">
						<ele>61</ele>
						<time>2026-09-30T14:41:44Z</time>
					</trkpt>
					<trkpt lat="48.462530" lon="-2.436170">
						<ele>61</ele>
						<time>2026-09-30T14:41:47Z</time>
					</trkpt>
					<trkpt lat="48.462560" lon="-2.436310">
						<ele>62</ele>
						<time>2026-09-30T14:41:49Z</time>
					</trkpt>
					<trkpt lat="48.462570" lon="-2.436420">
						<ele>62</ele>
						<time>2026-09-30T14:41:50Z</time>
					</trkpt>
					<trkpt lat="48.462580" lon="-2.436760">
						<ele>62</ele>
						<time>2026-09-30T14:41:54Z</time>
					</trkpt>
					<trkpt lat="48.462940" lon="-2.438330">
						<ele>65</ele>
						<time>2026-09-30T14:42:14Z</time>
					</trkpt>
					<trkpt lat="48.462940" lon="-2.438500">
						<ele>65</ele>
						<time>2026-09-30T14:42:16Z</time>
					</trkpt>
					<trkpt lat="48.462910" lon="-2.438880">
						<ele>65</ele>
						<time>2026-09-30T14:42:20Z</time>
					</trkpt>
					<trkpt lat="48.462780" lon="-2.439860">
						<ele>67</ele>
						<time>2026-09-30T14:42:32Z</time>
					</trkpt>
					<trkpt lat="48.462710" lon="-2.440150">
						<ele>67</ele>
						<time>2026-09-30T14:42:35Z</time>
					</trkpt>
					<trkpt lat="48.462550" lon="-2.440470">
						<ele>67</ele>
						<time>2026-09-30T14:42:40Z</time>
					</trkpt>
					<trkpt lat="48.462420" lon="-2.440820">
						<ele>66</ele>
						<time>2026-09-30T14:42:45Z</time>
					</trkpt>
					<trkpt lat="48.462380" lon="-2.440970">
						<ele>65</ele>
						<time>2026-09-30T14:42:47Z</time>
					</trkpt>
					<trkpt lat="48.462200" lon="-2.441770">
						<ele>62</ele>
						<time>2026-09-30T14:42:57Z</time>
					</trkpt>
					<trkpt lat="48.462240" lon="-2.441950">
						<ele>62</ele>
						<time>2026-09-30T14:42:59Z</time>
					</trkpt>
					<trkpt lat="48.462470" lon="-2.442590">
						<ele>62</ele>
						<time>2026-09-30T14:43:08Z</time>
					</trkpt>
					<trkpt lat="48.462470" lon="-2.443270">
						<ele>61</ele>
						<time>2026-09-30T14:43:16Z</time>
					</trkpt>
					<trkpt lat="48.462490" lon="-2.443760">
						<ele>60</ele>
						<time>2026-09-30T14:43:21Z</time>
					</trkpt>
					<trkpt lat="48.462540" lon="-2.444190">
						<ele>59</ele>
						<time>2026-09-30T14:43:27Z</time>
					</trkpt>
					<trkpt lat="48.462580" lon="-2.444710">
						<ele>59</ele>
						<time>2026-09-30T14:43:33Z</time>
					</trkpt>
					<trkpt lat="48.462620" lon="-2.444930">
						<ele>59</ele>
						<time>2026-09-30T14:43:35Z</time>
					</trkpt>
					<trkpt lat="48.462790" lon="-2.445700">
						<ele>61</ele>
						<time>2026-09-30T14:43:45Z</time>
					</trkpt>
					<trkpt lat="48.462800" lon="-2.445790">
						<ele>61</ele>
						<time>2026-09-30T14:43:46Z</time>
					</trkpt>
					<trkpt lat="48.462800" lon="-2.445930">
						<ele>61</ele>
						<time>2026-09-30T14:43:48Z</time>
					</trkpt>
					<trkpt lat="48.462560" lon="-2.446370">
						<ele>60</ele>
						<time>2026-09-30T14:43:55Z</time>
					</trkpt>
					<trkpt lat="48.462310" lon="-2.446750">
						<ele>60</ele>
						<time>2026-09-30T14:44:01Z</time>
					</trkpt>
					<trkpt lat="48.461970" lon="-2.447210">
						<ele>60</ele>
						<time>2026-09-30T14:44:09Z</time>
					</trkpt>
					<trkpt lat="48.461890" lon="-2.447340">
						<ele>60</ele>
						<time>2026-09-30T14:44:11Z</time>
					</trkpt>
					<trkpt lat="48.461850" lon="-2.447420">
						<ele>60</ele>
						<time>2026-09-30T14:44:12Z</time>
					</trkpt>
					<trkpt lat="48.461800" lon="-2.447580">
						<ele>60</ele>
						<time>2026-09-30T14:44:14Z</time>
					</trkpt>
					<trkpt lat="48.461770" lon="-2.447750">
						<ele>60</ele>
						<time>2026-09-30T14:44:16Z</time>
					</trkpt>
					<trkpt lat="48.461650" lon="-2.448670">
						<ele>63</ele>
						<time>2026-09-30T14:44:27Z</time>
					</trkpt>
					<trkpt lat="48.461610" lon="-2.449060">
						<ele>64</ele>
						<time>2026-09-30T14:44:32Z</time>
					</trkpt>
					<trkpt lat="48.461570" lon="-2.449750">
						<ele>65</ele>
						<time>2026-09-30T14:44:40Z</time>
					</trkpt>
					<trkpt lat="48.461520" lon="-2.450220">
						<ele>66</ele>
						<time>2026-09-30T14:44:46Z</time>
					</trkpt>
					<trkpt lat="48.461520" lon="-2.450450">
						<ele>67</ele>
						<time>2026-09-30T14:44:49Z</time>
					</trkpt>
					<trkpt lat="48.461540" lon="-2.450570">
						<ele>68</ele>
						<time>2026-09-30T14:44:50Z</time>
					</trkpt>
					<trkpt lat="48.461650" lon="-2.451000">
						<ele>69</ele>
						<time>2026-09-30T14:44:56Z</time>
					</trkpt>
					<trkpt lat="48.461660" lon="-2.451130">
						<ele>70</ele>
						<time>2026-09-30T14:44:57Z</time>
					</trkpt>
					<trkpt lat="48.461640" lon="-2.451260">
						<ele>70</ele>
						<time>2026-09-30T14:44:59Z</time>
					</trkpt>
					<trkpt lat="48.461620" lon="-2.451330">
						<ele>70</ele>
						<time>2026-09-30T14:45:00Z</time>
					</trkpt>
					<trkpt lat="48.461590" lon="-2.451390">
						<ele>70</ele>
						<time>2026-09-30T14:45:00Z</time>
					</trkpt>
					<trkpt lat="48.461520" lon="-2.451470">
						<ele>70</ele>
						<time>2026-09-30T14:45:02Z</time>
					</trkpt>
					<trkpt lat="48.461290" lon="-2.451610">
						<ele>69</ele>
						<time>2026-09-30T14:45:06Z</time>
					</trkpt>
					<trkpt lat="48.461180" lon="-2.451690">
						<ele>69</ele>
						<time>2026-09-30T14:45:09Z</time>
					</trkpt>
					<trkpt lat="48.461120" lon="-2.451760">
						<ele>69</ele>
						<time>2026-09-30T14:45:10Z</time>
					</trkpt>
					<trkpt lat="48.461070" lon="-2.451840">
						<ele>69</ele>
						<time>2026-09-30T14:45:11Z</time>
					</trkpt>
					<trkpt lat="48.461020" lon="-2.451970">
						<ele>69</ele>
						<time>2026-09-30T14:45:13Z</time>
					</trkpt>
					<trkpt lat="48.460980" lon="-2.452100">
						<ele>70</ele>
						<time>2026-09-30T14:45:15Z</time>
					</trkpt>
					<trkpt lat="48.460880" lon="-2.452660">
						<ele>72</ele>
						<time>2026-09-30T14:45:22Z</time>
					</trkpt>
					<trkpt lat="48.460820" lon="-2.452820">
						<ele>72</ele>
						<time>2026-09-30T14:45:24Z</time>
					</trkpt>
					<trkpt lat="48.460730" lon="-2.452920">
						<ele>72</ele>
						<time>2026-09-30T14:45:26Z</time>
					</trkpt>
					<trkpt lat="48.460020" lon="-2.453480">
						<ele>70</ele>
						<time>2026-09-30T14:45:40Z</time>
					</trkpt>
					<trkpt lat="48.459510" lon="-2.453910">
						<ele>70</ele>
						<time>2026-09-30T14:45:50Z</time>
					</trkpt>
					<trkpt lat="48.459050" lon="-2.454260">
						<ele>70</ele>
						<time>2026-09-30T14:46:00Z</time>
					</trkpt>
					<trkpt lat="48.458810" lon="-2.454490">
						<ele>72</ele>
						<time>2026-09-30T14:46:05Z</time>
					</trkpt>
					<trkpt lat="48.458470" lon="-2.454860">
						<ele>73</ele>
						<time>2026-09-30T14:46:12Z</time>
					</trkpt>
					<trkpt lat="48.458130" lon="-2.455260">
						<ele>74</ele>
						<time>2026-09-30T14:46:20Z</time>
					</trkpt>
					<trkpt lat="48.457990" lon="-2.455390">
						<ele>74</ele>
						<time>2026-09-30T14:46:23Z</time>
					</trkpt>
					<trkpt lat="48.457680" lon="-2.455600">
						<ele>74</ele>
						<time>2026-09-30T14:46:29Z</time>
					</trkpt>
					<trkpt lat="48.457250" lon="-2.455850">
						<ele>74</ele>
						<time>2026-09-30T14:46:37Z</time>
					</trkpt>
					<trkpt lat="48.457100" lon="-2.455960">
						<ele>73</ele>
						<time>2026-09-30T14:46:40Z</time>
					</trkpt>
					<trkpt lat="48.456650" lon="-2.456300">
						<ele>72</ele>
						<time>2026-09-30T14:46:49Z</time>
					</trkpt>
					<trkpt lat="48.456240" lon="-2.456650">
						<ele>70</ele>
						<time>2026-09-30T14:46:57Z</time>
					</trkpt>
					<trkpt lat="48.456100" lon="-2.456790">
						<ele>70</ele>
						<time>2026-09-30T14:47:00Z</time>
					</trkpt>
					<trkpt lat="48.455980" lon="-2.456930">
						<ele>70</ele>
						<time>2026-09-30T14:47:03Z</time>
					</trkpt>
					<trkpt lat="48.455740" lon="-2.457260">
						<ele>69</ele>
						<time>2026-09-30T14:47:09Z</time>
					</trkpt>
					<trkpt lat="48.455510" lon="-2.457660">
						<ele>68</ele>
						<time>2026-09-30T14:47:15Z</time>
					</trkpt>
					<trkpt lat="48.455410" lon="-2.457860">
						<ele>68</ele>
						<time>2026-09-30T14:47:18Z</time>
					</trkpt>
					<trkpt lat="48.455320" lon="-2.458070">
						<ele>68</ele>
						<time>2026-09-30T14:47:21Z</time>
					</trkpt>
					<trkpt lat="48.455200" lon="-2.458460">
						<ele>68</ele>
						<time>2026-09-30T14:47:26Z</time>
					</trkpt>
					<trkpt lat="48.455150" lon="-2.458660">
						<ele>67</ele>
						<time>2026-09-30T14:47:28Z</time>
					</trkpt>
					<trkpt lat="48.455120" lon="-2.458870">
						<ele>67</ele>
						<time>2026-09-30T14:47:31Z</time>
					</trkpt>
					<trkpt lat="48.455080" lon="-2.459930">
						<ele>65</ele>
						<time>2026-09-30T14:47:43Z</time>
					</trkpt>
					<trkpt lat="48.455050" lon="-2.460100">
						<ele>65</ele>
						<time>2026-09-30T14:47:46Z</time>
					</trkpt>
					<trkpt lat="48.455020" lon="-2.460260">
						<ele>65</ele>
						<time>2026-09-30T14:47:47Z</time>
					</trkpt>
					<trkpt lat="48.454960" lon="-2.460440">
						<ele>65</ele>
						<time>2026-09-30T14:47:50Z</time>
					</trkpt>
					<trkpt lat="48.454750" lon="-2.460960">
						<ele>63</ele>
						<time>2026-09-30T14:47:57Z</time>
					</trkpt>
					<trkpt lat="48.454710" lon="-2.461050">
						<ele>63</ele>
						<time>2026-09-30T14:47:58Z</time>
					</trkpt>
					<trkpt lat="48.454510" lon="-2.461540">
						<ele>63</ele>
						<time>2026-09-30T14:48:05Z</time>
					</trkpt>
					<trkpt lat="48.454440" lon="-2.461760">
						<ele>63</ele>
						<time>2026-09-30T14:48:08Z</time>
					</trkpt>
					<trkpt lat="48.454390" lon="-2.461980">
						<ele>62</ele>
						<time>2026-09-30T14:48:11Z</time>
					</trkpt>
					<trkpt lat="48.454350" lon="-2.462190">
						<ele>62</ele>
						<time>2026-09-30T14:48:13Z</time>
					</trkpt>
					<trkpt lat="48.454300" lon="-2.462610">
						<ele>62</ele>
						<time>2026-09-30T14:48:18Z</time>
					</trkpt>
					<trkpt lat="48.454290" lon="-2.462890">
						<ele>61</ele>
						<time>2026-09-30T14:48:22Z</time>
					</trkpt>
					<trkpt lat="48.454290" lon="-2.463020">
						<ele>60</ele>
						<time>2026-09-30T14:48:23Z</time>
					</trkpt>
					<trkpt lat="48.454310" lon="-2.463150">
						<ele>60</ele>
						<time>2026-09-30T14:48:25Z</time>
					</trkpt>
					<trkpt lat="48.454450" lon="-2.463750">
						<ele>61</ele>
						<time>2026-09-30T14:48:32Z</time>
					</trkpt>
					<trkpt lat="48.454460" lon="-2.463830">
						<ele>61</ele>
						<time>2026-09-30T14:48:33Z</time>
					</trkpt>
					<trkpt lat="48.454310" lon="-2.464710">
						<ele>61</ele>
						<time>2026-09-30T14:48:44Z</time>
					</trkpt>
					<trkpt lat="48.454300" lon="-2.465020">
						<ele>61</ele>
						<time>2026-09-30T14:48:48Z</time>
					</trkpt>
					<trkpt lat="48.454310" lon="-2.465540">
						<ele>60</ele>
						<time>2026-09-30T14:48:54Z</time>
					</trkpt>
					<trkpt lat="48.454300" lon="-2.465830">
						<ele>59</ele>
						<time>2026-09-30T14:48:57Z</time>
					</trkpt>
					<trkpt lat="48.454220" lon="-2.466090">
						<ele>57</ele>
						<time>2026-09-30T14:49:01Z</time>
					</trkpt>
					<trkpt lat="48.453990" lon="-2.466470">
						<ele>56</ele>
						<time>2026-09-30T14:49:07Z</time>
					</trkpt>
					<trkpt lat="48.453850" lon="-2.466690">
						<ele>55</ele>
						<time>2026-09-30T14:49:10Z</time>
					</trkpt>
					<trkpt lat="48.453390" lon="-2.467380">
						<ele>53</ele>
						<time>2026-09-30T14:49:22Z</time>
					</trkpt>
					<trkpt lat="48.453180" lon="-2.467620">
						<ele>53</ele>
						<time>2026-09-30T14:49:26Z</time>
					</trkpt>
					<trkpt lat="48.451680" lon="-2.469000">
						<ele>57</ele>
						<time>2026-09-30T14:49:58Z</time>
					</trkpt>
					<trkpt lat="48.451400" lon="-2.469370">
						<ele>57</ele>
						<time>2026-09-30T14:50:04Z</time>
					</trkpt>
					<trkpt lat="48.451050" lon="-2.469930">
						<ele>59</ele>
						<time>2026-09-30T14:50:13Z</time>
					</trkpt>
					<trkpt lat="48.450900" lon="-2.470320">
						<ele>60</ele>
						<time>2026-09-30T14:50:19Z</time>
					</trkpt>
					<trkpt lat="48.450610" lon="-2.471280">
						<ele>62</ele>
						<time>2026-09-30T14:50:31Z</time>
					</trkpt>
					<trkpt lat="48.450490" lon="-2.471670">
						<ele>63</ele>
						<time>2026-09-30T14:50:36Z</time>
					</trkpt>
					<trkpt lat="48.450310" lon="-2.472170">
						<ele>64</ele>
						<time>2026-09-30T14:50:43Z</time>
					</trkpt>
					<trkpt lat="48.450020" lon="-2.473200">
						<ele>66</ele>
						<time>2026-09-30T14:50:56Z</time>
					</trkpt>
					<trkpt lat="48.449960" lon="-2.473470">
						<ele>66</ele>
						<time>2026-09-30T14:51:00Z</time>
					</trkpt>
					<trkpt lat="48.449920" lon="-2.473740">
						<ele>67</ele>
						<time>2026-09-30T14:51:03Z</time>
					</trkpt>
					<trkpt lat="48.449890" lon="-2.474010">
						<ele>67</ele>
						<time>2026-09-30T14:51:06Z</time>
					</trkpt>
					<trkpt lat="48.449880" lon="-2.474280">
						<ele>68</ele>
						<time>2026-09-30T14:51:09Z</time>
					</trkpt>
					<trkpt lat="48.449880" lon="-2.475370">
						<ele>73</ele>
						<time>2026-09-30T14:51:22Z</time>
					</trkpt>
					<trkpt lat="48.449860" lon="-2.475830">
						<ele>75</ele>
						<time>2026-09-30T14:51:28Z</time>
					</trkpt>
					<trkpt lat="48.449830" lon="-2.476090">
						<ele>76</ele>
						<time>2026-09-30T14:51:31Z</time>
					</trkpt>
					<trkpt lat="48.449720" lon="-2.476660">
						<ele>79</ele>
						<time>2026-09-30T14:51:38Z</time>
					</trkpt>
					<trkpt lat="48.449670" lon="-2.476870">
						<ele>79</ele>
						<time>2026-09-30T14:51:40Z</time>
					</trkpt>
					<trkpt lat="48.449610" lon="-2.477060">
						<ele>79</ele>
						<time>2026-09-30T14:51:43Z</time>
					</trkpt>
					<trkpt lat="48.449190" lon="-2.478160">
						<ele>81</ele>
						<time>2026-09-30T14:51:58Z</time>
					</trkpt>
					<trkpt lat="48.448740" lon="-2.479340">
						<ele>81</ele>
						<time>2026-09-30T14:52:14Z</time>
					</trkpt>
					<trkpt lat="48.448640" lon="-2.479670">
						<ele>81</ele>
						<time>2026-09-30T14:52:18Z</time>
					</trkpt>
					<trkpt lat="48.448390" lon="-2.480550">
						<ele>80</ele>
						<time>2026-09-30T14:52:29Z</time>
					</trkpt>
					<trkpt lat="48.448320" lon="-2.480810">
						<ele>80</ele>
						<time>2026-09-30T14:52:33Z</time>
					</trkpt>
					<trkpt lat="48.448270" lon="-2.481070">
						<ele>80</ele>
						<time>2026-09-30T14:52:36Z</time>
					</trkpt>
					<trkpt lat="48.448250" lon="-2.481330">
						<ele>79</ele>
						<time>2026-09-30T14:52:39Z</time>
					</trkpt>
					<trkpt lat="48.448230" lon="-2.481750">
						<ele>79</ele>
						<time>2026-09-30T14:52:44Z</time>
					</trkpt>
					<trkpt lat="48.448210" lon="-2.482380">
						<ele>78</ele>
						<time>2026-09-30T14:52:51Z</time>
					</trkpt>
					<trkpt lat="48.448190" lon="-2.482780">
						<ele>78</ele>
						<time>2026-09-30T14:52:56Z</time>
					</trkpt>
					<trkpt lat="48.448030" lon="-2.483470">
						<ele>77</ele>
						<time>2026-09-30T14:53:05Z</time>
					</trkpt>
					<trkpt lat="48.447840" lon="-2.484690">
						<ele>75</ele>
						<time>2026-09-30T14:53:20Z</time>
					</trkpt>
					<trkpt lat="48.447770" lon="-2.485060">
						<ele>73</ele>
						<time>2026-09-30T14:53:24Z</time>
					</trkpt>
					<trkpt lat="48.447710" lon="-2.485210">
						<ele>72</ele>
						<time>2026-09-30T14:53:26Z</time>
					</trkpt>
					<trkpt lat="48.447560" lon="-2.485500">
						<ele>71</ele>
						<time>2026-09-30T14:53:31Z</time>
					</trkpt>
					<trkpt lat="48.447530" lon="-2.485540">
						<ele>70</ele>
						<time>2026-09-30T14:53:31Z</time>
					</trkpt>
					<trkpt lat="48.447420" lon="-2.485740">
						<ele>70</ele>
						<time>2026-09-30T14:53:34Z</time>
					</trkpt>
					<trkpt lat="48.447330" lon="-2.485890">
						<ele>69</ele>
						<time>2026-09-30T14:53:37Z</time>
					</trkpt>
					<trkpt lat="48.447300" lon="-2.485910">
						<ele>69</ele>
						<time>2026-09-30T14:53:37Z</time>
					</trkpt>
					<trkpt lat="48.447350" lon="-2.486300">
						<ele>67</ele>
						<time>2026-09-30T14:53:42Z</time>
					</trkpt>
					<trkpt lat="48.447400" lon="-2.486450">
						<ele>66</ele>
						<time>2026-09-30T14:53:44Z</time>
					</trkpt>
					<trkpt lat="48.447510" lon="-2.486650">
						<ele>65</ele>
						<time>2026-09-30T14:53:47Z</time>
					</trkpt>
					<trkpt lat="48.447630" lon="-2.486800">
						<ele>64</ele>
						<time>2026-09-30T14:53:50Z</time>
					</trkpt>
					<trkpt lat="48.447750" lon="-2.486920">
						<ele>64</ele>
						<time>2026-09-30T14:53:52Z</time>
					</trkpt>
					<trkpt lat="48.448220" lon="-2.487300">
						<ele>62</ele>
						<time>2026-09-30T14:54:02Z</time>
					</trkpt>
					<trkpt lat="48.448540" lon="-2.487530">
						<ele>61</ele>
						<time>2026-09-30T14:54:08Z</time>
					</trkpt>
					<trkpt lat="48.448860" lon="-2.487720">
						<ele>61</ele>
						<time>2026-09-30T14:54:14Z</time>
					</trkpt>
					<trkpt lat="48.449530" lon="-2.488250">
						<ele>57</ele>
						<time>2026-09-30T14:54:28Z</time>
					</trkpt>
					<trkpt lat="48.449920" lon="-2.488510">
						<ele>57</ele>
						<time>2026-09-30T14:54:35Z</time>
					</trkpt>
					<trkpt lat="48.450150" lon="-2.488680">
						<ele>55</ele>
						<time>2026-09-30T14:54:40Z</time>
					</trkpt>
					<trkpt lat="48.450360" lon="-2.488850">
						<ele>54</ele>
						<time>2026-09-30T14:54:44Z</time>
					</trkpt>
					<trkpt lat="48.450500" lon="-2.489010">
						<ele>54</ele>
						<time>2026-09-30T14:54:47Z</time>
					</trkpt>
					<trkpt lat="48.450590" lon="-2.489160">
						<ele>53</ele>
						<time>2026-09-30T14:54:50Z</time>
					</trkpt>
					<trkpt lat="48.450700" lon="-2.489340">
						<ele>54</ele>
						<time>2026-09-30T14:54:53Z</time>
					</trkpt>
					<trkpt lat="48.450800" lon="-2.489490">
						<ele>54</ele>
						<time>2026-09-30T14:54:55Z</time>
					</trkpt>
					<trkpt lat="48.451090" lon="-2.489970">
						<ele>56</ele>
						<time>2026-09-30T14:55:03Z</time>
					</trkpt>
					<trkpt lat="48.451910" lon="-2.491280">
						<ele>63</ele>
						<time>2026-09-30T14:55:24Z</time>
					</trkpt>
					<trkpt lat="48.452550" lon="-2.492310">
						<ele>68</ele>
						<time>2026-09-30T14:55:41Z</time>
					</trkpt>
					<trkpt lat="48.452510" lon="-2.492370">
						<ele>68</ele>
						<time>2026-09-30T14:55:42Z</time>
					</trkpt>
					<trkpt lat="48.452490" lon="-2.492450">
						<ele>68</ele>
						<time>2026-09-30T14:55:43Z</time>
					</trkpt>
					<trkpt lat="48.452170" lon="-2.493450">
						<ele>71</ele>
						<time>2026-09-30T14:55:56Z</time>
					</trkpt>
					<trkpt lat="48.451830" lon="-2.494170">
						<ele>72</ele>
						<time>2026-09-30T14:56:06Z</time>
					</trkpt>
					<trkpt lat="48.451480" lon="-2.494830">
						<ele>72</ele>
						<time>2026-09-30T14:56:16Z</time>
					</trkpt>
					<trkpt lat="48.451310" lon="-2.495060">
						<ele>71</ele>
						<time>2026-09-30T14:56:20Z</time>
					</trkpt>
					<trkpt lat="48.450790" lon="-2.495540">
						<ele>71</ele>
						<time>2026-09-30T14:56:31Z</time>
					</trkpt>
					<trkpt lat="48.450080" lon="-2.496260">
						<ele>73</ele>
						<time>2026-09-30T14:56:46Z</time>
					</trkpt>
					<trkpt lat="48.449980" lon="-2.496320">
						<ele>73</ele>
						<time>2026-09-30T14:56:48Z</time>
					</trkpt>
					<trkpt lat="48.449400" lon="-2.497010">
						<ele>75</ele>
						<time>2026-09-30T14:57:01Z</time>
					</trkpt>
					<trkpt lat="48.448770" lon="-2.497570">
						<ele>73</ele>
						<time>2026-09-30T14:57:14Z</time>
					</trkpt>
					<trkpt lat="48.448430" lon="-2.497790">
						<ele>72</ele>
						<time>2026-09-30T14:57:21Z</time>
					</trkpt>
					<trkpt lat="48.448110" lon="-2.498000">
						<ele>71</ele>
						<time>2026-09-30T14:57:27Z</time>
					</trkpt>
					<trkpt lat="48.447020" lon="-2.498510">
						<ele>72</ele>
						<time>2026-09-30T14:57:47Z</time>
					</trkpt>
					<trkpt lat="48.446570" lon="-2.498780">
						<ele>72</ele>
						<time>2026-09-30T14:57:56Z</time>
					</trkpt>
					<trkpt lat="48.446200" lon="-2.499100">
						<ele>74</ele>
						<time>2026-09-30T14:58:04Z</time>
					</trkpt>
					<trkpt lat="48.445990" lon="-2.499340">
						<ele>75</ele>
						<time>2026-09-30T14:58:08Z</time>
					</trkpt>
					<trkpt lat="48.445790" lon="-2.499600">
						<ele>76</ele>
						<time>2026-09-30T14:58:13Z</time>
					</trkpt>
					<trkpt lat="48.445640" lon="-2.499910">
						<ele>77</ele>
						<time>2026-09-30T14:58:18Z</time>
					</trkpt>
					<trkpt lat="48.445490" lon="-2.500230">
						<ele>78</ele>
						<time>2026-09-30T14:58:22Z</time>
					</trkpt>
					<trkpt lat="48.445420" lon="-2.500430">
						<ele>79</ele>
						<time>2026-09-30T14:58:25Z</time>
					</trkpt>
					<trkpt lat="48.445340" lon="-2.500620">
						<ele>79</ele>
						<time>2026-09-30T14:58:28Z</time>
					</trkpt>
					<trkpt lat="48.445180" lon="-2.501350">
						<ele>81</ele>
						<time>2026-09-30T14:58:37Z</time>
					</trkpt>
					<trkpt lat="48.445000" lon="-2.502300">
						<ele>84</ele>
						<time>2026-09-30T14:58:48Z</time>
					</trkpt>
					<trkpt lat="48.444880" lon="-2.502680">
						<ele>85</ele>
						<time>2026-09-30T14:58:53Z</time>
					</trkpt>
					<trkpt lat="48.444750" lon="-2.502950">
						<ele>86</ele>
						<time>2026-09-30T14:58:57Z</time>
					</trkpt>
					<trkpt lat="48.444670" lon="-2.503210">
						<ele>86</ele>
						<time>2026-09-30T14:59:01Z</time>
					</trkpt>
					<trkpt lat="48.444590" lon="-2.503540">
						<ele>86</ele>
						<time>2026-09-30T14:59:05Z</time>
					</trkpt>
					<trkpt lat="48.444480" lon="-2.504430">
						<ele>86</ele>
						<time>2026-09-30T14:59:15Z</time>
					</trkpt>
					<trkpt lat="48.444420" lon="-2.504730">
						<ele>86</ele>
						<time>2026-09-30T14:59:19Z</time>
					</trkpt>
					<trkpt lat="48.444330" lon="-2.505060">
						<ele>86</ele>
						<time>2026-09-30T14:59:23Z</time>
					</trkpt>
					<trkpt lat="48.444140" lon="-2.505640">
						<ele>86</ele>
						<time>2026-09-30T14:59:31Z</time>
					</trkpt>
					<trkpt lat="48.444030" lon="-2.506030">
						<ele>85</ele>
						<time>2026-09-30T14:59:36Z</time>
					</trkpt>
					<trkpt lat="48.443900" lon="-2.506610">
						<ele>84</ele>
						<time>2026-09-30T14:59:43Z</time>
					</trkpt>
					<trkpt lat="48.443850" lon="-2.506740">
						<ele>84</ele>
						<time>2026-09-30T14:59:45Z</time>
					</trkpt>
					<trkpt lat="48.443790" lon="-2.506860">
						<ele>85</ele>
						<time>2026-09-30T14:59:47Z</time>
					</trkpt>
					<trkpt lat="48.443630" lon="-2.507130">
						<ele>85</ele>
						<time>2026-09-30T14:59:51Z</time>
					</trkpt>
					<trkpt lat="48.442990" lon="-2.508360">
						<ele>86</ele>
						<time>2026-09-30T15:00:09Z</time>
					</trkpt>
					<trkpt lat="48.442740" lon="-2.509040">
						<ele>86</ele>
						<time>2026-09-30T15:00:19Z</time>
					</trkpt>
					<trkpt lat="48.442710" lon="-2.509150">
						<ele>86</ele>
						<time>2026-09-30T15:00:20Z</time>
					</trkpt>
					<trkpt lat="48.442420" lon="-2.509870">
						<ele>86</ele>
						<time>2026-09-30T15:00:30Z</time>
					</trkpt>
					<trkpt lat="48.442230" lon="-2.510450">
						<ele>85</ele>
						<time>2026-09-30T15:00:38Z</time>
					</trkpt>
					<trkpt lat="48.442140" lon="-2.510740">
						<ele>85</ele>
						<time>2026-09-30T15:00:41Z</time>
					</trkpt>
					<trkpt lat="48.442040" lon="-2.511260">
						<ele>84</ele>
						<time>2026-09-30T15:00:48Z</time>
					</trkpt>
					<trkpt lat="48.442030" lon="-2.511380">
						<ele>84</ele>
						<time>2026-09-30T15:00:49Z</time>
					</trkpt>
					<trkpt lat="48.442030" lon="-2.511770">
						<ele>83</ele>
						<time>2026-09-30T15:00:54Z</time>
					</trkpt>
					<trkpt lat="48.442020" lon="-2.511980">
						<ele>83</ele>
						<time>2026-09-30T15:00:56Z</time>
					</trkpt>
					<trkpt lat="48.441990" lon="-2.512150">
						<ele>83</ele>
						<time>2026-09-30T15:00:58Z</time>
					</trkpt>
					<trkpt lat="48.441900" lon="-2.512350">
						<ele>82</ele>
						<time>2026-09-30T15:01:01Z</time>
					</trkpt>
					<trkpt lat="48.441780" lon="-2.512490">
						<ele>83</ele>
						<time>2026-09-30T15:01:04Z</time>
					</trkpt>
					<trkpt lat="48.441630" lon="-2.512630">
						<ele>83</ele>
						<time>2026-09-30T15:01:07Z</time>
					</trkpt>
					<trkpt lat="48.441390" lon="-2.512950">
						<ele>84</ele>
						<time>2026-09-30T15:01:13Z</time>
					</trkpt>
					<trkpt lat="48.441200" lon="-2.513240">
						<ele>85</ele>
						<time>2026-09-30T15:01:18Z</time>
					</trkpt>
					<trkpt lat="48.440740" lon="-2.513850">
						<ele>87</ele>
						<time>2026-09-30T15:01:28Z</time>
					</trkpt>
					<trkpt lat="48.440430" lon="-2.514220">
						<ele>86</ele>
						<time>2026-09-30T15:01:35Z</time>
					</trkpt>
					<trkpt lat="48.440370" lon="-2.514370">
						<ele>86</ele>
						<time>2026-09-30T15:01:38Z</time>
					</trkpt>
					<trkpt lat="48.440350" lon="-2.514540">
						<ele>85</ele>
						<time>2026-09-30T15:01:40Z</time>
					</trkpt>
					<trkpt lat="48.440360" lon="-2.514690">
						<ele>85</ele>
						<time>2026-09-30T15:01:41Z</time>
					</trkpt>
					<trkpt lat="48.440490" lon="-2.515690">
						<ele>82</ele>
						<time>2026-09-30T15:01:53Z</time>
					</trkpt>
					<trkpt lat="48.440520" lon="-2.516110">
						<ele>82</ele>
						<time>2026-09-30T15:01:58Z</time>
					</trkpt>
					<trkpt lat="48.440500" lon="-2.516500">
						<ele>82</ele>
						<time>2026-09-30T15:02:03Z</time>
					</trkpt>
					<trkpt lat="48.440390" lon="-2.517460">
						<ele>83</ele>
						<time>2026-09-30T15:02:14Z</time>
					</trkpt>
					<trkpt lat="48.440310" lon="-2.517840">
						<ele>82</ele>
						<time>2026-09-30T15:02:19Z</time>
					</trkpt>
					<trkpt lat="48.440210" lon="-2.518950">
						<ele>80</ele>
						<time>2026-09-30T15:02:32Z</time>
					</trkpt>
					<trkpt lat="48.440100" lon="-2.519750">
						<ele>78</ele>
						<time>2026-09-30T15:02:42Z</time>
					</trkpt>
					<trkpt lat="48.440040" lon="-2.520390">
						<ele>77</ele>
						<time>2026-09-30T15:02:50Z</time>
					</trkpt>
					<trkpt lat="48.439970" lon="-2.520680">
						<ele>76</ele>
						<time>2026-09-30T15:02:53Z</time>
					</trkpt>
					<trkpt lat="48.439830" lon="-2.521420">
						<ele>76</ele>
						<time>2026-09-30T15:03:02Z</time>
					</trkpt>
					<trkpt lat="48.439650" lon="-2.522130">
						<ele>76</ele>
						<time>2026-09-30T15:03:11Z</time>
					</trkpt>
					<trkpt lat="48.439610" lon="-2.522410">
						<ele>76</ele>
						<time>2026-09-30T15:03:15Z</time>
					</trkpt>
					<trkpt lat="48.439570" lon="-2.522880">
						<ele>77</ele>
						<time>2026-09-30T15:03:20Z</time>
					</trkpt>
					<trkpt lat="48.439560" lon="-2.523390">
						<ele>78</ele>
						<time>2026-09-30T15:03:26Z</time>
					</trkpt>
					<trkpt lat="48.439570" lon="-2.524300">
						<ele>79</ele>
						<time>2026-09-30T15:03:37Z</time>
					</trkpt>
					<trkpt lat="48.439580" lon="-2.524390">
						<ele>79</ele>
						<time>2026-09-30T15:03:38Z</time>
					</trkpt>
					<trkpt lat="48.439590" lon="-2.524480">
						<ele>79</ele>
						<time>2026-09-30T15:03:39Z</time>
					</trkpt>
					<trkpt lat="48.439740" lon="-2.524960">
						<ele>79</ele>
						<time>2026-09-30T15:03:46Z</time>
					</trkpt>
					<trkpt lat="48.439780" lon="-2.525130">
						<ele>79</ele>
						<time>2026-09-30T15:03:48Z</time>
					</trkpt>
					<trkpt lat="48.439800" lon="-2.525310">
						<ele>80</ele>
						<time>2026-09-30T15:03:50Z</time>
					</trkpt>
					<trkpt lat="48.439850" lon="-2.526540">
						<ele>80</ele>
						<time>2026-09-30T15:04:04Z</time>
					</trkpt>
					<trkpt lat="48.439850" lon="-2.526780">
						<ele>80</ele>
						<time>2026-09-30T15:04:07Z</time>
					</trkpt>
					<trkpt lat="48.439840" lon="-2.527020">
						<ele>80</ele>
						<time>2026-09-30T15:04:10Z</time>
					</trkpt>
					<trkpt lat="48.439780" lon="-2.527610">
						<ele>80</ele>
						<time>2026-09-30T15:04:17Z</time>
					</trkpt>
					<trkpt lat="48.439760" lon="-2.527790">
						<ele>80</ele>
						<time>2026-09-30T15:04:19Z</time>
					</trkpt>
					<trkpt lat="48.439740" lon="-2.528200">
						<ele>81</ele>
						<time>2026-09-30T15:04:24Z</time>
					</trkpt>
					<trkpt lat="48.439770" lon="-2.528980">
						<ele>80</ele>
						<time>2026-09-30T15:04:33Z</time>
					</trkpt>
					<trkpt lat="48.439760" lon="-2.529280">
						<ele>80</ele>
						<time>2026-09-30T15:04:37Z</time>
					</trkpt>
					<trkpt lat="48.439730" lon="-2.529520">
						<ele>80</ele>
						<time>2026-09-30T15:04:40Z</time>
					</trkpt>
					<trkpt lat="48.439590" lon="-2.530060">
						<ele>79</ele>
						<time>2026-09-30T15:04:47Z</time>
					</trkpt>
					<trkpt lat="48.439540" lon="-2.530500">
						<ele>79</ele>
						<time>2026-09-30T15:04:52Z</time>
					</trkpt>
					<trkpt lat="48.439540" lon="-2.531140">
						<ele>78</ele>
						<time>2026-09-30T15:04:59Z</time>
					</trkpt>
					<trkpt lat="48.439560" lon="-2.531570">
						<ele>77</ele>
						<time>2026-09-30T15:05:04Z</time>
					</trkpt>
					<trkpt lat="48.439640" lon="-2.532030">
						<ele>77</ele>
						<time>2026-09-30T15:05:10Z</time>
					</trkpt>
					<trkpt lat="48.439770" lon="-2.532660">
						<ele>76</ele>
						<time>2026-09-30T15:05:18Z</time>
					</trkpt>
					<trkpt lat="48.439860" lon="-2.533360">
						<ele>77</ele>
						<time>2026-09-30T15:05:26Z</time>
					</trkpt>
					<trkpt lat="48.439930" lon="-2.533900">
						<ele>78</ele>
						<time>2026-09-30T15:05:33Z</time>
					</trkpt>
					<trkpt lat="48.439940" lon="-2.533970">
						<ele>78</ele>
						<time>2026-09-30T15:05:34Z</time>
					</trkpt>
					<trkpt lat="48.439960" lon="-2.534250">
						<ele>78</ele>
						<time>2026-09-30T15:05:37Z</time>
					</trkpt>
					<trkpt lat="48.439940" lon="-2.534910">
						<ele>79</ele>
						<time>2026-09-30T15:05:45Z</time>
					</trkpt>
					<trkpt lat="48.439950" lon="-2.535350">
						<ele>79</ele>
						<time>2026-09-30T15:05:50Z</time>
					</trkpt>
					<trkpt lat="48.439940" lon="-2.535800">
						<ele>79</ele>
						<time>2026-09-30T15:05:55Z</time>
					</trkpt>
					<trkpt lat="48.439920" lon="-2.536050">
						<ele>79</ele>
						<time>2026-09-30T15:05:58Z</time>
					</trkpt>
					<trkpt lat="48.439880" lon="-2.536210">
						<ele>79</ele>
						<time>2026-09-30T15:06:00Z</time>
					</trkpt>
					<trkpt lat="48.439610" lon="-2.537390">
						<ele>80</ele>
						<time>2026-09-30T15:06:15Z</time>
					</trkpt>
					<trkpt lat="48.439590" lon="-2.537520">
						<ele>81</ele>
						<time>2026-09-30T15:06:17Z</time>
					</trkpt>
					<trkpt lat="48.439580" lon="-2.537810">
						<ele>81</ele>
						<time>2026-09-30T15:06:20Z</time>
					</trkpt>
					<trkpt lat="48.439590" lon="-2.538220">
						<ele>83</ele>
						<time>2026-09-30T15:06:25Z</time>
					</trkpt>
					<trkpt lat="48.439600" lon="-2.538340">
						<ele>83</ele>
						<time>2026-09-30T15:06:26Z</time>
					</trkpt>
					<trkpt lat="48.439620" lon="-2.538860">
						<ele>83</ele>
						<time>2026-09-30T15:06:32Z</time>
					</trkpt>
					<trkpt lat="48.439630" lon="-2.538920">
						<ele>83</ele>
						<time>2026-09-30T15:06:33Z</time>
					</trkpt>
					<trkpt lat="48.439660" lon="-2.539240">
						<ele>83</ele>
						<time>2026-09-30T15:06:37Z</time>
					</trkpt>
					<trkpt lat="48.439680" lon="-2.539360">
						<ele>83</ele>
						<time>2026-09-30T15:06:38Z</time>
					</trkpt>
					<trkpt lat="48.439690" lon="-2.539410">
						<ele>83</ele>
						<time>2026-09-30T15:06:39Z</time>
					</trkpt>
					<trkpt lat="48.439780" lon="-2.539780">
						<ele>82</ele>
						<time>2026-09-30T15:06:44Z</time>
					</trkpt>
					<trkpt lat="48.439900" lon="-2.540320">
						<ele>82</ele>
						<time>2026-09-30T15:06:50Z</time>
					</trkpt>
					<trkpt lat="48.439990" lon="-2.540740">
						<ele>81</ele>
						<time>2026-09-30T15:06:56Z</time>
					</trkpt>
					<trkpt lat="48.440080" lon="-2.541060">
						<ele>81</ele>
						<time>2026-09-30T15:07:00Z</time>
					</trkpt>
					<trkpt lat="48.440140" lon="-2.541310">
						<ele>80</ele>
						<time>2026-09-30T15:07:03Z</time>
					</trkpt>
					<trkpt lat="48.440160" lon="-2.541660">
						<ele>80</ele>
						<time>2026-09-30T15:07:07Z</time>
					</trkpt>
					<trkpt lat="48.440170" lon="-2.541730">
						<ele>80</ele>
						<time>2026-09-30T15:07:08Z</time>
					</trkpt>
					<trkpt lat="48.440170" lon="-2.542450">
						<ele>79</ele>
						<time>2026-09-30T15:07:16Z</time>
					</trkpt>
					<trkpt lat="48.440230" lon="-2.542890">
						<ele>79</ele>
						<time>2026-09-30T15:07:22Z</time>
					</trkpt>
					<trkpt lat="48.440260" lon="-2.543200">
						<ele>78</ele>
						<time>2026-09-30T15:07:25Z</time>
					</trkpt>
					<trkpt lat="48.440260" lon="-2.544340">
						<ele>76</ele>
						<time>2026-09-30T15:07:39Z</time>
					</trkpt>
					<trkpt lat="48.440290" lon="-2.544640">
						<ele>76</ele>
						<time>2026-09-30T15:07:42Z</time>
					</trkpt>
					<trkpt lat="48.440340" lon="-2.544860">
						<ele>75</ele>
						<time>2026-09-30T15:07:45Z</time>
					</trkpt>
					<trkpt lat="48.440400" lon="-2.545020">
						<ele>75</ele>
						<time>2026-09-30T15:07:47Z</time>
					</trkpt>
					<trkpt lat="48.440360" lon="-2.545120">
						<ele>75</ele>
						<time>2026-09-30T15:07:49Z</time>
					</trkpt>
					<trkpt lat="48.440360" lon="-2.545240">
						<ele>75</ele>
						<time>2026-09-30T15:07:50Z</time>
					</trkpt>
					<trkpt lat="48.440600" lon="-2.547580">
						<ele>76</ele>
						<time>2026-09-30T15:08:18Z</time>
					</trkpt>
					<trkpt lat="48.440590" lon="-2.548290">
						<ele>76</ele>
						<time>2026-09-30T15:08:26Z</time>
					</trkpt>
					<trkpt lat="48.440480" lon="-2.548890">
						<ele>76</ele>
						<time>2026-09-30T15:08:34Z</time>
					</trkpt>
					<trkpt lat="48.440470" lon="-2.549590">
						<ele>75</ele>
						<time>2026-09-30T15:08:42Z</time>
					</trkpt>
					<trkpt lat="48.440560" lon="-2.550900">
						<ele>73</ele>
						<time>2026-09-30T15:08:58Z</time>
					</trkpt>
					<trkpt lat="48.440620" lon="-2.551440">
						<ele>71</ele>
						<time>2026-09-30T15:09:04Z</time>
					</trkpt>
					<trkpt lat="48.440660" lon="-2.551830">
						<ele>70</ele>
						<time>2026-09-30T15:09:09Z</time>
					</trkpt>
					<trkpt lat="48.440760" lon="-2.552460">
						<ele>67</ele>
						<time>2026-09-30T15:09:16Z</time>
					</trkpt>
					<trkpt lat="48.440820" lon="-2.553170">
						<ele>65</ele>
						<time>2026-09-30T15:09:25Z</time>
					</trkpt>
					<trkpt lat="48.440850" lon="-2.553770">
						<ele>64</ele>
						<time>2026-09-30T15:09:32Z</time>
					</trkpt>
					<trkpt lat="48.440830" lon="-2.554170">
						<ele>64</ele>
						<time>2026-09-30T15:09:37Z</time>
					</trkpt>
					<trkpt lat="48.440840" lon="-2.554480">
						<ele>64</ele>
						<time>2026-09-30T15:09:40Z</time>
					</trkpt>
					<trkpt lat="48.440880" lon="-2.554700">
						<ele>64</ele>
						<time>2026-09-30T15:09:43Z</time>
					</trkpt>
					<trkpt lat="48.441050" lon="-2.555050">
						<ele>63</ele>
						<time>2026-09-30T15:09:48Z</time>
					</trkpt>
					<trkpt lat="48.441100" lon="-2.555140">
						<ele>63</ele>
						<time>2026-09-30T15:09:50Z</time>
					</trkpt>
					<trkpt lat="48.441130" lon="-2.555280">
						<ele>62</ele>
						<time>2026-09-30T15:09:51Z</time>
					</trkpt>
					<trkpt lat="48.441130" lon="-2.555350">
						<ele>62</ele>
						<time>2026-09-30T15:09:52Z</time>
					</trkpt>
					<trkpt lat="48.441190" lon="-2.555620">
						<ele>61</ele>
						<time>2026-09-30T15:09:55Z</time>
					</trkpt>
					<trkpt lat="48.441460" lon="-2.556280">
						<ele>61</ele>
						<time>2026-09-30T15:10:05Z</time>
					</trkpt>
					<trkpt lat="48.441770" lon="-2.556760">
						<ele>62</ele>
						<time>2026-09-30T15:10:13Z</time>
					</trkpt>
					<trkpt lat="48.442500" lon="-2.557820">
						<ele>68</ele>
						<time>2026-09-30T15:10:31Z</time>
					</trkpt>
					<trkpt lat="48.442650" lon="-2.557990">
						<ele>69</ele>
						<time>2026-09-30T15:10:34Z</time>
					</trkpt>
					<trkpt lat="48.442970" lon="-2.558340">
						<ele>71</ele>
						<time>2026-09-30T15:10:41Z</time>
					</trkpt>
					<trkpt lat="48.443070" lon="-2.558550">
						<ele>71</ele>
						<time>2026-09-30T15:10:44Z</time>
					</trkpt>
					<trkpt lat="48.443300" lon="-2.559230">
						<ele>73</ele>
						<time>2026-09-30T15:10:53Z</time>
					</trkpt>
					<trkpt lat="48.443440" lon="-2.560120">
						<ele>74</ele>
						<time>2026-09-30T15:11:04Z</time>
					</trkpt>
					<trkpt lat="48.443620" lon="-2.560760">
						<ele>73</ele>
						<time>2026-09-30T15:11:12Z</time>
					</trkpt>
					<trkpt lat="48.443790" lon="-2.561140">
						<ele>73</ele>
						<time>2026-09-30T15:11:17Z</time>
					</trkpt>
					<trkpt lat="48.444110" lon="-2.561510">
						<ele>73</ele>
						<time>2026-09-30T15:11:25Z</time>
					</trkpt>
					<trkpt lat="48.444220" lon="-2.561770">
						<ele>73</ele>
						<time>2026-09-30T15:11:28Z</time>
					</trkpt>
					<trkpt lat="48.444320" lon="-2.562020">
						<ele>73</ele>
						<time>2026-09-30T15:11:32Z</time>
					</trkpt>
					<trkpt lat="48.444390" lon="-2.562640">
						<ele>73</ele>
						<time>2026-09-30T15:11:39Z</time>
					</trkpt>
					<trkpt lat="48.444460" lon="-2.563000">
						<ele>72</ele>
						<time>2026-09-30T15:11:44Z</time>
					</trkpt>
					<trkpt lat="48.444860" lon="-2.564020">
						<ele>66</ele>
						<time>2026-09-30T15:11:57Z</time>
					</trkpt>
					<trkpt lat="48.445110" lon="-2.564450">
						<ele>63</ele>
						<time>2026-09-30T15:12:04Z</time>
					</trkpt>
					<trkpt lat="48.445230" lon="-2.564530">
						<ele>63</ele>
						<time>2026-09-30T15:12:07Z</time>
					</trkpt>
					<trkpt lat="48.445550" lon="-2.564520">
						<ele>62</ele>
						<time>2026-09-30T15:12:12Z</time>
					</trkpt>
					<trkpt lat="48.445680" lon="-2.564560">
						<ele>62</ele>
						<time>2026-09-30T15:12:15Z</time>
					</trkpt>
					<trkpt lat="48.445650" lon="-2.564620">
						<ele>62</ele>
						<time>2026-09-30T15:12:16Z</time>
					</trkpt>
					<trkpt lat="48.445600" lon="-2.564740">
						<ele>61</ele>
						<time>2026-09-30T15:12:17Z</time>
					</trkpt>
					<trkpt lat="48.445540" lon="-2.564870">
						<ele>61</ele>
						<time>2026-09-30T15:12:19Z</time>
					</trkpt>
					<trkpt lat="48.445280" lon="-2.565460">
						<ele>63</ele>
						<time>2026-09-30T15:12:27Z</time>
					</trkpt>
					<trkpt lat="48.445230" lon="-2.565640">
						<ele>64</ele>
						<time>2026-09-30T15:12:30Z</time>
					</trkpt>
					<trkpt lat="48.445150" lon="-2.566000">
						<ele>66</ele>
						<time>2026-09-30T15:12:34Z</time>
					</trkpt>
					<trkpt lat="48.445020" lon="-2.566880">
						<ele>69</ele>
						<time>2026-09-30T15:12:45Z</time>
					</trkpt>
					<trkpt lat="48.444900" lon="-2.567630">
						<ele>72</ele>
						<time>2026-09-30T15:12:54Z</time>
					</trkpt>
					<trkpt lat="48.444890" lon="-2.567800">
						<ele>72</ele>
						<time>2026-09-30T15:12:56Z</time>
					</trkpt>
					<trkpt lat="48.444910" lon="-2.568030">
						<ele>72</ele>
						<time>2026-09-30T15:12:59Z</time>
					</trkpt>
					<trkpt lat="48.444900" lon="-2.568230">
						<ele>73</ele>
						<time>2026-09-30T15:13:01Z</time>
					</trkpt>
					<trkpt lat="48.445110" lon="-2.568160">
						<ele>73</ele>
						<time>2026-09-30T15:13:05Z</time>
					</trkpt>
					<trkpt lat="48.445350" lon="-2.568120">
						<ele>73</ele>
						<time>2026-09-30T15:13:09Z</time>
					</trkpt>
					<trkpt lat="48.445550" lon="-2.568160">
						<ele>73</ele>
						<time>2026-09-30T15:13:13Z</time>
					</trkpt>
					<trkpt lat="48.445620" lon="-2.568190">
						<ele>73</ele>
						<time>2026-09-30T15:13:14Z</time>
					</trkpt>
					<trkpt lat="48.445800" lon="-2.568430">
						<ele>73</ele>
						<time>2026-09-30T15:13:18Z</time>
					</trkpt>
					<trkpt lat="48.445760" lon="-2.568610">
						<ele>73</ele>
						<time>2026-09-30T15:13:21Z</time>
					</trkpt>
					<trkpt lat="48.445720" lon="-2.569010">
						<ele>73</ele>
						<time>2026-09-30T15:13:25Z</time>
					</trkpt>
					<trkpt lat="48.445640" lon="-2.569990">
						<ele>76</ele>
						<time>2026-09-30T15:13:37Z</time>
					</trkpt>
					<trkpt lat="48.445580" lon="-2.570900">
						<ele>78</ele>
						<time>2026-09-30T15:13:48Z</time>
					</trkpt>
					<trkpt lat="48.445580" lon="-2.571220">
						<ele>78</ele>
						<time>2026-09-30T15:13:52Z</time>
					</trkpt>
					<trkpt lat="48.445600" lon="-2.571360">
						<ele>78</ele>
						<time>2026-09-30T15:13:53Z</time>
					</trkpt>
					<trkpt lat="48.445650" lon="-2.571560">
						<ele>78</ele>
						<time>2026-09-30T15:13:56Z</time>
					</trkpt>
					<trkpt lat="48.445960" lon="-2.572230">
						<ele>77</ele>
						<time>2026-09-30T15:14:05Z</time>
					</trkpt>
					<trkpt lat="48.446030" lon="-2.572410">
						<ele>77</ele>
						<time>2026-09-30T15:14:08Z</time>
					</trkpt>
					<trkpt lat="48.446110" lon="-2.572640">
						<ele>77</ele>
						<time>2026-09-30T15:14:11Z</time>
					</trkpt>
					<trkpt lat="48.446160" lon="-2.572920">
						<ele>77</ele>
						<time>2026-09-30T15:14:14Z</time>
					</trkpt>
					<trkpt lat="48.446260" lon="-2.573660">
						<ele>76</ele>
						<time>2026-09-30T15:14:23Z</time>
					</trkpt>
					<trkpt lat="48.446310" lon="-2.573840">
						<ele>76</ele>
						<time>2026-09-30T15:14:26Z</time>
					</trkpt>
					<trkpt lat="48.446440" lon="-2.574120">
						<ele>76</ele>
						<time>2026-09-30T15:14:30Z</time>
					</trkpt>
					<trkpt lat="48.446510" lon="-2.574230">
						<ele>76</ele>
						<time>2026-09-30T15:14:31Z</time>
					</trkpt>
					<trkpt lat="48.447030" lon="-2.574800">
						<ele>74</ele>
						<time>2026-09-30T15:14:43Z</time>
					</trkpt>
					<trkpt lat="48.447170" lon="-2.575020">
						<ele>73</ele>
						<time>2026-09-30T15:14:46Z</time>
					</trkpt>
					<trkpt lat="48.447310" lon="-2.575250">
						<ele>73</ele>
						<time>2026-09-30T15:14:50Z</time>
					</trkpt>
					<trkpt lat="48.447470" lon="-2.575570">
						<ele>73</ele>
						<time>2026-09-30T15:14:55Z</time>
					</trkpt>
					<trkpt lat="48.447730" lon="-2.575960">
						<ele>72</ele>
						<time>2026-09-30T15:15:01Z</time>
					</trkpt>
					<trkpt lat="48.447940" lon="-2.576260">
						<ele>72</ele>
						<time>2026-09-30T15:15:07Z</time>
					</trkpt>
					<trkpt lat="48.448140" lon="-2.576510">
						<ele>71</ele>
						<time>2026-09-30T15:15:11Z</time>
					</trkpt>
					<trkpt lat="48.448330" lon="-2.576720">
						<ele>71</ele>
						<time>2026-09-30T15:15:15Z</time>
					</trkpt>
					<trkpt lat="48.448830" lon="-2.577150">
						<ele>69</ele>
						<time>2026-09-30T15:15:26Z</time>
					</trkpt>
					<trkpt lat="48.449600" lon="-2.577650">
						<ele>68</ele>
						<time>2026-09-30T15:15:41Z</time>
					</trkpt>
					<trkpt lat="48.450070" lon="-2.578050">
						<ele>67</ele>
						<time>2026-09-30T15:15:50Z</time>
					</trkpt>
					<trkpt lat="48.450480" lon="-2.578590">
						<ele>65</ele>
						<time>2026-09-30T15:16:00Z</time>
					</trkpt>
					<trkpt lat="48.450670" lon="-2.579010">
						<ele>65</ele>
						<time>2026-09-30T15:16:06Z</time>
					</trkpt>
					<trkpt lat="48.450820" lon="-2.579470">
						<ele>65</ele>
						<time>2026-09-30T15:16:12Z</time>
					</trkpt>
					<trkpt lat="48.451060" lon="-2.580360">
						<ele>63</ele>
						<time>2026-09-30T15:16:23Z</time>
					</trkpt>
					<trkpt lat="48.451130" lon="-2.580610">
						<ele>62</ele>
						<time>2026-09-30T15:16:26Z</time>
					</trkpt>
					<trkpt lat="48.451240" lon="-2.580820">
						<ele>62</ele>
						<time>2026-09-30T15:16:30Z</time>
					</trkpt>
					<trkpt lat="48.451400" lon="-2.581020">
						<ele>61</ele>
						<time>2026-09-30T15:16:33Z</time>
					</trkpt>
					<trkpt lat="48.451440" lon="-2.581050">
						<ele>61</ele>
						<time>2026-09-30T15:16:34Z</time>
					</trkpt>
					<trkpt lat="48.451570" lon="-2.581150">
						<ele>61</ele>
						<time>2026-09-30T15:16:37Z</time>
					</trkpt>
					<trkpt lat="48.451770" lon="-2.581130">
						<ele>61</ele>
						<time>2026-09-30T15:16:40Z</time>
					</trkpt>
					<trkpt lat="48.451900" lon="-2.581270">
						<ele>60</ele>
						<time>2026-09-30T15:16:43Z</time>
					</trkpt>
					<trkpt lat="48.452190" lon="-2.581620">
						<ele>59</ele>
						<time>2026-09-30T15:16:50Z</time>
					</trkpt>
					<trkpt lat="48.453060" lon="-2.582850">
						<ele>57</ele>
						<time>2026-09-30T15:17:11Z</time>
					</trkpt>
					<trkpt lat="48.453190" lon="-2.583030">
						<ele>57</ele>
						<time>2026-09-30T15:17:14Z</time>
					</trkpt>
					<trkpt lat="48.454440" lon="-2.584900">
						<ele>52</ele>
						<time>2026-09-30T15:17:45Z</time>
					</trkpt>
					<trkpt lat="48.454750" lon="-2.585260">
						<ele>52</ele>
						<time>2026-09-30T15:17:52Z</time>
					</trkpt>
					<trkpt lat="48.454800" lon="-2.585310">
						<ele>52</ele>
						<time>2026-09-30T15:17:53Z</time>
					</trkpt>
					<trkpt lat="48.455020" lon="-2.585750">
						<ele>51</ele>
						<time>2026-09-30T15:18:00Z</time>
					</trkpt>
					<trkpt lat="48.455580" lon="-2.587160">
						<ele>48</ele>
						<time>2026-09-30T15:18:19Z</time>
					</trkpt>
					<trkpt lat="48.456070" lon="-2.587690">
						<ele>47</ele>
						<time>2026-09-30T15:18:30Z</time>
					</trkpt>
					<trkpt lat="48.456810" lon="-2.588410">
						<ele>46</ele>
						<time>2026-09-30T15:18:46Z</time>
					</trkpt>
					<trkpt lat="48.456960" lon="-2.588600">
						<ele>46</ele>
						<time>2026-09-30T15:18:49Z</time>
					</trkpt>
					<trkpt lat="48.456870" lon="-2.588800">
						<ele>46</ele>
						<time>2026-09-30T15:18:52Z</time>
					</trkpt>
					<trkpt lat="48.456700" lon="-2.589620">
						<ele>46</ele>
						<time>2026-09-30T15:19:02Z</time>
					</trkpt>
					<trkpt lat="48.456490" lon="-2.590410">
						<ele>47</ele>
						<time>2026-09-30T15:19:12Z</time>
					</trkpt>
					<trkpt lat="48.456420" lon="-2.590680">
						<ele>47</ele>
						<time>2026-09-30T15:19:16Z</time>
					</trkpt>
					<trkpt lat="48.456300" lon="-2.591590">
						<ele>47</ele>
						<time>2026-09-30T15:19:27Z</time>
					</trkpt>
					<trkpt lat="48.456370" lon="-2.592390">
						<ele>47</ele>
						<time>2026-09-30T15:19:36Z</time>
					</trkpt>
					<trkpt lat="48.456440" lon="-2.592400">
						<ele>47</ele>
						<time>2026-09-30T15:19:37Z</time>
					</trkpt>
					<trkpt lat="48.456950" lon="-2.592710">
						<ele>47</ele>
						<time>2026-09-30T15:19:47Z</time>
					</trkpt>
					<trkpt lat="48.457260" lon="-2.592860">
						<ele>47</ele>
						<time>2026-09-30T15:19:53Z</time>
					</trkpt>
					<trkpt lat="48.457760" lon="-2.593670">
						<ele>47</ele>
						<time>2026-09-30T15:20:06Z</time>
					</trkpt>
					<trkpt lat="48.458150" lon="-2.594230">
						<ele>48</ele>
						<time>2026-09-30T15:20:16Z</time>
					</trkpt>
					<trkpt lat="48.458220" lon="-2.594300">
						<ele>48</ele>
						<time>2026-09-30T15:20:17Z</time>
					</trkpt>
					<trkpt lat="48.458750" lon="-2.594690">
						<ele>48</ele>
						<time>2026-09-30T15:20:28Z</time>
					</trkpt>
					<trkpt lat="48.458810" lon="-2.594750">
						<ele>48</ele>
						<time>2026-09-30T15:20:29Z</time>
					</trkpt>
					<trkpt lat="48.458880" lon="-2.594850">
						<ele>48</ele>
						<time>2026-09-30T15:20:31Z</time>
					</trkpt>
					<trkpt lat="48.458910" lon="-2.594940">
						<ele>48</ele>
						<time>2026-09-30T15:20:32Z</time>
					</trkpt>
					<trkpt lat="48.458940" lon="-2.595020">
						<ele>48</ele>
						<time>2026-09-30T15:20:33Z</time>
					</trkpt>
					<trkpt lat="48.458970" lon="-2.595170">
						<ele>48</ele>
						<time>2026-09-30T15:20:35Z</time>
					</trkpt>
					<trkpt lat="48.458980" lon="-2.595280">
						<ele>48</ele>
						<time>2026-09-30T15:20:36Z</time>
					</trkpt>
					<trkpt lat="48.458960" lon="-2.595790">
						<ele>49</ele>
						<time>2026-09-30T15:20:42Z</time>
					</trkpt>
					<trkpt lat="48.458970" lon="-2.595880">
						<ele>49</ele>
						<time>2026-09-30T15:20:43Z</time>
					</trkpt>
					<trkpt lat="48.458990" lon="-2.595950">
						<ele>49</ele>
						<time>2026-09-30T15:20:44Z</time>
					</trkpt>
					<trkpt lat="48.459010" lon="-2.595990">
						<ele>49</ele>
						<time>2026-09-30T15:20:45Z</time>
					</trkpt>
					<trkpt lat="48.459040" lon="-2.596020">
						<ele>49</ele>
						<time>2026-09-30T15:20:45Z</time>
					</trkpt>
					<trkpt lat="48.459070" lon="-2.596040">
						<ele>49</ele>
						<time>2026-09-30T15:20:46Z</time>
					</trkpt>
					<trkpt lat="48.459140" lon="-2.596040">
						<ele>49</ele>
						<time>2026-09-30T15:20:47Z</time>
					</trkpt>
					<trkpt lat="48.459370" lon="-2.596000">
						<ele>49</ele>
						<time>2026-09-30T15:20:51Z</time>
					</trkpt>
					<trkpt lat="48.459410" lon="-2.596010">
						<ele>49</ele>
						<time>2026-09-30T15:20:52Z</time>
					</trkpt>
					<trkpt lat="48.459480" lon="-2.596050">
						<ele>49</ele>
						<time>2026-09-30T15:20:53Z</time>
					</trkpt>
					<trkpt lat="48.459930" lon="-2.596550">
						<ele>50</ele>
						<time>2026-09-30T15:21:03Z</time>
					</trkpt>
					<trkpt lat="48.460120" lon="-2.596740">
						<ele>50</ele>
						<time>2026-09-30T15:21:07Z</time>
					</trkpt>
					<trkpt lat="48.460530" lon="-2.597010">
						<ele>51</ele>
						<time>2026-09-30T15:21:15Z</time>
					</trkpt>
					<trkpt lat="48.460620" lon="-2.597060">
						<ele>52</ele>
						<time>2026-09-30T15:21:17Z</time>
					</trkpt>
					<trkpt lat="48.460770" lon="-2.597110">
						<ele>52</ele>
						<time>2026-09-30T15:21:20Z</time>
					</trkpt>
					<trkpt lat="48.461210" lon="-2.597170">
						<ele>53</ele>
						<time>2026-09-30T15:21:27Z</time>
					</trkpt>
					<trkpt lat="48.461800" lon="-2.597430">
						<ele>55</ele>
						<time>2026-09-30T15:21:38Z</time>
					</trkpt>
					<trkpt lat="48.461770" lon="-2.597960">
						<ele>57</ele>
						<time>2026-09-30T15:21:45Z</time>
					</trkpt>
					<trkpt lat="48.461720" lon="-2.598460">
						<ele>58</ele>
						<time>2026-09-30T15:21:51Z</time>
					</trkpt>
					<trkpt lat="48.461660" lon="-2.598810">
						<ele>59</ele>
						<time>2026-09-30T15:21:55Z</time>
					</trkpt>
					<trkpt lat="48.461790" lon="-2.598940">
						<ele>59</ele>
						<time>2026-09-30T15:21:58Z</time>
					</trkpt>
					<trkpt lat="48.462020" lon="-2.599040">
						<ele>60</ele>
						<time>2026-09-30T15:22:02Z</time>
					</trkpt>
					<trkpt lat="48.462260" lon="-2.599070">
						<ele>60</ele>
						<time>2026-09-30T15:22:06Z</time>
					</trkpt>
					<trkpt lat="48.462680" lon="-2.598890">
						<ele>60</ele>
						<time>2026-09-30T15:22:14Z</time>
					</trkpt>
					<trkpt lat="48.462900" lon="-2.598860">
						<ele>60</ele>
						<time>2026-09-30T15:22:18Z</time>
					</trkpt>
					<trkpt lat="48.463120" lon="-2.598860">
						<ele>60</ele>
						<time>2026-09-30T15:22:22Z</time>
					</trkpt>
					<trkpt lat="48.463460" lon="-2.599010">
						<ele>60</ele>
						<time>2026-09-30T15:22:28Z</time>
					</trkpt>
					<trkpt lat="48.463680" lon="-2.599080">
						<ele>59</ele>
						<time>2026-09-30T15:22:32Z</time>
					</trkpt>
					<trkpt lat="48.463820" lon="-2.599190">
						<ele>59</ele>
						<time>2026-09-30T15:22:35Z</time>
					</trkpt>
					<trkpt lat="48.463950" lon="-2.599340">
						<ele>59</ele>
						<time>2026-09-30T15:22:38Z</time>
					</trkpt>
					<trkpt lat="48.464090" lon="-2.599590">
						<ele>59</ele>
						<time>2026-09-30T15:22:42Z</time>
					</trkpt>
					<trkpt lat="48.464160" lon="-2.599750">
						<ele>59</ele>
						<time>2026-09-30T15:22:44Z</time>
					</trkpt>
					<trkpt lat="48.464220" lon="-2.599890">
						<ele>60</ele>
						<time>2026-09-30T15:22:46Z</time>
					</trkpt>
					<trkpt lat="48.464390" lon="-2.600490">
						<ele>59</ele>
						<time>2026-09-30T15:22:54Z</time>
					</trkpt>
					<trkpt lat="48.464540" lon="-2.600940">
						<ele>59</ele>
						<time>2026-09-30T15:23:00Z</time>
					</trkpt>
					<trkpt lat="48.464970" lon="-2.601870">
						<ele>56</ele>
						<time>2026-09-30T15:23:13Z</time>
					</trkpt>
					<trkpt lat="48.465090" lon="-2.602190">
						<ele>56</ele>
						<time>2026-09-30T15:23:17Z</time>
					</trkpt>
					<trkpt lat="48.465330" lon="-2.602860">
						<ele>53</ele>
						<time>2026-09-30T15:23:26Z</time>
					</trkpt>
					<trkpt lat="48.465540" lon="-2.603380">
						<ele>51</ele>
						<time>2026-09-30T15:23:34Z</time>
					</trkpt>
					<trkpt lat="48.466080" lon="-2.604400">
						<ele>50</ele>
						<time>2026-09-30T15:23:49Z</time>
					</trkpt>
					<trkpt lat="48.466130" lon="-2.604520">
						<ele>50</ele>
						<time>2026-09-30T15:23:51Z</time>
					</trkpt>
					<trkpt lat="48.466280" lon="-2.605120">
						<ele>51</ele>
						<time>2026-09-30T15:23:58Z</time>
					</trkpt>
					<trkpt lat="48.466310" lon="-2.605260">
						<ele>51</ele>
						<time>2026-09-30T15:24:00Z</time>
					</trkpt>
					<trkpt lat="48.466340" lon="-2.605420">
						<ele>51</ele>
						<time>2026-09-30T15:24:02Z</time>
					</trkpt>
					<trkpt lat="48.466380" lon="-2.605550">
						<ele>51</ele>
						<time>2026-09-30T15:24:04Z</time>
					</trkpt>
					<trkpt lat="48.466760" lon="-2.606320">
						<ele>50</ele>
						<time>2026-09-30T15:24:15Z</time>
					</trkpt>
					<trkpt lat="48.466940" lon="-2.606530">
						<ele>50</ele>
						<time>2026-09-30T15:24:19Z</time>
					</trkpt>
					<trkpt lat="48.467230" lon="-2.607050">
						<ele>50</ele>
						<time>2026-09-30T15:24:27Z</time>
					</trkpt>
					<trkpt lat="48.467280" lon="-2.607160">
						<ele>51</ele>
						<time>2026-09-30T15:24:28Z</time>
					</trkpt>
					<trkpt lat="48.467460" lon="-2.607710">
						<ele>51</ele>
						<time>2026-09-30T15:24:36Z</time>
					</trkpt>
					<trkpt lat="48.467640" lon="-2.608190">
						<ele>50</ele>
						<time>2026-09-30T15:24:42Z</time>
					</trkpt>
					<trkpt lat="48.467760" lon="-2.608550">
						<ele>50</ele>
						<time>2026-09-30T15:24:47Z</time>
					</trkpt>
					<trkpt lat="48.467940" lon="-2.609350">
						<ele>50</ele>
						<time>2026-09-30T15:24:57Z</time>
					</trkpt>
					<trkpt lat="48.468170" lon="-2.610960">
						<ele>50</ele>
						<time>2026-09-30T15:25:16Z</time>
					</trkpt>
					<trkpt lat="48.468520" lon="-2.612890">
						<ele>59</ele>
						<time>2026-09-30T15:25:40Z</time>
					</trkpt>
					<trkpt lat="48.468560" lon="-2.613080">
						<ele>59</ele>
						<time>2026-09-30T15:25:42Z</time>
					</trkpt>
					<trkpt lat="48.468700" lon="-2.613720">
						<ele>61</ele>
						<time>2026-09-30T15:25:50Z</time>
					</trkpt>
					<trkpt lat="48.468890" lon="-2.614280">
						<ele>63</ele>
						<time>2026-09-30T15:25:58Z</time>
					</trkpt>
					<trkpt lat="48.468920" lon="-2.614350">
						<ele>63</ele>
						<time>2026-09-30T15:25:59Z</time>
					</trkpt>
					<trkpt lat="48.469540" lon="-2.615540">
						<ele>67</ele>
						<time>2026-09-30T15:26:17Z</time>
					</trkpt>
					<trkpt lat="48.469740" lon="-2.615940">
						<ele>68</ele>
						<time>2026-09-30T15:26:22Z</time>
					</trkpt>
					<trkpt lat="48.470970" lon="-2.618980">
						<ele>70</ele>
						<time>2026-09-30T15:27:04Z</time>
					</trkpt>
					<trkpt lat="48.471180" lon="-2.619530">
						<ele>70</ele>
						<time>2026-09-30T15:27:12Z</time>
					</trkpt>
					<trkpt lat="48.471340" lon="-2.620110">
						<ele>70</ele>
						<time>2026-09-30T15:27:19Z</time>
					</trkpt>
					<trkpt lat="48.471740" lon="-2.621910">
						<ele>69</ele>
						<time>2026-09-30T15:27:42Z</time>
					</trkpt>
					<trkpt lat="48.471930" lon="-2.622750">
						<ele>68</ele>
						<time>2026-09-30T15:27:52Z</time>
					</trkpt>
					<trkpt lat="48.472090" lon="-2.623170">
						<ele>68</ele>
						<time>2026-09-30T15:27:58Z</time>
					</trkpt>
					<trkpt lat="48.472230" lon="-2.623590">
						<ele>69</ele>
						<time>2026-09-30T15:28:03Z</time>
					</trkpt>
					<trkpt lat="48.472260" lon="-2.623560">
						<ele>68</ele>
						<time>2026-09-30T15:28:04Z</time>
					</trkpt>
					<trkpt lat="48.472640" lon="-2.623260">
						<ele>68</ele>
						<time>2026-09-30T15:28:12Z</time>
					</trkpt>
					<trkpt lat="48.473020" lon="-2.622820">
						<ele>67</ele>
						<time>2026-09-30T15:28:20Z</time>
					</trkpt>
					<trkpt lat="48.473210" lon="-2.622650">
						<ele>66</ele>
						<time>2026-09-30T15:28:24Z</time>
					</trkpt>
					<trkpt lat="48.473560" lon="-2.622460">
						<ele>66</ele>
						<time>2026-09-30T15:28:31Z</time>
					</trkpt>
					<trkpt lat="48.473790" lon="-2.622300">
						<ele>65</ele>
						<time>2026-09-30T15:28:35Z</time>
					</trkpt>
					<trkpt lat="48.473990" lon="-2.622210">
						<ele>65</ele>
						<time>2026-09-30T15:28:39Z</time>
					</trkpt>
					<trkpt lat="48.474310" lon="-2.622130">
						<ele>64</ele>
						<time>2026-09-30T15:28:45Z</time>
					</trkpt>
					<trkpt lat="48.474530" lon="-2.621980">
						<ele>64</ele>
						<time>2026-09-30T15:28:49Z</time>
					</trkpt>
					<trkpt lat="48.474700" lon="-2.621800">
						<ele>63</ele>
						<time>2026-09-30T15:28:53Z</time>
					</trkpt>
					<trkpt lat="48.474880" lon="-2.621560">
						<ele>63</ele>
						<time>2026-09-30T15:28:57Z</time>
					</trkpt>
					<trkpt lat="48.475350" lon="-2.621340">
						<ele>62</ele>
						<time>2026-09-30T15:29:06Z</time>
					</trkpt>
					<trkpt lat="48.475910" lon="-2.621240">
						<ele>60</ele>
						<time>2026-09-30T15:29:16Z</time>
					</trkpt>
					<trkpt lat="48.476430" lon="-2.621120">
						<ele>60</ele>
						<time>2026-09-30T15:29:25Z</time>
					</trkpt>
					<trkpt lat="48.477090" lon="-2.620840">
						<ele>58</ele>
						<time>2026-09-30T15:29:37Z</time>
					</trkpt>
					<trkpt lat="48.477480" lon="-2.620530">
						<ele>57</ele>
						<time>2026-09-30T15:29:45Z</time>
					</trkpt>
					<trkpt lat="48.478070" lon="-2.620180">
						<ele>56</ele>
						<time>2026-09-30T15:29:57Z</time>
					</trkpt>
					<trkpt lat="48.478170" lon="-2.620200">
						<ele>55</ele>
						<time>2026-09-30T15:29:58Z</time>
					</trkpt>
					<trkpt lat="48.478180" lon="-2.620200">
						<ele>55</ele>
						<time>2026-09-30T15:29:59Z</time>
					</trkpt>
					<trkpt lat="48.478280" lon="-2.620270">
						<ele>55</ele>
						<time>2026-09-30T15:30:01Z</time>
					</trkpt>
					<trkpt lat="48.478350" lon="-2.620580">
						<ele>55</ele>
						<time>2026-09-30T15:30:04Z</time>
					</trkpt>
					<trkpt lat="48.478830" lon="-2.623260">
						<ele>51</ele>
						<time>2026-09-30T15:30:37Z</time>
					</trkpt>
					<trkpt lat="48.478850" lon="-2.623560">
						<ele>51</ele>
						<time>2026-09-30T15:30:41Z</time>
					</trkpt>
					<trkpt lat="48.478840" lon="-2.623850">
						<ele>51</ele>
						<time>2026-09-30T15:30:44Z</time>
					</trkpt>
					<trkpt lat="48.478770" lon="-2.624320">
						<ele>51</ele>
						<time>2026-09-30T15:30:50Z</time>
					</trkpt>
					<trkpt lat="48.478620" lon="-2.624950">
						<ele>49</ele>
						<time>2026-09-30T15:30:58Z</time>
					</trkpt>
					<trkpt lat="48.478600" lon="-2.625180">
						<ele>48</ele>
						<time>2026-09-30T15:31:00Z</time>
					</trkpt>
					<trkpt lat="48.478610" lon="-2.625420">
						<ele>48</ele>
						<time>2026-09-30T15:31:03Z</time>
					</trkpt>
					<trkpt lat="48.478660" lon="-2.625590">
						<ele>47</ele>
						<time>2026-09-30T15:31:05Z</time>
					</trkpt>
					<trkpt lat="48.478740" lon="-2.625760">
						<ele>47</ele>
						<time>2026-09-30T15:31:08Z</time>
					</trkpt>
					<trkpt lat="48.478900" lon="-2.625950">
						<ele>46</ele>
						<time>2026-09-30T15:31:12Z</time>
					</trkpt>
					<trkpt lat="48.479140" lon="-2.626180">
						<ele>46</ele>
						<time>2026-09-30T15:31:17Z</time>
					</trkpt>
					<trkpt lat="48.479270" lon="-2.626380">
						<ele>45</ele>
						<time>2026-09-30T15:31:20Z</time>
					</trkpt>
					<trkpt lat="48.479350" lon="-2.626560">
						<ele>45</ele>
						<time>2026-09-30T15:31:22Z</time>
					</trkpt>
					<trkpt lat="48.479400" lon="-2.626750">
						<ele>45</ele>
						<time>2026-09-30T15:31:25Z</time>
					</trkpt>
					<trkpt lat="48.480080" lon="-2.630310">
						<ele>40</ele>
						<time>2026-09-30T15:32:09Z</time>
					</trkpt>
					<trkpt lat="48.480180" lon="-2.630940">
						<ele>40</ele>
						<time>2026-09-30T15:32:16Z</time>
					</trkpt>
					<trkpt lat="48.480340" lon="-2.631750">
						<ele>39</ele>
						<time>2026-09-30T15:32:26Z</time>
					</trkpt>
					<trkpt lat="48.480410" lon="-2.632150">
						<ele>38</ele>
						<time>2026-09-30T15:32:31Z</time>
					</trkpt>
					<trkpt lat="48.480560" lon="-2.633210">
						<ele>37</ele>
						<time>2026-09-30T15:32:44Z</time>
					</trkpt>
					<trkpt lat="48.480690" lon="-2.634320">
						<ele>37</ele>
						<time>2026-09-30T15:32:57Z</time>
					</trkpt>
					<trkpt lat="48.480800" lon="-2.635310">
						<ele>36</ele>
						<time>2026-09-30T15:33:09Z</time>
					</trkpt>
					<trkpt lat="48.480910" lon="-2.636560">
						<ele>35</ele>
						<time>2026-09-30T15:33:24Z</time>
					</trkpt>
					<trkpt lat="48.480930" lon="-2.637200">
						<ele>34</ele>
						<time>2026-09-30T15:33:31Z</time>
					</trkpt>
					<trkpt lat="48.480960" lon="-2.638120">
						<ele>34</ele>
						<time>2026-09-30T15:33:42Z</time>
					</trkpt>
					<trkpt lat="48.480970" lon="-2.638340">
						<ele>34</ele>
						<time>2026-09-30T15:33:45Z</time>
					</trkpt>
					<trkpt lat="48.481060" lon="-2.638310">
						<ele>35</ele>
						<time>2026-09-30T15:33:46Z</time>
					</trkpt>
					<trkpt lat="48.481160" lon="-2.638300">
						<ele>35</ele>
						<time>2026-09-30T15:33:48Z</time>
					</trkpt>
					<trkpt lat="48.481300" lon="-2.638310">
						<ele>35</ele>
						<time>2026-09-30T15:33:51Z</time>
					</trkpt>
					<trkpt lat="48.481680" lon="-2.638400">
						<ele>36</ele>
						<time>2026-09-30T15:33:58Z</time>
					</trkpt>
					<trkpt lat="48.482130" lon="-2.638620">
						<ele>37</ele>
						<time>2026-09-30T15:34:06Z</time>
					</trkpt>
					<trkpt lat="48.482660" lon="-2.639010">
						<ele>37</ele>
						<time>2026-09-30T15:34:17Z</time>
					</trkpt>
					<trkpt lat="48.482990" lon="-2.639300">
						<ele>36</ele>
						<time>2026-09-30T15:34:23Z</time>
					</trkpt>
					<trkpt lat="48.483200" lon="-2.639470">
						<ele>36</ele>
						<time>2026-09-30T15:34:28Z</time>
					</trkpt>
					<trkpt lat="48.483430" lon="-2.639510">
						<ele>36</ele>
						<time>2026-09-30T15:34:32Z</time>
					</trkpt>
					<trkpt lat="48.483690" lon="-2.639540">
						<ele>35</ele>
						<time>2026-09-30T15:34:36Z</time>
					</trkpt>
					<trkpt lat="48.483700" lon="-2.639350">
						<ele>35</ele>
						<time>2026-09-30T15:34:39Z</time>
					</trkpt>
					<trkpt lat="48.483560" lon="-2.638600">
						<ele>35</ele>
						<time>2026-09-30T15:34:48Z</time>
					</trkpt>
					<trkpt lat="48.483560" lon="-2.638420">
						<ele>34</ele>
						<time>2026-09-30T15:34:50Z</time>
					</trkpt>
					<trkpt lat="48.483600" lon="-2.638170">
						<ele>34</ele>
						<time>2026-09-30T15:34:53Z</time>
					</trkpt>
					<trkpt lat="48.484260" lon="-2.638470">
						<ele>32</ele>
						<time>2026-09-30T15:35:05Z</time>
					</trkpt>
					<trkpt lat="48.484340" lon="-2.638580">
						<ele>32</ele>
						<time>2026-09-30T15:35:07Z</time>
					</trkpt>
					<trkpt lat="48.484390" lon="-2.638720">
						<ele>32</ele>
						<time>2026-09-30T15:35:09Z</time>
					</trkpt>
					<trkpt lat="48.484400" lon="-2.638870">
						<ele>32</ele>
						<time>2026-09-30T15:35:11Z</time>
					</trkpt>
					<trkpt lat="48.484380" lon="-2.639010">
						<ele>33</ele>
						<time>2026-09-30T15:35:12Z</time>
					</trkpt>
					<trkpt lat="48.484150" lon="-2.639730">
						<ele>35</ele>
						<time>2026-09-30T15:35:22Z</time>
					</trkpt>
					<trkpt lat="48.483930" lon="-2.640420">
						<ele>37</ele>
						<time>2026-09-30T15:35:31Z</time>
					</trkpt>
					<trkpt lat="48.483920" lon="-2.640560">
						<ele>37</ele>
						<time>2026-09-30T15:35:33Z</time>
					</trkpt>
					<trkpt lat="48.483930" lon="-2.640720">
						<ele>37</ele>
						<time>2026-09-30T15:35:34Z</time>
					</trkpt>
					<trkpt lat="48.484250" lon="-2.641850">
						<ele>38</ele>
						<time>2026-09-30T15:35:49Z</time>
					</trkpt>
					<trkpt lat="48.484470" lon="-2.642670">
						<ele>38</ele>
						<time>2026-09-30T15:35:59Z</time>
					</trkpt>
					<trkpt lat="48.484510" lon="-2.642770">
						<ele>38</ele>
						<time>2026-09-30T15:36:01Z</time>
					</trkpt>
					<trkpt lat="48.484570" lon="-2.642900">
						<ele>38</ele>
						<time>2026-09-30T15:36:03Z</time>
					</trkpt>
					<trkpt lat="48.484600" lon="-2.642890">
						<ele>38</ele>
						<time>2026-09-30T15:36:03Z</time>
					</trkpt>
					<trkpt lat="48.484630" lon="-2.642890">
						<ele>38</ele>
						<time>2026-09-30T15:36:04Z</time>
					</trkpt>
					<trkpt lat="48.484650" lon="-2.642910">
						<ele>38</ele>
						<time>2026-09-30T15:36:04Z</time>
					</trkpt>
					<trkpt lat="48.484670" lon="-2.642940">
						<ele>38</ele>
						<time>2026-09-30T15:36:05Z</time>
					</trkpt>
					<trkpt lat="48.484690" lon="-2.642980">
						<ele>38</ele>
						<time>2026-09-30T15:36:05Z</time>
					</trkpt>
					<trkpt lat="48.484750" lon="-2.642930">
						<ele>38</ele>
						<time>2026-09-30T15:36:06Z</time>
					</trkpt>
					<trkpt lat="48.484790" lon="-2.642890">
						<ele>38</ele>
						<time>2026-09-30T15:36:07Z</time>
					</trkpt>
					<trkpt lat="48.485190" lon="-2.642280">
						<ele>38</ele>
						<time>2026-09-30T15:36:17Z</time>
					</trkpt>
					<trkpt lat="48.485650" lon="-2.641550">
						<ele>36</ele>
						<time>2026-09-30T15:36:29Z</time>
					</trkpt>
					<trkpt lat="48.485760" lon="-2.641330">
						<ele>36</ele>
						<time>2026-09-30T15:36:33Z</time>
					</trkpt>
					<trkpt lat="48.485910" lon="-2.640980">
						<ele>35</ele>
						<time>2026-09-30T15:36:37Z</time>
					</trkpt>
					<trkpt lat="48.486070" lon="-2.640520">
						<ele>34</ele>
						<time>2026-09-30T15:36:44Z</time>
					</trkpt>
					<trkpt lat="48.486170" lon="-2.640540">
						<ele>34</ele>
						<time>2026-09-30T15:36:45Z</time>
					</trkpt>
					<trkpt lat="48.486220" lon="-2.640550">
						<ele>34</ele>
						<time>2026-09-30T15:36:46Z</time>
					</trkpt>
					<trkpt lat="48.486340" lon="-2.640600">
						<ele>34</ele>
						<time>2026-09-30T15:36:48Z</time>
					</trkpt>
					<trkpt lat="48.486490" lon="-2.640620">
						<ele>34</ele>
						<time>2026-09-30T15:36:51Z</time>
					</trkpt>
					<trkpt lat="48.486480" lon="-2.640690">
						<ele>34</ele>
						<time>2026-09-30T15:36:52Z</time>
					</trkpt>
					<trkpt lat="48.486760" lon="-2.640780">
						<ele>34</ele>
						<time>2026-09-30T15:36:57Z</time>
					</trkpt>
					<trkpt lat="48.486940" lon="-2.640880">
						<ele>33</ele>
						<time>2026-09-30T15:37:01Z</time>
					</trkpt>
					<trkpt lat="48.487430" lon="-2.641270">
						<ele>33</ele>
						<time>2026-09-30T15:37:10Z</time>
					</trkpt>
					<trkpt lat="48.487680" lon="-2.641530">
						<ele>33</ele>
						<time>2026-09-30T15:37:16Z</time>
					</trkpt>
					<trkpt lat="48.487820" lon="-2.641760">
						<ele>33</ele>
						<time>2026-09-30T15:37:19Z</time>
					</trkpt>
					<trkpt lat="48.487870" lon="-2.641860">
						<ele>33</ele>
						<time>2026-09-30T15:37:21Z</time>
					</trkpt>
					<trkpt lat="48.487920" lon="-2.641780">
						<ele>33</ele>
						<time>2026-09-30T15:37:22Z</time>
					</trkpt>
					<trkpt lat="48.487840" lon="-2.641640">
						<ele>33</ele>
						<time>2026-09-30T15:37:24Z</time>
					</trkpt>
					<trkpt lat="48.487760" lon="-2.641530">
						<ele>32</ele>
						<time>2026-09-30T15:37:26Z</time>
					</trkpt>
					<trkpt lat="48.487620" lon="-2.641360">
						<ele>32</ele>
						<time>2026-09-30T15:37:30Z</time>
					</trkpt>
					<trkpt lat="48.487760" lon="-2.641530">
						<ele>32</ele>
						<time>2026-09-30T15:37:33Z</time>
					</trkpt>
					<trkpt lat="48.487840" lon="-2.641640">
						<ele>33</ele>
						<time>2026-09-30T15:37:35Z</time>
					</trkpt>
					<trkpt lat="48.487920" lon="-2.641780">
						<ele>33</ele>
						<time>2026-09-30T15:37:37Z</time>
					</trkpt>
					<trkpt lat="48.487870" lon="-2.641860">
						<ele>33</ele>
						<time>2026-09-30T15:37:38Z</time>
					</trkpt>
					<trkpt lat="48.488010" lon="-2.642130">
						<ele>33</ele>
						<time>2026-09-30T15:37:42Z</time>
					</trkpt>
					<trkpt lat="48.488050" lon="-2.642270">
						<ele>33</ele>
						<time>2026-09-30T15:37:44Z</time>
					</trkpt>
					<trkpt lat="48.488150" lon="-2.642470">
						<ele>33</ele>
						<time>2026-09-30T15:37:47Z</time>
					</trkpt>
					<trkpt lat="48.488160" lon="-2.642370">
						<ele>33</ele>
						<time>2026-09-30T15:37:48Z</time>
					</trkpt>
					<trkpt lat="48.488270" lon="-2.642560">
						<ele>33</ele>
						<time>2026-09-30T15:37:51Z</time>
					</trkpt>
					<trkpt lat="48.488530" lon="-2.642960">
						<ele>33</ele>
						<time>2026-09-30T15:37:58Z</time>
					</trkpt>
					<trkpt lat="48.488900" lon="-2.643530">
						<ele>33</ele>
						<time>2026-09-30T15:38:07Z</time>
					</trkpt>
					<trkpt lat="48.488980" lon="-2.643630">
						<ele>32</ele>
						<time>2026-09-30T15:38:09Z</time>
					</trkpt>
					<trkpt lat="48.489060" lon="-2.643710">
						<ele>32</ele>
						<time>2026-09-30T15:38:11Z</time>
					</trkpt>
					<trkpt lat="48.489270" lon="-2.643830">
						<ele>32</ele>
						<time>2026-09-30T15:38:15Z</time>
					</trkpt>
					<trkpt lat="48.489380" lon="-2.643880">
						<ele>32</ele>
						<time>2026-09-30T15:38:17Z</time>
					</trkpt>
					<trkpt lat="48.489480" lon="-2.643910">
						<ele>32</ele>
						<time>2026-09-30T15:38:19Z</time>
					</trkpt>
					<trkpt lat="48.489560" lon="-2.643910">
						<ele>32</ele>
						<time>2026-09-30T15:38:20Z</time>
					</trkpt>
					<trkpt lat="48.489660" lon="-2.643910">
						<ele>32</ele>
						<time>2026-09-30T15:38:22Z</time>
					</trkpt>
					<trkpt lat="48.489840" lon="-2.643870">
						<ele>32</ele>
						<time>2026-09-30T15:38:25Z</time>
					</trkpt>
					<trkpt lat="48.490270" lon="-2.643770">
						<ele>32</ele>
						<time>2026-09-30T15:38:33Z</time>
					</trkpt>
					<trkpt lat="48.490560" lon="-2.643720">
						<ele>32</ele>
						<time>2026-09-30T15:38:38Z</time>
					</trkpt>
					<trkpt lat="48.490850" lon="-2.643650">
						<ele>32</ele>
						<time>2026-09-30T15:38:43Z</time>
					</trkpt>
					<trkpt lat="48.491150" lon="-2.643600">
						<ele>33</ele>
						<time>2026-09-30T15:38:49Z</time>
					</trkpt>
					<trkpt lat="48.491360" lon="-2.643590">
						<ele>34</ele>
						<time>2026-09-30T15:38:52Z</time>
					</trkpt>
					<trkpt lat="48.491470" lon="-2.643610">
						<ele>34</ele>
						<time>2026-09-30T15:38:54Z</time>
					</trkpt>
					<trkpt lat="48.491600" lon="-2.643640">
						<ele>35</ele>
						<time>2026-09-30T15:38:57Z</time>
					</trkpt>
					<trkpt lat="48.491820" lon="-2.643720">
						<ele>36</ele>
						<time>2026-09-30T15:39:01Z</time>
					</trkpt>
					<trkpt lat="48.492030" lon="-2.643850">
						<ele>36</ele>
						<time>2026-09-30T15:39:05Z</time>
					</trkpt>
					<trkpt lat="48.492120" lon="-2.643930">
						<ele>36</ele>
						<time>2026-09-30T15:39:06Z</time>
					</trkpt>
					<trkpt lat="48.492280" lon="-2.644080">
						<ele>37</ele>
						<time>2026-09-30T15:39:10Z</time>
					</trkpt>
					<trkpt lat="48.492390" lon="-2.644180">
						<ele>37</ele>
						<time>2026-09-30T15:39:12Z</time>
					</trkpt>
					<trkpt lat="48.492830" lon="-2.644720">
						<ele>36</ele>
						<time>2026-09-30T15:39:22Z</time>
					</trkpt>
					<trkpt lat="48.492980" lon="-2.644870">
						<ele>37</ele>
						<time>2026-09-30T15:39:25Z</time>
					</trkpt>
					<trkpt lat="48.493210" lon="-2.645080">
						<ele>37</ele>
						<time>2026-09-30T15:39:30Z</time>
					</trkpt>
					<trkpt lat="48.493500" lon="-2.645280">
						<ele>38</ele>
						<time>2026-09-30T15:39:36Z</time>
					</trkpt>
					<trkpt lat="48.494440" lon="-2.645760">
						<ele>40</ele>
						<time>2026-09-30T15:39:54Z</time>
					</trkpt>
					<trkpt lat="48.494880" lon="-2.646000">
						<ele>40</ele>
						<time>2026-09-30T15:40:02Z</time>
					</trkpt>
					<trkpt lat="48.495030" lon="-2.646100">
						<ele>41</ele>
						<time>2026-09-30T15:40:05Z</time>
					</trkpt>
					<trkpt lat="48.495170" lon="-2.646200">
						<ele>41</ele>
						<time>2026-09-30T15:40:08Z</time>
					</trkpt>
					<trkpt lat="48.495460" lon="-2.646450">
						<ele>41</ele>
						<time>2026-09-30T15:40:13Z</time>
					</trkpt>
					<trkpt lat="48.495800" lon="-2.646820">
						<ele>42</ele>
						<time>2026-09-30T15:40:21Z</time>
					</trkpt>
					<trkpt lat="48.495930" lon="-2.646970">
						<ele>42</ele>
						<time>2026-09-30T15:40:24Z</time>
					</trkpt>
					<trkpt lat="48.496060" lon="-2.647180">
						<ele>43</ele>
						<time>2026-09-30T15:40:27Z</time>
					</trkpt>
					<trkpt lat="48.496290" lon="-2.647540">
						<ele>43</ele>
						<time>2026-09-30T15:40:33Z</time>
					</trkpt>
					<trkpt lat="48.496400" lon="-2.647750">
						<ele>43</ele>
						<time>2026-09-30T15:40:36Z</time>
					</trkpt>
					<trkpt lat="48.496560" lon="-2.648080">
						<ele>43</ele>
						<time>2026-09-30T15:40:41Z</time>
					</trkpt>
					<trkpt lat="48.496610" lon="-2.648180">
						<ele>43</ele>
						<time>2026-09-30T15:40:43Z</time>
					</trkpt>
					<trkpt lat="48.496760" lon="-2.648490">
						<ele>43</ele>
						<time>2026-09-30T15:40:47Z</time>
					</trkpt>
					<trkpt lat="48.496850" lon="-2.648640">
						<ele>43</ele>
						<time>2026-09-30T15:40:49Z</time>
					</trkpt>
					<trkpt lat="48.496970" lon="-2.648800">
						<ele>43</ele>
						<time>2026-09-30T15:40:52Z</time>
					</trkpt>
					<trkpt lat="48.497050" lon="-2.648900">
						<ele>43</ele>
						<time>2026-09-30T15:40:54Z</time>
					</trkpt>
					<trkpt lat="48.497140" lon="-2.649000">
						<ele>43</ele>
						<time>2026-09-30T15:40:56Z</time>
					</trkpt>
					<trkpt lat="48.497480" lon="-2.649270">
						<ele>44</ele>
						<time>2026-09-30T15:41:03Z</time>
					</trkpt>
					<trkpt lat="48.497920" lon="-2.649550">
						<ele>43</ele>
						<time>2026-09-30T15:41:11Z</time>
					</trkpt>
					<trkpt lat="48.498090" lon="-2.649640">
						<ele>43</ele>
						<time>2026-09-30T15:41:15Z</time>
					</trkpt>
					<trkpt lat="48.498250" lon="-2.649710">
						<ele>43</ele>
						<time>2026-09-30T15:41:18Z</time>
					</trkpt>
					<trkpt lat="48.498430" lon="-2.649780">
						<ele>42</ele>
						<time>2026-09-30T15:41:21Z</time>
					</trkpt>
					<trkpt lat="48.498780" lon="-2.649880">
						<ele>42</ele>
						<time>2026-09-30T15:41:27Z</time>
					</trkpt>
					<trkpt lat="48.498930" lon="-2.649940">
						<ele>41</ele>
						<time>2026-09-30T15:41:30Z</time>
					</trkpt>
					<trkpt lat="48.499080" lon="-2.650030">
						<ele>41</ele>
						<time>2026-09-30T15:41:33Z</time>
					</trkpt>
					<trkpt lat="48.499730" lon="-2.650450">
						<ele>40</ele>
						<time>2026-09-30T15:41:46Z</time>
					</trkpt>
					<trkpt lat="48.500010" lon="-2.650610">
						<ele>40</ele>
						<time>2026-09-30T15:41:51Z</time>
					</trkpt>
					<trkpt lat="48.500160" lon="-2.650720">
						<ele>41</ele>
						<time>2026-09-30T15:41:54Z</time>
					</trkpt>
					<trkpt lat="48.500320" lon="-2.650880">
						<ele>41</ele>
						<time>2026-09-30T15:41:57Z</time>
					</trkpt>
					<trkpt lat="48.500550" lon="-2.651180">
						<ele>42</ele>
						<time>2026-09-30T15:42:03Z</time>
					</trkpt>
					<trkpt lat="48.501520" lon="-2.652720">
						<ele>43</ele>
						<time>2026-09-30T15:42:28Z</time>
					</trkpt>
					<trkpt lat="48.501860" lon="-2.653280">
						<ele>44</ele>
						<time>2026-09-30T15:42:37Z</time>
					</trkpt>
					<trkpt lat="48.501820" lon="-2.653360">
						<ele>43</ele>
						<time>2026-09-30T15:42:38Z</time>
					</trkpt>
					<trkpt lat="48.502020" lon="-2.653670">
						<ele>44</ele>
						<time>2026-09-30T15:42:43Z</time>
					</trkpt>
					<trkpt lat="48.502150" lon="-2.653830">
						<ele>44</ele>
						<time>2026-09-30T15:42:46Z</time>
					</trkpt>
					<trkpt lat="48.502310" lon="-2.653990">
						<ele>45</ele>
						<time>2026-09-30T15:42:49Z</time>
					</trkpt>
					<trkpt lat="48.502890" lon="-2.654540">
						<ele>45</ele>
						<time>2026-09-30T15:43:02Z</time>
					</trkpt>
					<trkpt lat="48.503000" lon="-2.654690">
						<ele>44</ele>
						<time>2026-09-30T15:43:04Z</time>
					</trkpt>
					<trkpt lat="48.503090" lon="-2.655020">
						<ele>44</ele>
						<time>2026-09-30T15:43:08Z</time>
					</trkpt>
					<trkpt lat="48.503190" lon="-2.655290">
						<ele>43</ele>
						<time>2026-09-30T15:43:12Z</time>
					</trkpt>
					<trkpt lat="48.503350" lon="-2.655650">
						<ele>42</ele>
						<time>2026-09-30T15:43:17Z</time>
					</trkpt>
					<trkpt lat="48.503720" lon="-2.656400">
						<ele>41</ele>
						<time>2026-09-30T15:43:28Z</time>
					</trkpt>
					<trkpt lat="48.503870" lon="-2.656690">
						<ele>40</ele>
						<time>2026-09-30T15:43:32Z</time>
					</trkpt>
					<trkpt lat="48.504230" lon="-2.657540">
						<ele>39</ele>
						<time>2026-09-30T15:43:44Z</time>
					</trkpt>
					<trkpt lat="48.504700" lon="-2.658950">
						<ele>40</ele>
						<time>2026-09-30T15:44:03Z</time>
					</trkpt>
					<trkpt lat="48.505050" lon="-2.659530">
						<ele>38</ele>
						<time>2026-09-30T15:44:12Z</time>
					</trkpt>
					<trkpt lat="48.505420" lon="-2.660180">
						<ele>36</ele>
						<time>2026-09-30T15:44:22Z</time>
					</trkpt>
					<trkpt lat="48.505440" lon="-2.660260">
						<ele>36</ele>
						<time>2026-09-30T15:44:23Z</time>
					</trkpt>
					<trkpt lat="48.505510" lon="-2.660400">
						<ele>36</ele>
						<time>2026-09-30T15:44:25Z</time>
					</trkpt>
					<trkpt lat="48.506190" lon="-2.661510">
						<ele>33</ele>
						<time>2026-09-30T15:44:43Z</time>
					</trkpt>
					<trkpt lat="48.507070" lon="-2.662830">
						<ele>30</ele>
						<time>2026-09-30T15:45:05Z</time>
					</trkpt>
					<trkpt lat="48.507330" lon="-2.663210">
						<ele>29</ele>
						<time>2026-09-30T15:45:12Z</time>
					</trkpt>
					<trkpt lat="48.508270" lon="-2.664320">
						<ele>27</ele>
						<time>2026-09-30T15:45:33Z</time>
					</trkpt>
					<trkpt lat="48.508420" lon="-2.664380">
						<ele>27</ele>
						<time>2026-09-30T15:45:36Z</time>
					</trkpt>
					<trkpt lat="48.509140" lon="-2.665080">
						<ele>28</ele>
						<time>2026-09-30T15:45:51Z</time>
					</trkpt>
					<trkpt lat="48.510100" lon="-2.665960">
						<ele>29</ele>
						<time>2026-09-30T15:46:11Z</time>
					</trkpt>
					<trkpt lat="48.510760" lon="-2.666540">
						<ele>31</ele>
						<time>2026-09-30T15:46:25Z</time>
					</trkpt>
					<trkpt lat="48.511080" lon="-2.666700">
						<ele>31</ele>
						<time>2026-09-30T15:46:31Z</time>
					</trkpt>
					<trkpt lat="48.511890" lon="-2.666940">
						<ele>32</ele>
						<time>2026-09-30T15:46:45Z</time>
					</trkpt>
					<trkpt lat="48.512110" lon="-2.667040">
						<ele>32</ele>
						<time>2026-09-30T15:46:49Z</time>
					</trkpt>
					<trkpt lat="48.512330" lon="-2.667270">
						<ele>32</ele>
						<time>2026-09-30T15:46:54Z</time>
					</trkpt>
					<trkpt lat="48.512360" lon="-2.667230">
						<ele>32</ele>
						<time>2026-09-30T15:46:55Z</time>
					</trkpt>
					<trkpt lat="48.512450" lon="-2.667260">
						<ele>32</ele>
						<time>2026-09-30T15:46:56Z</time>
					</trkpt>
					<trkpt lat="48.512460" lon="-2.667210">
						<ele>32</ele>
						<time>2026-09-30T15:46:57Z</time>
					</trkpt>
					<trkpt lat="48.512520" lon="-2.666320">
						<ele>32</ele>
						<time>2026-09-30T15:47:08Z</time>
					</trkpt>
					<trkpt lat="48.512530" lon="-2.666210">
						<ele>31</ele>
						<time>2026-09-30T15:47:09Z</time>
					</trkpt>
					<trkpt lat="48.512590" lon="-2.665430">
						<ele>31</ele>
						<time>2026-09-30T15:47:18Z</time>
					</trkpt>
					<trkpt lat="48.512620" lon="-2.665220">
						<ele>32</ele>
						<time>2026-09-30T15:47:21Z</time>
					</trkpt>
					<trkpt lat="48.512660" lon="-2.665010">
						<ele>32</ele>
						<time>2026-09-30T15:47:23Z</time>
					</trkpt>
					<trkpt lat="48.512820" lon="-2.664450">
						<ele>31</ele>
						<time>2026-09-30T15:47:30Z</time>
					</trkpt>
					<trkpt lat="48.512930" lon="-2.664090">
						<ele>31</ele>
						<time>2026-09-30T15:47:35Z</time>
					</trkpt>
					<trkpt lat="48.513050" lon="-2.663760">
						<ele>31</ele>
						<time>2026-09-30T15:47:40Z</time>
					</trkpt>
					<trkpt lat="48.513130" lon="-2.663590">
						<ele>31</ele>
						<time>2026-09-30T15:47:42Z</time>
					</trkpt>
					<trkpt lat="48.513110" lon="-2.663550">
						<ele>31</ele>
						<time>2026-09-30T15:47:43Z</time>
					</trkpt>
					<trkpt lat="48.513100" lon="-2.663490">
						<ele>31</ele>
						<time>2026-09-30T15:47:43Z</time>
					</trkpt>
					<trkpt lat="48.513100" lon="-2.663440">
						<ele>31</ele>
						<time>2026-09-30T15:47:44Z</time>
					</trkpt>
					<trkpt lat="48.513110" lon="-2.663380">
						<ele>31</ele>
						<time>2026-09-30T15:47:45Z</time>
					</trkpt>
					<trkpt lat="48.513130" lon="-2.663330">
						<ele>31</ele>
						<time>2026-09-30T15:47:45Z</time>
					</trkpt>
					<trkpt lat="48.513160" lon="-2.663300">
						<ele>31</ele>
						<time>2026-09-30T15:47:46Z</time>
					</trkpt>
					<trkpt lat="48.513200" lon="-2.663280">
						<ele>31</ele>
						<time>2026-09-30T15:47:47Z</time>
					</trkpt>
					<trkpt lat="48.513240" lon="-2.663270">
						<ele>31</ele>
						<time>2026-09-30T15:47:47Z</time>
					</trkpt>
					<trkpt lat="48.513280" lon="-2.663290">
						<ele>31</ele>
						<time>2026-09-30T15:47:48Z</time>
					</trkpt>
					<trkpt lat="48.513310" lon="-2.663330">
						<ele>31</ele>
						<time>2026-09-30T15:47:49Z</time>
					</trkpt>
					<trkpt lat="48.513340" lon="-2.663410">
						<ele>31</ele>
						<time>2026-09-30T15:47:50Z</time>
					</trkpt>
					<trkpt lat="48.513350" lon="-2.663460">
						<ele>31</ele>
						<time>2026-09-30T15:47:51Z</time>
					</trkpt>
					<trkpt lat="48.513340" lon="-2.663510">
						<ele>31</ele>
						<time>2026-09-30T15:47:51Z</time>
					</trkpt>
					<trkpt lat="48.513330" lon="-2.663550">
						<ele>31</ele>
						<time>2026-09-30T15:47:52Z</time>
					</trkpt>
					<trkpt lat="48.513290" lon="-2.663610">
						<ele>31</ele>
						<time>2026-09-30T15:47:53Z</time>
					</trkpt>
					<trkpt lat="48.513310" lon="-2.663660">
						<ele>31</ele>
						<time>2026-09-30T15:47:53Z</time>
					</trkpt>
					<trkpt lat="48.513380" lon="-2.664100">
						<ele>31</ele>
						<time>2026-09-30T15:47:59Z</time>
					</trkpt>
					<trkpt lat="48.513490" lon="-2.665050">
						<ele>31</ele>
						<time>2026-09-30T15:48:10Z</time>
					</trkpt>
					<trkpt lat="48.513530" lon="-2.665320">
						<ele>30</ele>
						<time>2026-09-30T15:48:13Z</time>
					</trkpt>
					<trkpt lat="48.513550" lon="-2.665570">
						<ele>30</ele>
						<time>2026-09-30T15:48:16Z</time>
					</trkpt>
					<trkpt lat="48.513630" lon="-2.666490">
						<ele>29</ele>
						<time>2026-09-30T15:48:27Z</time>
					</trkpt>
					<trkpt lat="48.513660" lon="-2.666550">
						<ele>28</ele>
						<time>2026-09-30T15:48:28Z</time>
					</trkpt>
					<trkpt lat="48.513710" lon="-2.666650">
						<ele>28</ele>
						<time>2026-09-30T15:48:30Z</time>
					</trkpt>
					<trkpt lat="48.513720" lon="-2.666650">
						<ele>28</ele>
						<time>2026-09-30T15:48:30Z</time>
					</trkpt>
					<trkpt lat="48.513690" lon="-2.666710">
						<ele>28</ele>
						<time>2026-09-30T15:48:31Z</time>
					</trkpt>
					<trkpt lat="48.513670" lon="-2.666780">
						<ele>28</ele>
						<time>2026-09-30T15:48:32Z</time>
					</trkpt>
					<trkpt lat="48.513650" lon="-2.666880">
						<ele>28</ele>
						<time>2026-09-30T15:48:33Z</time>
					</trkpt>
					<trkpt lat="48.513670" lon="-2.667440">
						<ele>27</ele>
						<time>2026-09-30T15:48:39Z</time>
					</trkpt>
					<trkpt lat="48.513670" lon="-2.667480">
						<ele>27</ele>
						<time>2026-09-30T15:48:40Z</time>
					</trkpt>
					<trkpt lat="48.514080" lon="-2.667490">
						<ele>26</ele>
						<time>2026-09-30T15:48:47Z</time>
					</trkpt>
					<trkpt lat="48.514140" lon="-2.667470">
						<ele>26</ele>
						<time>2026-09-30T15:48:48Z</time>
					</trkpt>
					<trkpt lat="48.514190" lon="-2.667430">
						<ele>26</ele>
						<time>2026-09-30T15:48:49Z</time>
					</trkpt>
					<trkpt lat="48.514220" lon="-2.667460">
						<ele>26</ele>
						<time>2026-09-30T15:48:50Z</time>
					</trkpt>
					<trkpt lat="48.514260" lon="-2.667490">
						<ele>26</ele>
						<time>2026-09-30T15:48:51Z</time>
					</trkpt>
					<trkpt lat="48.514860" lon="-2.667570">
						<ele>24</ele>
						<time>2026-09-30T15:49:01Z</time>
					</trkpt>
					<trkpt lat="48.514860" lon="-2.667570">
						<ele>24</ele>
						<time>2026-09-30T15:49:01Z</time>
					</trkpt>
					<trkpt lat="48.514880" lon="-2.667400">
						<ele>24</ele>
						<time>2026-09-30T15:49:04Z</time>
					</trkpt>
					<trkpt lat="48.514920" lon="-2.667190">
						<ele>25</ele>
						<time>2026-09-30T15:49:06Z</time>
					</trkpt>
					<trkpt lat="48.514950" lon="-2.667020">
						<ele>25</ele>
						<time>2026-09-30T15:49:08Z</time>
					</trkpt>
					</trkseg>
				</trk>
			</gpx>