<?xml version="1.0" encoding="UTF-8" ?>
<gpx version="1.1" xmlns:xsi="http://www.w3.org/2001/XMLSchema-instance"
    xmlns="http://www.topografix.com/GPX/1/1"
    xsi:schemaLocation="http://www.topografix.com/GPX/1/1 http://www.topografix.com/GPX/1/1/gpx.xsd"
    creator="Openrunner - https://www.openrunner.com" >
                <wpt lat="48.573140" lon="-2.436510">
                        <ele>0</ele>
                        <name><![CDATA[Ravitaillement]]></name>
                        <desc><![CDATA[]]></desc>
                    <sym>3</sym>
                </wpt>
            	<trk>
	                   <name>Cycl&#039;Armor Hillion 61km-552m/Ravito La Bouillie-23856450</name>
						<trkseg>
					<trkpt lat="48.514950" lon="-2.667020">
						<ele>25</ele>
						<time>2026-09-30T12:22:15Z</time>
					</trkpt>
					<trkpt lat="48.514920" lon="-2.667190">
						<ele>25</ele>
						<time>2026-09-30T12:22:17Z</time>
					</trkpt>
					<trkpt lat="48.514880" lon="-2.667400">
						<ele>24</ele>
						<time>2026-09-30T12:22:20Z</time>
					</trkpt>
					<trkpt lat="48.514860" lon="-2.667570">
						<ele>24</ele>
						<time>2026-09-30T12:22:22Z</time>
					</trkpt>
					<trkpt lat="48.514860" lon="-2.667570">
						<ele>24</ele>
						<time>2026-09-30T12:22:22Z</time>
					</trkpt>
					<trkpt lat="48.514260" lon="-2.667490">
						<ele>26</ele>
						<time>2026-09-30T12:22:32Z</time>
					</trkpt>
					<trkpt lat="48.514220" lon="-2.667460">
						<ele>26</ele>
						<time>2026-09-30T12:22:33Z</time>
					</trkpt>
					<trkpt lat="48.514190" lon="-2.667430">
						<ele>26</ele>
						<time>2026-09-30T12:22:34Z</time>
					</trkpt>
					<trkpt lat="48.514160" lon="-2.667300">
						<ele>26</ele>
						<time>2026-09-30T12:22:35Z</time>
					</trkpt>
					<trkpt lat="48.514210" lon="-2.666730">
						<ele>27</ele>
						<time>2026-09-30T12:22:42Z</time>
					</trkpt>
					<trkpt lat="48.514260" lon="-2.666430">
						<ele>27</ele>
						<time>2026-09-30T12:22:46Z</time>
					</trkpt>
					<trkpt lat="48.514250" lon="-2.666360">
						<ele>28</ele>
						<time>2026-09-30T12:22:47Z</time>
					</trkpt>
					<trkpt lat="48.514190" lon="-2.666200">
						<ele>28</ele>
						<time>2026-09-30T12:22:49Z</time>
					</trkpt>
					<trkpt lat="48.514180" lon="-2.666180">
						<ele>28</ele>
						<time>2026-09-30T12:22:49Z</time>
					</trkpt>
					<trkpt lat="48.514300" lon="-2.666030">
						<ele>28</ele>
						<time>2026-09-30T12:22:52Z</time>
					</trkpt>
					<trkpt lat="48.514360" lon="-2.665890">
						<ele>29</ele>
						<time>2026-09-30T12:22:54Z</time>
					</trkpt>
					<trkpt lat="48.514370" lon="-2.665800">
						<ele>29</ele>
						<time>2026-09-30T12:22:55Z</time>
					</trkpt>
					<trkpt lat="48.514400" lon="-2.665510">
						<ele>29</ele>
						<time>2026-09-30T12:22:58Z</time>
					</trkpt>
					<trkpt lat="48.514450" lon="-2.664960">
						<ele>29</ele>
						<time>2026-09-30T12:23:05Z</time>
					</trkpt>
					<trkpt lat="48.514480" lon="-2.664660">
						<ele>30</ele>
						<time>2026-09-30T12:23:09Z</time>
					</trkpt>
					<trkpt lat="48.514530" lon="-2.664280">
						<ele>31</ele>
						<time>2026-09-30T12:23:13Z</time>
					</trkpt>
					<trkpt lat="48.514590" lon="-2.663980">
						<ele>31</ele>
						<time>2026-09-30T12:23:17Z</time>
					</trkpt>
					<trkpt lat="48.514670" lon="-2.663630">
						<ele>32</ele>
						<time>2026-09-30T12:23:21Z</time>
					</trkpt>
					<trkpt lat="48.514750" lon="-2.663390">
						<ele>32</ele>
						<time>2026-09-30T12:23:24Z</time>
					</trkpt>
					<trkpt lat="48.514770" lon="-2.663330">
						<ele>32</ele>
						<time>2026-09-30T12:23:25Z</time>
					</trkpt>
					<trkpt lat="48.515030" lon="-2.662580">
						<ele>31</ele>
						<time>2026-09-30T12:23:35Z</time>
					</trkpt>
					<trkpt lat="48.515110" lon="-2.662270">
						<ele>31</ele>
						<time>2026-09-30T12:23:39Z</time>
					</trkpt>
					<trkpt lat="48.515210" lon="-2.661640">
						<ele>31</ele>
						<time>2026-09-30T12:23:47Z</time>
					</trkpt>
					<trkpt lat="48.515270" lon="-2.661300">
						<ele>31</ele>
						<time>2026-09-30T12:23:51Z</time>
					</trkpt>
					<trkpt lat="48.515430" lon="-2.660580">
						<ele>31</ele>
						<time>2026-09-30T12:24:00Z</time>
					</trkpt>
					<trkpt lat="48.515480" lon="-2.660240">
						<ele>31</ele>
						<time>2026-09-30T12:24:04Z</time>
					</trkpt>
					<trkpt lat="48.515490" lon="-2.660070">
						<ele>32</ele>
						<time>2026-09-30T12:24:06Z</time>
					</trkpt>
					<trkpt lat="48.515590" lon="-2.657550">
						<ele>32</ele>
						<time>2026-09-30T12:24:36Z</time>
					</trkpt>
					<trkpt lat="48.515640" lon="-2.656700">
						<ele>32</ele>
						<time>2026-09-30T12:24:46Z</time>
					</trkpt>
					<trkpt lat="48.515680" lon="-2.656460">
						<ele>32</ele>
						<time>2026-09-30T12:24:49Z</time>
					</trkpt>
					<trkpt lat="48.515770" lon="-2.656210">
						<ele>33</ele>
						<time>2026-09-30T12:24:52Z</time>
					</trkpt>
					<trkpt lat="48.515800" lon="-2.656110">
						<ele>33</ele>
						<time>2026-09-30T12:24:53Z</time>
					</trkpt>
					<trkpt lat="48.515870" lon="-2.655920">
						<ele>34</ele>
						<time>2026-09-30T12:24:56Z</time>
					</trkpt>
					<trkpt lat="48.515910" lon="-2.655770">
						<ele>34</ele>
						<time>2026-09-30T12:24:58Z</time>
					</trkpt>
					<trkpt lat="48.516000" lon="-2.655320">
						<ele>34</ele>
						<time>2026-09-30T12:25:03Z</time>
					</trkpt>
					<trkpt lat="48.516160" lon="-2.654270">
						<ele>33</ele>
						<time>2026-09-30T12:25:16Z</time>
					</trkpt>
					<trkpt lat="48.516200" lon="-2.653980">
						<ele>33</ele>
						<time>2026-09-30T12:25:19Z</time>
					</trkpt>
					<trkpt lat="48.516230" lon="-2.653720">
						<ele>33</ele>
						<time>2026-09-30T12:25:23Z</time>
					</trkpt>
					<trkpt lat="48.516240" lon="-2.653430">
						<ele>33</ele>
						<time>2026-09-30T12:25:26Z</time>
					</trkpt>
					<trkpt lat="48.516290" lon="-2.652470">
						<ele>35</ele>
						<time>2026-09-30T12:25:37Z</time>
					</trkpt>
					<trkpt lat="48.516310" lon="-2.652160">
						<ele>37</ele>
						<time>2026-09-30T12:25:41Z</time>
					</trkpt>
					<trkpt lat="48.516320" lon="-2.651690">
						<ele>39</ele>
						<time>2026-09-30T12:25:47Z</time>
					</trkpt>
					<trkpt lat="48.516310" lon="-2.651500">
						<ele>40</ele>
						<time>2026-09-30T12:25:49Z</time>
					</trkpt>
					<trkpt lat="48.516270" lon="-2.651010">
						<ele>42</ele>
						<time>2026-09-30T12:25:55Z</time>
					</trkpt>
					<trkpt lat="48.516130" lon="-2.649360">
						<ele>47</ele>
						<time>2026-09-30T12:26:14Z</time>
					</trkpt>
					<trkpt lat="48.516060" lon="-2.648640">
						<ele>49</ele>
						<time>2026-09-30T12:26:23Z</time>
					</trkpt>
					<trkpt lat="48.516050" lon="-2.648320">
						<ele>50</ele>
						<time>2026-09-30T12:26:27Z</time>
					</trkpt>
					<trkpt lat="48.516060" lon="-2.648170">
						<ele>51</ele>
						<time>2026-09-30T12:26:28Z</time>
					</trkpt>
					<trkpt lat="48.516080" lon="-2.648020">
						<ele>51</ele>
						<time>2026-09-30T12:26:30Z</time>
					</trkpt>
					<trkpt lat="48.516130" lon="-2.647740">
						<ele>52</ele>
						<time>2026-09-30T12:26:34Z</time>
					</trkpt>
					<trkpt lat="48.516320" lon="-2.647020">
						<ele>55</ele>
						<time>2026-09-30T12:26:43Z</time>
					</trkpt>
					<trkpt lat="48.516470" lon="-2.646460">
						<ele>57</ele>
						<time>2026-09-30T12:26:50Z</time>
					</trkpt>
					<trkpt lat="48.516740" lon="-2.645530">
						<ele>57</ele>
						<time>2026-09-30T12:27:02Z</time>
					</trkpt>
					<trkpt lat="48.516870" lon="-2.645130">
						<ele>56</ele>
						<time>2026-09-30T12:27:07Z</time>
					</trkpt>
					<trkpt lat="48.517040" lon="-2.644660">
						<ele>54</ele>
						<time>2026-09-30T12:27:13Z</time>
					</trkpt>
					<trkpt lat="48.517130" lon="-2.644460">
						<ele>53</ele>
						<time>2026-09-30T12:27:16Z</time>
					</trkpt>
					<trkpt lat="48.517450" lon="-2.643890">
						<ele>51</ele>
						<time>2026-09-30T12:27:25Z</time>
					</trkpt>
					<trkpt lat="48.517620" lon="-2.643550">
						<ele>50</ele>
						<time>2026-09-30T12:27:30Z</time>
					</trkpt>
					<trkpt lat="48.517780" lon="-2.643210">
						<ele>49</ele>
						<time>2026-09-30T12:27:35Z</time>
					</trkpt>
					<trkpt lat="48.517980" lon="-2.642700">
						<ele>47</ele>
						<time>2026-09-30T12:27:42Z</time>
					</trkpt>
					<trkpt lat="48.518240" lon="-2.641970">
						<ele>43</ele>
						<time>2026-09-30T12:27:52Z</time>
					</trkpt>
					<trkpt lat="48.518880" lon="-2.639840">
						<ele>37</ele>
						<time>2026-09-30T12:28:19Z</time>
					</trkpt>
					<trkpt lat="48.519190" lon="-2.638920">
						<ele>36</ele>
						<time>2026-09-30T12:28:31Z</time>
					</trkpt>
					<trkpt lat="48.519260" lon="-2.638700">
						<ele>36</ele>
						<time>2026-09-30T12:28:34Z</time>
					</trkpt>
					<trkpt lat="48.519390" lon="-2.638200">
						<ele>37</ele>
						<time>2026-09-30T12:28:41Z</time>
					</trkpt>
					<trkpt lat="48.519420" lon="-2.638030">
						<ele>37</ele>
						<time>2026-09-30T12:28:43Z</time>
					</trkpt>
					<trkpt lat="48.519440" lon="-2.637830">
						<ele>37</ele>
						<time>2026-09-30T12:28:45Z</time>
					</trkpt>
					<trkpt lat="48.519440" lon="-2.637600">
						<ele>37</ele>
						<time>2026-09-30T12:28:48Z</time>
					</trkpt>
					<trkpt lat="48.519400" lon="-2.637180">
						<ele>37</ele>
						<time>2026-09-30T12:28:53Z</time>
					</trkpt>
					<trkpt lat="48.519400" lon="-2.637020">
						<ele>38</ele>
						<time>2026-09-30T12:28:55Z</time>
					</trkpt>
					<trkpt lat="48.519420" lon="-2.636710">
						<ele>38</ele>
						<time>2026-09-30T12:28:58Z</time>
					</trkpt>
					<trkpt lat="48.519450" lon="-2.636530">
						<ele>38</ele>
						<time>2026-09-30T12:29:01Z</time>
					</trkpt>
					<trkpt lat="48.519520" lon="-2.636200">
						<ele>38</ele>
						<time>2026-09-30T12:29:05Z</time>
					</trkpt>
					<trkpt lat="48.519530" lon="-2.636040">
						<ele>38</ele>
						<time>2026-09-30T12:29:07Z</time>
					</trkpt>
					<trkpt lat="48.519540" lon="-2.635830">
						<ele>39</ele>
						<time>2026-09-30T12:29:09Z</time>
					</trkpt>
					<trkpt lat="48.519530" lon="-2.635590">
						<ele>39</ele>
						<time>2026-09-30T12:29:12Z</time>
					</trkpt>
					<trkpt lat="48.519500" lon="-2.635200">
						<ele>40</ele>
						<time>2026-09-30T12:29:17Z</time>
					</trkpt>
					<trkpt lat="48.519490" lon="-2.635100">
						<ele>40</ele>
						<time>2026-09-30T12:29:18Z</time>
					</trkpt>
					<trkpt lat="48.519390" lon="-2.634050">
						<ele>40</ele>
						<time>2026-09-30T12:29:30Z</time>
					</trkpt>
					<trkpt lat="48.519350" lon="-2.633730">
						<ele>41</ele>
						<time>2026-09-30T12:29:34Z</time>
					</trkpt>
					<trkpt lat="48.519320" lon="-2.633610">
						<ele>41</ele>
						<time>2026-09-30T12:29:36Z</time>
					</trkpt>
					<trkpt lat="48.519060" lon="-2.632770">
						<ele>40</ele>
						<time>2026-09-30T12:29:46Z</time>
					</trkpt>
					<trkpt lat="48.518990" lon="-2.632490">
						<ele>40</ele>
						<time>2026-09-30T12:29:50Z</time>
					</trkpt>
					<trkpt lat="48.518910" lon="-2.632200">
						<ele>40</ele>
						<time>2026-09-30T12:29:54Z</time>
					</trkpt>
					<trkpt lat="48.518790" lon="-2.631890">
						<ele>39</ele>
						<time>2026-09-30T12:29:58Z</time>
					</trkpt>
					<trkpt lat="48.518740" lon="-2.631810">
						<ele>39</ele>
						<time>2026-09-30T12:29:59Z</time>
					</trkpt>
					<trkpt lat="48.518560" lon="-2.631490">
						<ele>39</ele>
						<time>2026-09-30T12:30:04Z</time>
					</trkpt>
					<trkpt lat="48.518520" lon="-2.631380">
						<ele>39</ele>
						<time>2026-09-30T12:30:06Z</time>
					</trkpt>
					<trkpt lat="48.518490" lon="-2.631250">
						<ele>39</ele>
						<time>2026-09-30T12:30:07Z</time>
					</trkpt>
					<trkpt lat="48.518480" lon="-2.631090">
						<ele>40</ele>
						<time>2026-09-30T12:30:09Z</time>
					</trkpt>
					<trkpt lat="48.518460" lon="-2.630710">
						<ele>40</ele>
						<time>2026-09-30T12:30:14Z</time>
					</trkpt>
					<trkpt lat="48.518440" lon="-2.630540">
						<ele>40</ele>
						<time>2026-09-30T12:30:16Z</time>
					</trkpt>
					<trkpt lat="48.518420" lon="-2.630400">
						<ele>41</ele>
						<time>2026-09-30T12:30:17Z</time>
					</trkpt>
					<trkpt lat="48.518380" lon="-2.630300">
						<ele>41</ele>
						<time>2026-09-30T12:30:19Z</time>
					</trkpt>
					<trkpt lat="48.518330" lon="-2.630190">
						<ele>41</ele>
						<time>2026-09-30T12:30:20Z</time>
					</trkpt>
					<trkpt lat="48.518160" lon="-2.629920">
						<ele>42</ele>
						<time>2026-09-30T12:30:25Z</time>
					</trkpt>
					<trkpt lat="48.518130" lon="-2.629840">
						<ele>42</ele>
						<time>2026-09-30T12:30:26Z</time>
					</trkpt>
					<trkpt lat="48.518110" lon="-2.629760">
						<ele>42</ele>
						<time>2026-09-30T12:30:27Z</time>
					</trkpt>
					<trkpt lat="48.518030" lon="-2.629750">
						<ele>42</ele>
						<time>2026-09-30T12:30:28Z</time>
					</trkpt>
					<trkpt lat="48.517710" lon="-2.629710">
						<ele>43</ele>
						<time>2026-09-30T12:30:34Z</time>
					</trkpt>
					<trkpt lat="48.517360" lon="-2.629610">
						<ele>44</ele>
						<time>2026-09-30T12:30:40Z</time>
					</trkpt>
					<trkpt lat="48.516430" lon="-2.628770">
						<ele>46</ele>
						<time>2026-09-30T12:31:00Z</time>
					</trkpt>
					<trkpt lat="48.515420" lon="-2.627900">
						<ele>47</ele>
						<time>2026-09-30T12:31:20Z</time>
					</trkpt>
					<trkpt lat="48.514950" lon="-2.627520">
						<ele>48</ele>
						<time>2026-09-30T12:31:30Z</time>
					</trkpt>
					<trkpt lat="48.514830" lon="-2.627410">
						<ele>49</ele>
						<time>2026-09-30T12:31:32Z</time>
					</trkpt>
					<trkpt lat="48.514700" lon="-2.627200">
						<ele>50</ele>
						<time>2026-09-30T12:31:36Z</time>
					</trkpt>
					<trkpt lat="48.514650" lon="-2.627000">
						<ele>50</ele>
						<time>2026-09-30T12:31:38Z</time>
					</trkpt>
					<trkpt lat="48.514630" lon="-2.626850">
						<ele>51</ele>
						<time>2026-09-30T12:31:40Z</time>
					</trkpt>
					<trkpt lat="48.514640" lon="-2.626490">
						<ele>51</ele>
						<time>2026-09-30T12:31:44Z</time>
					</trkpt>
					<trkpt lat="48.514610" lon="-2.626270">
						<ele>52</ele>
						<time>2026-09-30T12:31:47Z</time>
					</trkpt>
					<trkpt lat="48.514580" lon="-2.626130">
						<ele>53</ele>
						<time>2026-09-30T12:31:49Z</time>
					</trkpt>
					<trkpt lat="48.514540" lon="-2.626030">
						<ele>53</ele>
						<time>2026-09-30T12:31:50Z</time>
					</trkpt>
					<trkpt lat="48.514500" lon="-2.625950">
						<ele>53</ele>
						<time>2026-09-30T12:31:51Z</time>
					</trkpt>
					<trkpt lat="48.514450" lon="-2.625870">
						<ele>54</ele>
						<time>2026-09-30T12:31:52Z</time>
					</trkpt>
					<trkpt lat="48.514380" lon="-2.625780">
						<ele>54</ele>
						<time>2026-09-30T12:31:54Z</time>
					</trkpt>
					<trkpt lat="48.512930" lon="-2.624790">
						<ele>60</ele>
						<time>2026-09-30T12:32:22Z</time>
					</trkpt>
					<trkpt lat="48.512780" lon="-2.624690">
						<ele>60</ele>
						<time>2026-09-30T12:32:25Z</time>
					</trkpt>
					<trkpt lat="48.512650" lon="-2.624570">
						<ele>61</ele>
						<time>2026-09-30T12:32:28Z</time>
					</trkpt>
					<trkpt lat="48.512580" lon="-2.624490">
						<ele>61</ele>
						<time>2026-09-30T12:32:30Z</time>
					</trkpt>
					<trkpt lat="48.512530" lon="-2.624390">
						<ele>61</ele>
						<time>2026-09-30T12:32:31Z</time>
					</trkpt>
					<trkpt lat="48.512470" lon="-2.624170">
						<ele>62</ele>
						<time>2026-09-30T12:32:34Z</time>
					</trkpt>
					<trkpt lat="48.512460" lon="-2.624000">
						<ele>62</ele>
						<time>2026-09-30T12:32:36Z</time>
					</trkpt>
					<trkpt lat="48.512510" lon="-2.623730">
						<ele>62</ele>
						<time>2026-09-30T12:32:39Z</time>
					</trkpt>
					<trkpt lat="48.512610" lon="-2.623330">
						<ele>62</ele>
						<time>2026-09-30T12:32:44Z</time>
					</trkpt>
					<trkpt lat="48.512700" lon="-2.623010">
						<ele>62</ele>
						<time>2026-09-30T12:32:48Z</time>
					</trkpt>
					<trkpt lat="48.512750" lon="-2.622750">
						<ele>62</ele>
						<time>2026-09-30T12:32:52Z</time>
					</trkpt>
					<trkpt lat="48.512760" lon="-2.622650">
						<ele>62</ele>
						<time>2026-09-30T12:32:53Z</time>
					</trkpt>
					<trkpt lat="48.512740" lon="-2.622560">
						<ele>62</ele>
						<time>2026-09-30T12:32:54Z</time>
					</trkpt>
					<trkpt lat="48.512730" lon="-2.622510">
						<ele>62</ele>
						<time>2026-09-30T12:32:54Z</time>
					</trkpt>
					<trkpt lat="48.512700" lon="-2.622480">
						<ele>62</ele>
						<time>2026-09-30T12:32:55Z</time>
					</trkpt>
					<trkpt lat="48.512630" lon="-2.622420">
						<ele>62</ele>
						<time>2026-09-30T12:32:57Z</time>
					</trkpt>
					<trkpt lat="48.512490" lon="-2.622380">
						<ele>63</ele>
						<time>2026-09-30T12:32:59Z</time>
					</trkpt>
					<trkpt lat="48.512320" lon="-2.622300">
						<ele>63</ele>
						<time>2026-09-30T12:33:02Z</time>
					</trkpt>
					<trkpt lat="48.512260" lon="-2.622230">
						<ele>63</ele>
						<time>2026-09-30T12:33:04Z</time>
					</trkpt>
					<trkpt lat="48.512220" lon="-2.622130">
						<ele>63</ele>
						<time>2026-09-30T12:33:05Z</time>
					</trkpt>
					<trkpt lat="48.512080" lon="-2.621870">
						<ele>63</ele>
						<time>2026-09-30T12:33:09Z</time>
					</trkpt>
					<trkpt lat="48.512010" lon="-2.621750">
						<ele>63</ele>
						<time>2026-09-30T12:33:11Z</time>
					</trkpt>
					<trkpt lat="48.511940" lon="-2.621660">
						<ele>63</ele>
						<time>2026-09-30T12:33:12Z</time>
					</trkpt>
					<trkpt lat="48.511330" lon="-2.621250">
						<ele>62</ele>
						<time>2026-09-30T12:33:24Z</time>
					</trkpt>
					<trkpt lat="48.511270" lon="-2.621200">
						<ele>62</ele>
						<time>2026-09-30T12:33:26Z</time>
					</trkpt>
					<trkpt lat="48.511180" lon="-2.621080">
						<ele>61</ele>
						<time>2026-09-30T12:33:28Z</time>
					</trkpt>
					<trkpt lat="48.511050" lon="-2.620850">
						<ele>61</ele>
						<time>2026-09-30T12:33:31Z</time>
					</trkpt>
					<trkpt lat="48.510930" lon="-2.620620">
						<ele>59</ele>
						<time>2026-09-30T12:33:35Z</time>
					</trkpt>
					<trkpt lat="48.510490" lon="-2.619710">
						<ele>55</ele>
						<time>2026-09-30T12:33:48Z</time>
					</trkpt>
					<trkpt lat="48.510050" lon="-2.618840">
						<ele>55</ele>
						<time>2026-09-30T12:34:01Z</time>
					</trkpt>
					<trkpt lat="48.509870" lon="-2.618510">
						<ele>54</ele>
						<time>2026-09-30T12:34:06Z</time>
					</trkpt>
					<trkpt lat="48.509780" lon="-2.618380">
						<ele>54</ele>
						<time>2026-09-30T12:34:08Z</time>
					</trkpt>
					<trkpt lat="48.509680" lon="-2.618240">
						<ele>54</ele>
						<time>2026-09-30T12:34:11Z</time>
					</trkpt>
					<trkpt lat="48.509470" lon="-2.617970">
						<ele>53</ele>
						<time>2026-09-30T12:34:15Z</time>
					</trkpt>
					<trkpt lat="48.508410" lon="-2.616660">
						<ele>51</ele>
						<time>2026-09-30T12:34:40Z</time>
					</trkpt>
					<trkpt lat="48.507580" lon="-2.615630">
						<ele>49</ele>
						<time>2026-09-30T12:34:59Z</time>
					</trkpt>
					<trkpt lat="48.507250" lon="-2.615360">
						<ele>47</ele>
						<time>2026-09-30T12:35:06Z</time>
					</trkpt>
					<trkpt lat="48.507250" lon="-2.615210">
						<ele>46</ele>
						<time>2026-09-30T12:35:07Z</time>
					</trkpt>
					<trkpt lat="48.507180" lon="-2.615020">
						<ele>45</ele>
						<time>2026-09-30T12:35:10Z</time>
					</trkpt>
					<trkpt lat="48.507140" lon="-2.614810">
						<ele>44</ele>
						<time>2026-09-30T12:35:13Z</time>
					</trkpt>
					<trkpt lat="48.507110" lon="-2.614600">
						<ele>42</ele>
						<time>2026-09-30T12:35:15Z</time>
					</trkpt>
					<trkpt lat="48.507100" lon="-2.614370">
						<ele>40</ele>
						<time>2026-09-30T12:35:18Z</time>
					</trkpt>
					<trkpt lat="48.507110" lon="-2.614140">
						<ele>38</ele>
						<time>2026-09-30T12:35:20Z</time>
					</trkpt>
					<trkpt lat="48.507150" lon="-2.613880">
						<ele>36</ele>
						<time>2026-09-30T12:35:24Z</time>
					</trkpt>
					<trkpt lat="48.507200" lon="-2.613690">
						<ele>34</ele>
						<time>2026-09-30T12:35:26Z</time>
					</trkpt>
					<trkpt lat="48.507260" lon="-2.613500">
						<ele>33</ele>
						<time>2026-09-30T12:35:29Z</time>
					</trkpt>
					<trkpt lat="48.507340" lon="-2.613340">
						<ele>31</ele>
						<time>2026-09-30T12:35:31Z</time>
					</trkpt>
					<trkpt lat="48.507420" lon="-2.613230">
						<ele>32</ele>
						<time>2026-09-30T12:35:33Z</time>
					</trkpt>
					<trkpt lat="48.507530" lon="-2.613080">
						<ele>33</ele>
						<time>2026-09-30T12:35:35Z</time>
					</trkpt>
					<trkpt lat="48.507640" lon="-2.612970">
						<ele>34</ele>
						<time>2026-09-30T12:35:38Z</time>
					</trkpt>
					<trkpt lat="48.507790" lon="-2.612860">
						<ele>36</ele>
						<time>2026-09-30T12:35:41Z</time>
					</trkpt>
					<trkpt lat="48.507970" lon="-2.612790">
						<ele>38</ele>
						<time>2026-09-30T12:35:44Z</time>
					</trkpt>
					<trkpt lat="48.508120" lon="-2.612510">
						<ele>43</ele>
						<time>2026-09-30T12:35:48Z</time>
					</trkpt>
					<trkpt lat="48.508200" lon="-2.612490">
						<ele>44</ele>
						<time>2026-09-30T12:35:50Z</time>
					</trkpt>
					<trkpt lat="48.508440" lon="-2.612430">
						<ele>45</ele>
						<time>2026-09-30T12:35:54Z</time>
					</trkpt>
					<trkpt lat="48.509120" lon="-2.612460">
						<ele>43</ele>
						<time>2026-09-30T12:36:06Z</time>
					</trkpt>
					<trkpt lat="48.509270" lon="-2.612410">
						<ele>44</ele>
						<time>2026-09-30T12:36:09Z</time>
					</trkpt>
					<trkpt lat="48.509390" lon="-2.612290">
						<ele>45</ele>
						<time>2026-09-30T12:36:11Z</time>
					</trkpt>
					<trkpt lat="48.509940" lon="-2.611510">
						<ele>51</ele>
						<time>2026-09-30T12:36:25Z</time>
					</trkpt>
					<trkpt lat="48.510100" lon="-2.611250">
						<ele>52</ele>
						<time>2026-09-30T12:36:29Z</time>
					</trkpt>
					<trkpt lat="48.510130" lon="-2.611270">
						<ele>52</ele>
						<time>2026-09-30T12:36:30Z</time>
					</trkpt>
					<trkpt lat="48.510130" lon="-2.611280">
						<ele>52</ele>
						<time>2026-09-30T12:36:30Z</time>
					</trkpt>
					<trkpt lat="48.510340" lon="-2.611460">
						<ele>52</ele>
						<time>2026-09-30T12:36:34Z</time>
					</trkpt>
					<trkpt lat="48.510540" lon="-2.611560">
						<ele>53</ele>
						<time>2026-09-30T12:36:38Z</time>
					</trkpt>
					<trkpt lat="48.511670" lon="-2.611930">
						<ele>53</ele>
						<time>2026-09-30T12:36:58Z</time>
					</trkpt>
					<trkpt lat="48.513700" lon="-2.612320">
						<ele>56</ele>
						<time>2026-09-30T12:37:35Z</time>
					</trkpt>
					<trkpt lat="48.514230" lon="-2.612200">
						<ele>57</ele>
						<time>2026-09-30T12:37:44Z</time>
					</trkpt>
					<trkpt lat="48.515620" lon="-2.612250">
						<ele>65</ele>
						<time>2026-09-30T12:38:09Z</time>
					</trkpt>
					<trkpt lat="48.516350" lon="-2.612370">
						<ele>67</ele>
						<time>2026-09-30T12:38:22Z</time>
					</trkpt>
					<trkpt lat="48.516570" lon="-2.612440">
						<ele>67</ele>
						<time>2026-09-30T12:38:26Z</time>
					</trkpt>
					<trkpt lat="48.516940" lon="-2.612590">
						<ele>66</ele>
						<time>2026-09-30T12:38:33Z</time>
					</trkpt>
					<trkpt lat="48.517090" lon="-2.612630">
						<ele>66</ele>
						<time>2026-09-30T12:38:36Z</time>
					</trkpt>
					<trkpt lat="48.517230" lon="-2.612660">
						<ele>66</ele>
						<time>2026-09-30T12:38:38Z</time>
					</trkpt>
					<trkpt lat="48.517360" lon="-2.612650">
						<ele>66</ele>
						<time>2026-09-30T12:38:41Z</time>
					</trkpt>
					<trkpt lat="48.517470" lon="-2.612620">
						<ele>66</ele>
						<time>2026-09-30T12:38:43Z</time>
					</trkpt>
					<trkpt lat="48.517580" lon="-2.612550">
						<ele>66</ele>
						<time>2026-09-30T12:38:45Z</time>
					</trkpt>
					<trkpt lat="48.517700" lon="-2.612470">
						<ele>66</ele>
						<time>2026-09-30T12:38:47Z</time>
					</trkpt>
					<trkpt lat="48.518090" lon="-2.612130">
						<ele>68</ele>
						<time>2026-09-30T12:38:55Z</time>
					</trkpt>
					<trkpt lat="48.518950" lon="-2.611360">
						<ele>73</ele>
						<time>2026-09-30T12:39:13Z</time>
					</trkpt>
					<trkpt lat="48.520040" lon="-2.610540">
						<ele>75</ele>
						<time>2026-09-30T12:39:34Z</time>
					</trkpt>
					<trkpt lat="48.520230" lon="-2.610400">
						<ele>75</ele>
						<time>2026-09-30T12:39:38Z</time>
					</trkpt>
					<trkpt lat="48.521150" lon="-2.609650">
						<ele>76</ele>
						<time>2026-09-30T12:39:57Z</time>
					</trkpt>
					<trkpt lat="48.521310" lon="-2.609470">
						<ele>77</ele>
						<time>2026-09-30T12:40:00Z</time>
					</trkpt>
					<trkpt lat="48.521400" lon="-2.609340">
						<ele>77</ele>
						<time>2026-09-30T12:40:03Z</time>
					</trkpt>
					<trkpt lat="48.521520" lon="-2.609220">
						<ele>78</ele>
						<time>2026-09-30T12:40:05Z</time>
					</trkpt>
					<trkpt lat="48.521580" lon="-2.609190">
						<ele>78</ele>
						<time>2026-09-30T12:40:06Z</time>
					</trkpt>
					<trkpt lat="48.521820" lon="-2.609120">
						<ele>79</ele>
						<time>2026-09-30T12:40:11Z</time>
					</trkpt>
					<trkpt lat="48.521890" lon="-2.609110">
						<ele>79</ele>
						<time>2026-09-30T12:40:12Z</time>
					</trkpt>
					<trkpt lat="48.521930" lon="-2.609100">
						<ele>79</ele>
						<time>2026-09-30T12:40:13Z</time>
					</trkpt>
					<trkpt lat="48.522060" lon="-2.609100">
						<ele>79</ele>
						<time>2026-09-30T12:40:15Z</time>
					</trkpt>
					<trkpt lat="48.522440" lon="-2.609050">
						<ele>80</ele>
						<time>2026-09-30T12:40:22Z</time>
					</trkpt>
					<trkpt lat="48.522480" lon="-2.608990">
						<ele>80</ele>
						<time>2026-09-30T12:40:23Z</time>
					</trkpt>
					<trkpt lat="48.522570" lon="-2.608950">
						<ele>80</ele>
						<time>2026-09-30T12:40:24Z</time>
					</trkpt>
					<trkpt lat="48.522830" lon="-2.608960">
						<ele>79</ele>
						<time>2026-09-30T12:40:29Z</time>
					</trkpt>
					<trkpt lat="48.522840" lon="-2.608910">
						<ele>79</ele>
						<time>2026-09-30T12:40:30Z</time>
					</trkpt>
					<trkpt lat="48.522850" lon="-2.608740">
						<ele>80</ele>
						<time>2026-09-30T12:40:32Z</time>
					</trkpt>
					<trkpt lat="48.522880" lon="-2.608600">
						<ele>80</ele>
						<time>2026-09-30T12:40:33Z</time>
					</trkpt>
					<trkpt lat="48.522960" lon="-2.608390">
						<ele>80</ele>
						<time>2026-09-30T12:40:36Z</time>
					</trkpt>
					<trkpt lat="48.523090" lon="-2.608120">
						<ele>80</ele>
						<time>2026-09-30T12:40:40Z</time>
					</trkpt>
					<trkpt lat="48.523280" lon="-2.607780">
						<ele>80</ele>
						<time>2026-09-30T12:40:45Z</time>
					</trkpt>
					<trkpt lat="48.523750" lon="-2.606930">
						<ele>83</ele>
						<time>2026-09-30T12:40:58Z</time>
					</trkpt>
					<trkpt lat="48.523940" lon="-2.606570">
						<ele>84</ele>
						<time>2026-09-30T12:41:04Z</time>
					</trkpt>
					<trkpt lat="48.524020" lon="-2.606420">
						<ele>85</ele>
						<time>2026-09-30T12:41:06Z</time>
					</trkpt>
					<trkpt lat="48.524100" lon="-2.606260">
						<ele>86</ele>
						<time>2026-09-30T12:41:08Z</time>
					</trkpt>
					<trkpt lat="48.524240" lon="-2.605940">
						<ele>88</ele>
						<time>2026-09-30T12:41:13Z</time>
					</trkpt>
					<trkpt lat="48.524290" lon="-2.605820">
						<ele>89</ele>
						<time>2026-09-30T12:41:15Z</time>
					</trkpt>
					<trkpt lat="48.524360" lon="-2.605620">
						<ele>89</ele>
						<time>2026-09-30T12:41:17Z</time>
					</trkpt>
					<trkpt lat="48.524450" lon="-2.605290">
						<ele>90</ele>
						<time>2026-09-30T12:41:22Z</time>
					</trkpt>
					<trkpt lat="48.524480" lon="-2.605150">
						<ele>90</ele>
						<time>2026-09-30T12:41:23Z</time>
					</trkpt>
					<trkpt lat="48.524510" lon="-2.605010">
						<ele>91</ele>
						<time>2026-09-30T12:41:25Z</time>
					</trkpt>
					<trkpt lat="48.524610" lon="-2.604300">
						<ele>92</ele>
						<time>2026-09-30T12:41:34Z</time>
					</trkpt>
					<trkpt lat="48.524730" lon="-2.603550">
						<ele>92</ele>
						<time>2026-09-30T12:41:43Z</time>
					</trkpt>
					<trkpt lat="48.524820" lon="-2.602880">
						<ele>92</ele>
						<time>2026-09-30T12:41:51Z</time>
					</trkpt>
					<trkpt lat="48.524840" lon="-2.602590">
						<ele>91</ele>
						<time>2026-09-30T12:41:54Z</time>
					</trkpt>
					<trkpt lat="48.524900" lon="-2.601760">
						<ele>93</ele>
						<time>2026-09-30T12:42:04Z</time>
					</trkpt>
					<trkpt lat="48.524910" lon="-2.601660">
						<ele>93</ele>
						<time>2026-09-30T12:42:05Z</time>
					</trkpt>
					<trkpt lat="48.524940" lon="-2.601550">
						<ele>93</ele>
						<time>2026-09-30T12:42:07Z</time>
					</trkpt>
					<trkpt lat="48.524990" lon="-2.601380">
						<ele>93</ele>
						<time>2026-09-30T12:42:09Z</time>
					</trkpt>
					<trkpt lat="48.525080" lon="-2.601200">
						<ele>94</ele>
						<time>2026-09-30T12:42:11Z</time>
					</trkpt>
					<trkpt lat="48.525160" lon="-2.601090">
						<ele>94</ele>
						<time>2026-09-30T12:42:13Z</time>
					</trkpt>
					<trkpt lat="48.525320" lon="-2.600910">
						<ele>95</ele>
						<time>2026-09-30T12:42:17Z</time>
					</trkpt>
					<trkpt lat="48.525520" lon="-2.600710">
						<ele>95</ele>
						<time>2026-09-30T12:42:21Z</time>
					</trkpt>
					<trkpt lat="48.525850" lon="-2.600300">
						<ele>95</ele>
						<time>2026-09-30T12:42:29Z</time>
					</trkpt>
					<trkpt lat="48.525950" lon="-2.600150">
						<ele>95</ele>
						<time>2026-09-30T12:42:31Z</time>
					</trkpt>
					<trkpt lat="48.526050" lon="-2.599990">
						<ele>95</ele>
						<time>2026-09-30T12:42:34Z</time>
					</trkpt>
					<trkpt lat="48.526230" lon="-2.599690">
						<ele>95</ele>
						<time>2026-09-30T12:42:39Z</time>
					</trkpt>
					<trkpt lat="48.526310" lon="-2.599540">
						<ele>95</ele>
						<time>2026-09-30T12:42:41Z</time>
					</trkpt>
					<trkpt lat="48.526370" lon="-2.599380">
						<ele>95</ele>
						<time>2026-09-30T12:42:43Z</time>
					</trkpt>
					<trkpt lat="48.526420" lon="-2.599230">
						<ele>95</ele>
						<time>2026-09-30T12:42:45Z</time>
					</trkpt>
					<trkpt lat="48.526490" lon="-2.599210">
						<ele>95</ele>
						<time>2026-09-30T12:42:46Z</time>
					</trkpt>
					<trkpt lat="48.526620" lon="-2.599080">
						<ele>95</ele>
						<time>2026-09-30T12:42:49Z</time>
					</trkpt>
					<trkpt lat="48.526740" lon="-2.599130">
						<ele>95</ele>
						<time>2026-09-30T12:42:51Z</time>
					</trkpt>
					<trkpt lat="48.527380" lon="-2.599430">
						<ele>96</ele>
						<time>2026-09-30T12:43:03Z</time>
					</trkpt>
					<trkpt lat="48.528170" lon="-2.598760">
						<ele>98</ele>
						<time>2026-09-30T12:43:19Z</time>
					</trkpt>
					<trkpt lat="48.528580" lon="-2.598670">
						<ele>98</ele>
						<time>2026-09-30T12:43:27Z</time>
					</trkpt>
					<trkpt lat="48.529320" lon="-2.599060">
						<ele>99</ele>
						<time>2026-09-30T12:43:41Z</time>
					</trkpt>
					<trkpt lat="48.529740" lon="-2.599680">
						<ele>97</ele>
						<time>2026-09-30T12:43:51Z</time>
					</trkpt>
					<trkpt lat="48.531210" lon="-2.600770">
						<ele>92</ele>
						<time>2026-09-30T12:44:20Z</time>
					</trkpt>
					<trkpt lat="48.531220" lon="-2.600780">
						<ele>92</ele>
						<time>2026-09-30T12:44:20Z</time>
					</trkpt>
					<trkpt lat="48.531580" lon="-2.600060">
						<ele>90</ele>
						<time>2026-09-30T12:44:31Z</time>
					</trkpt>
					<trkpt lat="48.531640" lon="-2.599970">
						<ele>90</ele>
						<time>2026-09-30T12:44:33Z</time>
					</trkpt>
					<trkpt lat="48.531950" lon="-2.599650">
						<ele>90</ele>
						<time>2026-09-30T12:44:39Z</time>
					</trkpt>
					<trkpt lat="48.532410" lon="-2.599180">
						<ele>88</ele>
						<time>2026-09-30T12:44:49Z</time>
					</trkpt>
					<trkpt lat="48.532570" lon="-2.599040">
						<ele>88</ele>
						<time>2026-09-30T12:44:52Z</time>
					</trkpt>
					<trkpt lat="48.532970" lon="-2.598690">
						<ele>86</ele>
						<time>2026-09-30T12:45:01Z</time>
					</trkpt>
					<trkpt lat="48.533060" lon="-2.598600">
						<ele>86</ele>
						<time>2026-09-30T12:45:03Z</time>
					</trkpt>
					<trkpt lat="48.533160" lon="-2.598460">
						<ele>86</ele>
						<time>2026-09-30T12:45:05Z</time>
					</trkpt>
					<trkpt lat="48.533250" lon="-2.598220">
						<ele>85</ele>
						<time>2026-09-30T12:45:08Z</time>
					</trkpt>
					<trkpt lat="48.533390" lon="-2.597630">
						<ele>85</ele>
						<time>2026-09-30T12:45:16Z</time>
					</trkpt>
					<trkpt lat="48.533490" lon="-2.596930">
						<ele>84</ele>
						<time>2026-09-30T12:45:24Z</time>
					</trkpt>
					<trkpt lat="48.533600" lon="-2.596400">
						<ele>83</ele>
						<time>2026-09-30T12:45:31Z</time>
					</trkpt>
					<trkpt lat="48.534210" lon="-2.593810">
						<ele>77</ele>
						<time>2026-09-30T12:46:03Z</time>
					</trkpt>
					<trkpt lat="48.534250" lon="-2.593790">
						<ele>77</ele>
						<time>2026-09-30T12:46:04Z</time>
					</trkpt>
					<trkpt lat="48.534260" lon="-2.593820">
						<ele>77</ele>
						<time>2026-09-30T12:46:04Z</time>
					</trkpt>
					<trkpt lat="48.534250" lon="-2.593790">
						<ele>77</ele>
						<time>2026-09-30T12:46:05Z</time>
					</trkpt>
					<trkpt lat="48.534460" lon="-2.593760">
						<ele>75</ele>
						<time>2026-09-30T12:46:08Z</time>
					</trkpt>
					<trkpt lat="48.535090" lon="-2.593390">
						<ele>72</ele>
						<time>2026-09-30T12:46:20Z</time>
					</trkpt>
					<trkpt lat="48.535580" lon="-2.593080">
						<ele>69</ele>
						<time>2026-09-30T12:46:30Z</time>
					</trkpt>
					<trkpt lat="48.535920" lon="-2.592890">
						<ele>67</ele>
						<time>2026-09-30T12:46:36Z</time>
					</trkpt>
					<trkpt lat="48.536090" lon="-2.592870">
						<ele>66</ele>
						<time>2026-09-30T12:46:39Z</time>
					</trkpt>
					<trkpt lat="48.536240" lon="-2.592920">
						<ele>66</ele>
						<time>2026-09-30T12:46:42Z</time>
					</trkpt>
					<trkpt lat="48.536770" lon="-2.593240">
						<ele>64</ele>
						<time>2026-09-30T12:46:52Z</time>
					</trkpt>
					<trkpt lat="48.537010" lon="-2.593370">
						<ele>64</ele>
						<time>2026-09-30T12:46:57Z</time>
					</trkpt>
					<trkpt lat="48.537210" lon="-2.593400">
						<ele>63</ele>
						<time>2026-09-30T12:47:00Z</time>
					</trkpt>
					<trkpt lat="48.537390" lon="-2.593390">
						<ele>63</ele>
						<time>2026-09-30T12:47:04Z</time>
					</trkpt>
					<trkpt lat="48.537560" lon="-2.593350">
						<ele>63</ele>
						<time>2026-09-30T12:47:07Z</time>
					</trkpt>
					<trkpt lat="48.537760" lon="-2.593390">
						<ele>63</ele>
						<time>2026-09-30T12:47:10Z</time>
					</trkpt>
					<trkpt lat="48.537980" lon="-2.593500">
						<ele>63</ele>
						<time>2026-09-30T12:47:14Z</time>
					</trkpt>
					<trkpt lat="48.538120" lon="-2.593660">
						<ele>63</ele>
						<time>2026-09-30T12:47:17Z</time>
					</trkpt>
					<trkpt lat="48.538280" lon="-2.593910">
						<ele>62</ele>
						<time>2026-09-30T12:47:22Z</time>
					</trkpt>
					<trkpt lat="48.538800" lon="-2.594610">
						<ele>61</ele>
						<time>2026-09-30T12:47:34Z</time>
					</trkpt>
					<trkpt lat="48.538940" lon="-2.594780">
						<ele>61</ele>
						<time>2026-09-30T12:47:37Z</time>
					</trkpt>
					<trkpt lat="48.539130" lon="-2.594870">
						<ele>61</ele>
						<time>2026-09-30T12:47:41Z</time>
					</trkpt>
					<trkpt lat="48.539400" lon="-2.594950">
						<ele>59</ele>
						<time>2026-09-30T12:47:46Z</time>
					</trkpt>
					<trkpt lat="48.540200" lon="-2.595200">
						<ele>56</ele>
						<time>2026-09-30T12:48:00Z</time>
					</trkpt>
					<trkpt lat="48.541380" lon="-2.595560">
						<ele>56</ele>
						<time>2026-09-30T12:48:22Z</time>
					</trkpt>
					<trkpt lat="48.541470" lon="-2.595570">
						<ele>56</ele>
						<time>2026-09-30T12:48:23Z</time>
					</trkpt>
					<trkpt lat="48.541500" lon="-2.595570">
						<ele>56</ele>
						<time>2026-09-30T12:48:24Z</time>
					</trkpt>
					<trkpt lat="48.541450" lon="-2.595480">
						<ele>56</ele>
						<time>2026-09-30T12:48:25Z</time>
					</trkpt>
					<trkpt lat="48.541440" lon="-2.595330">
						<ele>56</ele>
						<time>2026-09-30T12:48:27Z</time>
					</trkpt>
					<trkpt lat="48.541460" lon="-2.595210">
						<ele>57</ele>
						<time>2026-09-30T12:48:28Z</time>
					</trkpt>
					<trkpt lat="48.541920" lon="-2.593790">
						<ele>58</ele>
						<time>2026-09-30T12:48:47Z</time>
					</trkpt>
					<trkpt lat="48.542120" lon="-2.593230">
						<ele>59</ele>
						<time>2026-09-30T12:48:54Z</time>
					</trkpt>
					<trkpt lat="48.542440" lon="-2.592450">
						<ele>61</ele>
						<time>2026-09-30T12:49:05Z</time>
					</trkpt>
					<trkpt lat="48.542440" lon="-2.592440">
						<ele>61</ele>
						<time>2026-09-30T12:49:05Z</time>
					</trkpt>
					<trkpt lat="48.542610" lon="-2.592660">
						<ele>61</ele>
						<time>2026-09-30T12:49:09Z</time>
					</trkpt>
					<trkpt lat="48.543140" lon="-2.593690">
						<ele>60</ele>
						<time>2026-09-30T12:49:25Z</time>
					</trkpt>
					<trkpt lat="48.543630" lon="-2.594140">
						<ele>61</ele>
						<time>2026-09-30T12:49:35Z</time>
					</trkpt>
					<trkpt lat="48.543880" lon="-2.594440">
						<ele>60</ele>
						<time>2026-09-30T12:49:41Z</time>
					</trkpt>
					<trkpt lat="48.544080" lon="-2.594680">
						<ele>59</ele>
						<time>2026-09-30T12:49:45Z</time>
					</trkpt>
					<trkpt lat="48.544350" lon="-2.595060">
						<ele>58</ele>
						<time>2026-09-30T12:49:52Z</time>
					</trkpt>
					<trkpt lat="48.544580" lon="-2.595260">
						<ele>58</ele>
						<time>2026-09-30T12:49:56Z</time>
					</trkpt>
					<trkpt lat="48.545240" lon="-2.595680">
						<ele>57</ele>
						<time>2026-09-30T12:50:09Z</time>
					</trkpt>
					<trkpt lat="48.545270" lon="-2.595710">
						<ele>57</ele>
						<time>2026-09-30T12:50:10Z</time>
					</trkpt>
					<trkpt lat="48.546060" lon="-2.596290">
						<ele>57</ele>
						<time>2026-09-30T12:50:25Z</time>
					</trkpt>
					<trkpt lat="48.546590" lon="-2.596610">
						<ele>60</ele>
						<time>2026-09-30T12:50:36Z</time>
					</trkpt>
					<trkpt lat="48.546850" lon="-2.596730">
						<ele>61</ele>
						<time>2026-09-30T12:50:40Z</time>
					</trkpt>
					<trkpt lat="48.547060" lon="-2.596820">
						<ele>62</ele>
						<time>2026-09-30T12:50:44Z</time>
					</trkpt>
					<trkpt lat="48.547770" lon="-2.596930">
						<ele>66</ele>
						<time>2026-09-30T12:50:57Z</time>
					</trkpt>
					<trkpt lat="48.547880" lon="-2.596950">
						<ele>66</ele>
						<time>2026-09-30T12:50:59Z</time>
					</trkpt>
					<trkpt lat="48.548280" lon="-2.597060">
						<ele>68</ele>
						<time>2026-09-30T12:51:06Z</time>
					</trkpt>
					<trkpt lat="48.548490" lon="-2.597120">
						<ele>68</ele>
						<time>2026-09-30T12:51:10Z</time>
					</trkpt>
					<trkpt lat="48.549110" lon="-2.597080">
						<ele>68</ele>
						<time>2026-09-30T12:51:21Z</time>
					</trkpt>
					<trkpt lat="48.549810" lon="-2.596800">
						<ele>66</ele>
						<time>2026-09-30T12:51:34Z</time>
					</trkpt>
					<trkpt lat="48.550320" lon="-2.596910">
						<ele>65</ele>
						<time>2026-09-30T12:51:43Z</time>
					</trkpt>
					<trkpt lat="48.551010" lon="-2.597100">
						<ele>62</ele>
						<time>2026-09-30T12:51:56Z</time>
					</trkpt>
					<trkpt lat="48.551900" lon="-2.597020">
						<ele>58</ele>
						<time>2026-09-30T12:52:11Z</time>
					</trkpt>
					<trkpt lat="48.552380" lon="-2.596770">
						<ele>56</ele>
						<time>2026-09-30T12:52:20Z</time>
					</trkpt>
					<trkpt lat="48.552520" lon="-2.596740">
						<ele>56</ele>
						<time>2026-09-30T12:52:23Z</time>
					</trkpt>
					<trkpt lat="48.552560" lon="-2.596690">
						<ele>56</ele>
						<time>2026-09-30T12:52:24Z</time>
					</trkpt>
					<trkpt lat="48.552900" lon="-2.596240">
						<ele>56</ele>
						<time>2026-09-30T12:52:32Z</time>
					</trkpt>
					<trkpt lat="48.553020" lon="-2.596060">
						<ele>56</ele>
						<time>2026-09-30T12:52:35Z</time>
					</trkpt>
					<trkpt lat="48.553090" lon="-2.595680">
						<ele>57</ele>
						<time>2026-09-30T12:52:40Z</time>
					</trkpt>
					<trkpt lat="48.553180" lon="-2.595350">
						<ele>58</ele>
						<time>2026-09-30T12:52:44Z</time>
					</trkpt>
					<trkpt lat="48.553230" lon="-2.595140">
						<ele>59</ele>
						<time>2026-09-30T12:52:46Z</time>
					</trkpt>
					<trkpt lat="48.553390" lon="-2.594710">
						<ele>59</ele>
						<time>2026-09-30T12:52:52Z</time>
					</trkpt>
					<trkpt lat="48.553540" lon="-2.594390">
						<ele>60</ele>
						<time>2026-09-30T12:52:57Z</time>
					</trkpt>
					<trkpt lat="48.553610" lon="-2.594250">
						<ele>60</ele>
						<time>2026-09-30T12:52:59Z</time>
					</trkpt>
					<trkpt lat="48.553830" lon="-2.593710">
						<ele>60</ele>
						<time>2026-09-30T12:53:06Z</time>
					</trkpt>
					<trkpt lat="48.553950" lon="-2.593270">
						<ele>60</ele>
						<time>2026-09-30T12:53:12Z</time>
					</trkpt>
					<trkpt lat="48.554010" lon="-2.592930">
						<ele>61</ele>
						<time>2026-09-30T12:53:16Z</time>
					</trkpt>
					<trkpt lat="48.554110" lon="-2.592010">
						<ele>61</ele>
						<time>2026-09-30T12:53:27Z</time>
					</trkpt>
					<trkpt lat="48.554160" lon="-2.591840">
						<ele>61</ele>
						<time>2026-09-30T12:53:29Z</time>
					</trkpt>
					<trkpt lat="48.554570" lon="-2.591120">
						<ele>62</ele>
						<time>2026-09-30T12:53:40Z</time>
					</trkpt>
					<trkpt lat="48.554720" lon="-2.590950">
						<ele>61</ele>
						<time>2026-09-30T12:53:44Z</time>
					</trkpt>
					<trkpt lat="48.554970" lon="-2.590690">
						<ele>62</ele>
						<time>2026-09-30T12:53:49Z</time>
					</trkpt>
					<trkpt lat="48.554990" lon="-2.590580">
						<ele>62</ele>
						<time>2026-09-30T12:53:51Z</time>
					</trkpt>
					<trkpt lat="48.555010" lon="-2.590480">
						<ele>63</ele>
						<time>2026-09-30T12:53:52Z</time>
					</trkpt>
					<trkpt lat="48.555100" lon="-2.590160">
						<ele>64</ele>
						<time>2026-09-30T12:53:56Z</time>
					</trkpt>
					<trkpt lat="48.555230" lon="-2.589910">
						<ele>65</ele>
						<time>2026-09-30T12:54:00Z</time>
					</trkpt>
					<trkpt lat="48.555370" lon="-2.589750">
						<ele>65</ele>
						<time>2026-09-30T12:54:03Z</time>
					</trkpt>
					<trkpt lat="48.556940" lon="-2.588020">
						<ele>70</ele>
						<time>2026-09-30T12:54:37Z</time>
					</trkpt>
					<trkpt lat="48.558650" lon="-2.586240">
						<ele>68</ele>
						<time>2026-09-30T12:55:14Z</time>
					</trkpt>
					<trkpt lat="48.560850" lon="-2.584000">
						<ele>65</ele>
						<time>2026-09-30T12:56:01Z</time>
					</trkpt>
					<trkpt lat="48.561020" lon="-2.583780">
						<ele>65</ele>
						<time>2026-09-30T12:56:05Z</time>
					</trkpt>
					<trkpt lat="48.561080" lon="-2.583690">
						<ele>65</ele>
						<time>2026-09-30T12:56:07Z</time>
					</trkpt>
					<trkpt lat="48.561170" lon="-2.583550">
						<ele>65</ele>
						<time>2026-09-30T12:56:09Z</time>
					</trkpt>
					<trkpt lat="48.561310" lon="-2.583270">
						<ele>64</ele>
						<time>2026-09-30T12:56:13Z</time>
					</trkpt>
					<trkpt lat="48.561380" lon="-2.583090">
						<ele>64</ele>
						<time>2026-09-30T12:56:16Z</time>
					</trkpt>
					<trkpt lat="48.561500" lon="-2.582780">
						<ele>63</ele>
						<time>2026-09-30T12:56:20Z</time>
					</trkpt>
					<trkpt lat="48.561550" lon="-2.582630">
						<ele>63</ele>
						<time>2026-09-30T12:56:22Z</time>
					</trkpt>
					<trkpt lat="48.561470" lon="-2.582550">
						<ele>63</ele>
						<time>2026-09-30T12:56:24Z</time>
					</trkpt>
					<trkpt lat="48.561470" lon="-2.582550">
						<ele>63</ele>
						<time>2026-09-30T12:56:24Z</time>
					</trkpt>
					<trkpt lat="48.561400" lon="-2.582470">
						<ele>63</ele>
						<time>2026-09-30T12:56:25Z</time>
					</trkpt>
					<trkpt lat="48.561150" lon="-2.582250">
						<ele>65</ele>
						<time>2026-09-30T12:56:30Z</time>
					</trkpt>
					<trkpt lat="48.560890" lon="-2.582030">
						<ele>66</ele>
						<time>2026-09-30T12:56:36Z</time>
					</trkpt>
					<trkpt lat="48.560760" lon="-2.581850">
						<ele>67</ele>
						<time>2026-09-30T12:56:39Z</time>
					</trkpt>
					<trkpt lat="48.560520" lon="-2.581050">
						<ele>70</ele>
						<time>2026-09-30T12:56:49Z</time>
					</trkpt>
					<trkpt lat="48.560320" lon="-2.580800">
						<ele>72</ele>
						<time>2026-09-30T12:56:54Z</time>
					</trkpt>
					<trkpt lat="48.560100" lon="-2.580740">
						<ele>74</ele>
						<time>2026-09-30T12:56:58Z</time>
					</trkpt>
					<trkpt lat="48.559770" lon="-2.580700">
						<ele>76</ele>
						<time>2026-09-30T12:57:04Z</time>
					</trkpt>
					<trkpt lat="48.559650" lon="-2.580480">
						<ele>76</ele>
						<time>2026-09-30T12:57:07Z</time>
					</trkpt>
					<trkpt lat="48.559470" lon="-2.579440">
						<ele>77</ele>
						<time>2026-09-30T12:57:20Z</time>
					</trkpt>
					<trkpt lat="48.559310" lon="-2.577790">
						<ele>77</ele>
						<time>2026-09-30T12:57:39Z</time>
					</trkpt>
					<trkpt lat="48.559300" lon="-2.577190">
						<ele>77</ele>
						<time>2026-09-30T12:57:46Z</time>
					</trkpt>
					<trkpt lat="48.559270" lon="-2.576740">
						<ele>77</ele>
						<time>2026-09-30T12:57:52Z</time>
					</trkpt>
					<trkpt lat="48.559220" lon="-2.576390">
						<ele>77</ele>
						<time>2026-09-30T12:57:56Z</time>
					</trkpt>
					<trkpt lat="48.559160" lon="-2.576160">
						<ele>77</ele>
						<time>2026-09-30T12:57:59Z</time>
					</trkpt>
					<trkpt lat="48.559160" lon="-2.576140">
						<ele>77</ele>
						<time>2026-09-30T12:57:59Z</time>
					</trkpt>
					<trkpt lat="48.559480" lon="-2.575910">
						<ele>76</ele>
						<time>2026-09-30T12:58:05Z</time>
					</trkpt>
					<trkpt lat="48.559980" lon="-2.575520">
						<ele>75</ele>
						<time>2026-09-30T12:58:15Z</time>
					</trkpt>
					<trkpt lat="48.560230" lon="-2.575360">
						<ele>73</ele>
						<time>2026-09-30T12:58:20Z</time>
					</trkpt>
					<trkpt lat="48.560620" lon="-2.575130">
						<ele>70</ele>
						<time>2026-09-30T12:58:28Z</time>
					</trkpt>
					<trkpt lat="48.560860" lon="-2.575010">
						<ele>68</ele>
						<time>2026-09-30T12:58:32Z</time>
					</trkpt>
					<trkpt lat="48.561670" lon="-2.574640">
						<ele>62</ele>
						<time>2026-09-30T12:58:47Z</time>
					</trkpt>
					<trkpt lat="48.561850" lon="-2.574560">
						<ele>61</ele>
						<time>2026-09-30T12:58:51Z</time>
					</trkpt>
					<trkpt lat="48.562000" lon="-2.574520">
						<ele>60</ele>
						<time>2026-09-30T12:58:53Z</time>
					</trkpt>
					<trkpt lat="48.563280" lon="-2.574220">
						<ele>54</ele>
						<time>2026-09-30T12:59:16Z</time>
					</trkpt>
					<trkpt lat="48.563710" lon="-2.574130">
						<ele>53</ele>
						<time>2026-09-30T12:59:24Z</time>
					</trkpt>
					<trkpt lat="48.564070" lon="-2.574090">
						<ele>51</ele>
						<time>2026-09-30T12:59:31Z</time>
					</trkpt>
					<trkpt lat="48.564530" lon="-2.574100">
						<ele>51</ele>
						<time>2026-09-30T12:59:39Z</time>
					</trkpt>
					<trkpt lat="48.564640" lon="-2.574080">
						<ele>51</ele>
						<time>2026-09-30T12:59:41Z</time>
					</trkpt>
					<trkpt lat="48.564740" lon="-2.574030">
						<ele>51</ele>
						<time>2026-09-30T12:59:43Z</time>
					</trkpt>
					<trkpt lat="48.564870" lon="-2.573950">
						<ele>51</ele>
						<time>2026-09-30T12:59:45Z</time>
					</trkpt>
					<trkpt lat="48.565330" lon="-2.573540">
						<ele>51</ele>
						<time>2026-09-30T12:59:55Z</time>
					</trkpt>
					<trkpt lat="48.565680" lon="-2.573330">
						<ele>50</ele>
						<time>2026-09-30T13:00:01Z</time>
					</trkpt>
					<trkpt lat="48.565820" lon="-2.573270">
						<ele>50</ele>
						<time>2026-09-30T13:00:04Z</time>
					</trkpt>
					<trkpt lat="48.566620" lon="-2.573040">
						<ele>47</ele>
						<time>2026-09-30T13:00:18Z</time>
					</trkpt>
					<trkpt lat="48.566960" lon="-2.572970">
						<ele>45</ele>
						<time>2026-09-30T13:00:24Z</time>
					</trkpt>
					<trkpt lat="48.567070" lon="-2.572980">
						<ele>44</ele>
						<time>2026-09-30T13:00:26Z</time>
					</trkpt>
					<trkpt lat="48.567960" lon="-2.573180">
						<ele>37</ele>
						<time>2026-09-30T13:00:42Z</time>
					</trkpt>
					<trkpt lat="48.568220" lon="-2.573210">
						<ele>36</ele>
						<time>2026-09-30T13:00:47Z</time>
					</trkpt>
					<trkpt lat="48.568320" lon="-2.573190">
						<ele>35</ele>
						<time>2026-09-30T13:00:49Z</time>
					</trkpt>
					<trkpt lat="48.568440" lon="-2.573120">
						<ele>34</ele>
						<time>2026-09-30T13:00:51Z</time>
					</trkpt>
					<trkpt lat="48.568450" lon="-2.573120">
						<ele>34</ele>
						<time>2026-09-30T13:00:51Z</time>
					</trkpt>
					<trkpt lat="48.568520" lon="-2.573060">
						<ele>33</ele>
						<time>2026-09-30T13:00:53Z</time>
					</trkpt>
					<trkpt lat="48.568590" lon="-2.572990">
						<ele>32</ele>
						<time>2026-09-30T13:00:54Z</time>
					</trkpt>
					<trkpt lat="48.568730" lon="-2.572790">
						<ele>31</ele>
						<time>2026-09-30T13:00:58Z</time>
					</trkpt>
					<trkpt lat="48.568980" lon="-2.572330">
						<ele>29</ele>
						<time>2026-09-30T13:01:05Z</time>
					</trkpt>
					<trkpt lat="48.570180" lon="-2.569990">
						<ele>20</ele>
						<time>2026-09-30T13:01:40Z</time>
					</trkpt>
					<trkpt lat="48.570280" lon="-2.569820">
						<ele>20</ele>
						<time>2026-09-30T13:01:42Z</time>
					</trkpt>
					<trkpt lat="48.570370" lon="-2.569660">
						<ele>19</ele>
						<time>2026-09-30T13:01:45Z</time>
					</trkpt>
					<trkpt lat="48.570530" lon="-2.569440">
						<ele>19</ele>
						<time>2026-09-30T13:01:49Z</time>
					</trkpt>
					<trkpt lat="48.570610" lon="-2.569350">
						<ele>18</ele>
						<time>2026-09-30T13:01:50Z</time>
					</trkpt>
					<trkpt lat="48.570950" lon="-2.569000">
						<ele>17</ele>
						<time>2026-09-30T13:01:58Z</time>
					</trkpt>
					<trkpt lat="48.571690" lon="-2.568200">
						<ele>15</ele>
						<time>2026-09-30T13:02:14Z</time>
					</trkpt>
					<trkpt lat="48.572020" lon="-2.567850">
						<ele>15</ele>
						<time>2026-09-30T13:02:21Z</time>
					</trkpt>
					<trkpt lat="48.572160" lon="-2.567730">
						<ele>14</ele>
						<time>2026-09-30T13:02:24Z</time>
					</trkpt>
					<trkpt lat="48.572280" lon="-2.567630">
						<ele>14</ele>
						<time>2026-09-30T13:02:26Z</time>
					</trkpt>
					<trkpt lat="48.572500" lon="-2.567480">
						<ele>12</ele>
						<time>2026-09-30T13:02:31Z</time>
					</trkpt>
					<trkpt lat="48.573200" lon="-2.567090">
						<ele>13</ele>
						<time>2026-09-30T13:02:44Z</time>
					</trkpt>
					<trkpt lat="48.573400" lon="-2.566940">
						<ele>13</ele>
						<time>2026-09-30T13:02:48Z</time>
					</trkpt>
					<trkpt lat="48.573520" lon="-2.566810">
						<ele>13</ele>
						<time>2026-09-30T13:02:50Z</time>
					</trkpt>
					<trkpt lat="48.573610" lon="-2.566680">
						<ele>13</ele>
						<time>2026-09-30T13:02:53Z</time>
					</trkpt>
					<trkpt lat="48.573690" lon="-2.566540">
						<ele>13</ele>
						<time>2026-09-30T13:02:55Z</time>
					</trkpt>
					<trkpt lat="48.573770" lon="-2.566390">
						<ele>13</ele>
						<time>2026-09-30T13:02:57Z</time>
					</trkpt>
					<trkpt lat="48.573890" lon="-2.566090">
						<ele>13</ele>
						<time>2026-09-30T13:03:01Z</time>
					</trkpt>
					<trkpt lat="48.574080" lon="-2.565500">
						<ele>13</ele>
						<time>2026-09-30T13:03:09Z</time>
					</trkpt>
					<trkpt lat="48.574180" lon="-2.565250">
						<ele>13</ele>
						<time>2026-09-30T13:03:12Z</time>
					</trkpt>
					<trkpt lat="48.574340" lon="-2.564890">
						<ele>14</ele>
						<time>2026-09-30T13:03:18Z</time>
					</trkpt>
					<trkpt lat="48.574410" lon="-2.564730">
						<ele>13</ele>
						<time>2026-09-30T13:03:20Z</time>
					</trkpt>
					<trkpt lat="48.574560" lon="-2.564470">
						<ele>13</ele>
						<time>2026-09-30T13:03:24Z</time>
					</trkpt>
					<trkpt lat="48.574680" lon="-2.564310">
						<ele>12</ele>
						<time>2026-09-30T13:03:27Z</time>
					</trkpt>
					<trkpt lat="48.574790" lon="-2.564180">
						<ele>12</ele>
						<time>2026-09-30T13:03:29Z</time>
					</trkpt>
					<trkpt lat="48.574930" lon="-2.564050">
						<ele>10</ele>
						<time>2026-09-30T13:03:32Z</time>
					</trkpt>
					<trkpt lat="48.575040" lon="-2.563950">
						<ele>10</ele>
						<time>2026-09-30T13:03:34Z</time>
					</trkpt>
					<trkpt lat="48.575220" lon="-2.563810">
						<ele>8</ele>
						<time>2026-09-30T13:03:38Z</time>
					</trkpt>
					<trkpt lat="48.575310" lon="-2.563760">
						<ele>8</ele>
						<time>2026-09-30T13:03:40Z</time>
					</trkpt>
					<trkpt lat="48.575450" lon="-2.563690">
						<ele>7</ele>
						<time>2026-09-30T13:03:42Z</time>
					</trkpt>
					<trkpt lat="48.575580" lon="-2.563630">
						<ele>7</ele>
						<time>2026-09-30T13:03:45Z</time>
					</trkpt>
					<trkpt lat="48.575730" lon="-2.563580">
						<ele>6</ele>
						<time>2026-09-30T13:03:47Z</time>
					</trkpt>
					<trkpt lat="48.575900" lon="-2.563590">
						<ele>6</ele>
						<time>2026-09-30T13:03:51Z</time>
					</trkpt>
					<trkpt lat="48.576020" lon="-2.563640">
						<ele>5</ele>
						<time>2026-09-30T13:03:53Z</time>
					</trkpt>
					<trkpt lat="48.576010" lon="-2.563660">
						<ele>5</ele>
						<time>2026-09-30T13:03:53Z</time>
					</trkpt>
					<trkpt lat="48.576020" lon="-2.563640">
						<ele>5</ele>
						<time>2026-09-30T13:03:53Z</time>
					</trkpt>
					<trkpt lat="48.576060" lon="-2.563600">
						<ele>5</ele>
						<time>2026-09-30T13:03:54Z</time>
					</trkpt>
					<trkpt lat="48.576170" lon="-2.563540">
						<ele>5</ele>
						<time>2026-09-30T13:03:56Z</time>
					</trkpt>
					<trkpt lat="48.576300" lon="-2.563560">
						<ele>5</ele>
						<time>2026-09-30T13:03:59Z</time>
					</trkpt>
					<trkpt lat="48.576890" lon="-2.563880">
						<ele>4</ele>
						<time>2026-09-30T13:04:10Z</time>
					</trkpt>
					<trkpt lat="48.577110" lon="-2.564070">
						<ele>3</ele>
						<time>2026-09-30T13:04:14Z</time>
					</trkpt>
					<trkpt lat="48.577400" lon="-2.564230">
						<ele>2</ele>
						<time>2026-09-30T13:04:20Z</time>
					</trkpt>
					<trkpt lat="48.577490" lon="-2.564260">
						<ele>2</ele>
						<time>2026-09-30T13:04:21Z</time>
					</trkpt>
					<trkpt lat="48.577560" lon="-2.564250">
						<ele>2</ele>
						<time>2026-09-30T13:04:23Z</time>
					</trkpt>
					<trkpt lat="48.577600" lon="-2.564220">
						<ele>2</ele>
						<time>2026-09-30T13:04:23Z</time>
					</trkpt>
					<trkpt lat="48.577650" lon="-2.564150">
						<ele>3</ele>
						<time>2026-09-30T13:04:25Z</time>
					</trkpt>
					<trkpt lat="48.577700" lon="-2.563940">
						<ele>4</ele>
						<time>2026-09-30T13:04:27Z</time>
					</trkpt>
					<trkpt lat="48.577730" lon="-2.563730">
						<ele>5</ele>
						<time>2026-09-30T13:04:30Z</time>
					</trkpt>
					<trkpt lat="48.577770" lon="-2.563730">
						<ele>5</ele>
						<time>2026-09-30T13:04:30Z</time>
					</trkpt>
					<trkpt lat="48.577810" lon="-2.563710">
						<ele>6</ele>
						<time>2026-09-30T13:04:31Z</time>
					</trkpt>
					<trkpt lat="48.577930" lon="-2.563590">
						<ele>6</ele>
						<time>2026-09-30T13:04:34Z</time>
					</trkpt>
					<trkpt lat="48.577960" lon="-2.563570">
						<ele>6</ele>
						<time>2026-09-30T13:04:34Z</time>
					</trkpt>
					<trkpt lat="48.578650" lon="-2.562910">
						<ele>9</ele>
						<time>2026-09-30T13:04:49Z</time>
					</trkpt>
					<trkpt lat="48.578700" lon="-2.562890">
						<ele>9</ele>
						<time>2026-09-30T13:04:50Z</time>
					</trkpt>
					<trkpt lat="48.578810" lon="-2.562870">
						<ele>8</ele>
						<time>2026-09-30T13:04:52Z</time>
					</trkpt>
					<trkpt lat="48.579020" lon="-2.562880">
						<ele>8</ele>
						<time>2026-09-30T13:04:56Z</time>
					</trkpt>
					<trkpt lat="48.579110" lon="-2.562890">
						<ele>8</ele>
						<time>2026-09-30T13:04:57Z</time>
					</trkpt>
					<trkpt lat="48.579240" lon="-2.562900">
						<ele>9</ele>
						<time>2026-09-30T13:04:59Z</time>
					</trkpt>
					<trkpt lat="48.579330" lon="-2.562880">
						<ele>11</ele>
						<time>2026-09-30T13:05:01Z</time>
					</trkpt>
					<trkpt lat="48.579380" lon="-2.562850">
						<ele>12</ele>
						<time>2026-09-30T13:05:02Z</time>
					</trkpt>
					<trkpt lat="48.579450" lon="-2.562800">
						<ele>13</ele>
						<time>2026-09-30T13:05:03Z</time>
					</trkpt>
					<trkpt lat="48.579520" lon="-2.562710">
						<ele>13</ele>
						<time>2026-09-30T13:05:05Z</time>
					</trkpt>
					<trkpt lat="48.579590" lon="-2.562590">
						<ele>14</ele>
						<time>2026-09-30T13:05:07Z</time>
					</trkpt>
					<trkpt lat="48.579730" lon="-2.562250">
						<ele>15</ele>
						<time>2026-09-30T13:05:12Z</time>
					</trkpt>
					<trkpt lat="48.579790" lon="-2.562060">
						<ele>15</ele>
						<time>2026-09-30T13:05:14Z</time>
					</trkpt>
					<trkpt lat="48.579820" lon="-2.561900">
						<ele>15</ele>
						<time>2026-09-30T13:05:16Z</time>
					</trkpt>
					<trkpt lat="48.579850" lon="-2.561720">
						<ele>14</ele>
						<time>2026-09-30T13:05:18Z</time>
					</trkpt>
					<trkpt lat="48.579880" lon="-2.561260">
						<ele>14</ele>
						<time>2026-09-30T13:05:24Z</time>
					</trkpt>
					<trkpt lat="48.579890" lon="-2.561060">
						<ele>14</ele>
						<time>2026-09-30T13:05:26Z</time>
					</trkpt>
					<trkpt lat="48.579920" lon="-2.560010">
						<ele>13</ele>
						<time>2026-09-30T13:05:38Z</time>
					</trkpt>
					<trkpt lat="48.579920" lon="-2.559830">
						<ele>13</ele>
						<time>2026-09-30T13:05:41Z</time>
					</trkpt>
					<trkpt lat="48.579880" lon="-2.559260">
						<ele>10</ele>
						<time>2026-09-30T13:05:47Z</time>
					</trkpt>
					<trkpt lat="48.579890" lon="-2.559050">
						<ele>10</ele>
						<time>2026-09-30T13:05:50Z</time>
					</trkpt>
					<trkpt lat="48.579910" lon="-2.558860">
						<ele>10</ele>
						<time>2026-09-30T13:05:52Z</time>
					</trkpt>
					<trkpt lat="48.579950" lon="-2.558650">
						<ele>10</ele>
						<time>2026-09-30T13:05:55Z</time>
					</trkpt>
					<trkpt lat="48.580130" lon="-2.557970">
						<ele>12</ele>
						<time>2026-09-30T13:06:03Z</time>
					</trkpt>
					<trkpt lat="48.580240" lon="-2.557600">
						<ele>14</ele>
						<time>2026-09-30T13:06:08Z</time>
					</trkpt>
					<trkpt lat="48.580320" lon="-2.557370">
						<ele>15</ele>
						<time>2026-09-30T13:06:11Z</time>
					</trkpt>
					<trkpt lat="48.580600" lon="-2.556730">
						<ele>19</ele>
						<time>2026-09-30T13:06:20Z</time>
					</trkpt>
					<trkpt lat="48.580680" lon="-2.556510">
						<ele>20</ele>
						<time>2026-09-30T13:06:23Z</time>
					</trkpt>
					<trkpt lat="48.580720" lon="-2.556350">
						<ele>20</ele>
						<time>2026-09-30T13:06:25Z</time>
					</trkpt>
					<trkpt lat="48.580830" lon="-2.555900">
						<ele>20</ele>
						<time>2026-09-30T13:06:31Z</time>
					</trkpt>
					<trkpt lat="48.580860" lon="-2.555840">
						<ele>20</ele>
						<time>2026-09-30T13:06:32Z</time>
					</trkpt>
					<trkpt lat="48.580900" lon="-2.555790">
						<ele>19</ele>
						<time>2026-09-30T13:06:33Z</time>
					</trkpt>
					<trkpt lat="48.580880" lon="-2.555750">
						<ele>20</ele>
						<time>2026-09-30T13:06:33Z</time>
					</trkpt>
					<trkpt lat="48.580870" lon="-2.555700">
						<ele>20</ele>
						<time>2026-09-30T13:06:34Z</time>
					</trkpt>
					<trkpt lat="48.580870" lon="-2.555650">
						<ele>19</ele>
						<time>2026-09-30T13:06:34Z</time>
					</trkpt>
					<trkpt lat="48.580880" lon="-2.555610">
						<ele>19</ele>
						<time>2026-09-30T13:06:35Z</time>
					</trkpt>
					<trkpt lat="48.580900" lon="-2.555560">
						<ele>19</ele>
						<time>2026-09-30T13:06:36Z</time>
					</trkpt>
					<trkpt lat="48.580930" lon="-2.555530">
						<ele>19</ele>
						<time>2026-09-30T13:06:36Z</time>
					</trkpt>
					<trkpt lat="48.580960" lon="-2.555520">
						<ele>19</ele>
						<time>2026-09-30T13:06:37Z</time>
					</trkpt>
					<trkpt lat="48.580970" lon="-2.555370">
						<ele>18</ele>
						<time>2026-09-30T13:06:38Z</time>
					</trkpt>
					<trkpt lat="48.580980" lon="-2.555270">
						<ele>18</ele>
						<time>2026-09-30T13:06:40Z</time>
					</trkpt>
					<trkpt lat="48.581000" lon="-2.555180">
						<ele>18</ele>
						<time>2026-09-30T13:06:41Z</time>
					</trkpt>
					<trkpt lat="48.580980" lon="-2.555180">
						<ele>18</ele>
						<time>2026-09-30T13:06:41Z</time>
					</trkpt>
					<trkpt lat="48.581000" lon="-2.555180">
						<ele>18</ele>
						<time>2026-09-30T13:06:42Z</time>
					</trkpt>
					<trkpt lat="48.581020" lon="-2.555100">
						<ele>18</ele>
						<time>2026-09-30T13:06:43Z</time>
					</trkpt>
					<trkpt lat="48.581110" lon="-2.554830">
						<ele>18</ele>
						<time>2026-09-30T13:06:46Z</time>
					</trkpt>
					<trkpt lat="48.581200" lon="-2.554430">
						<ele>18</ele>
						<time>2026-09-30T13:06:51Z</time>
					</trkpt>
					<trkpt lat="48.581260" lon="-2.554170">
						<ele>18</ele>
						<time>2026-09-30T13:06:54Z</time>
					</trkpt>
					<trkpt lat="48.581320" lon="-2.554030">
						<ele>18</ele>
						<time>2026-09-30T13:06:56Z</time>
					</trkpt>
					<trkpt lat="48.581510" lon="-2.553630">
						<ele>19</ele>
						<time>2026-09-30T13:07:02Z</time>
					</trkpt>
					<trkpt lat="48.581570" lon="-2.553490">
						<ele>19</ele>
						<time>2026-09-30T13:07:04Z</time>
					</trkpt>
					<trkpt lat="48.581810" lon="-2.552820">
						<ele>22</ele>
						<time>2026-09-30T13:07:13Z</time>
					</trkpt>
					<trkpt lat="48.581800" lon="-2.552800">
						<ele>22</ele>
						<time>2026-09-30T13:07:13Z</time>
					</trkpt>
					<trkpt lat="48.581810" lon="-2.552820">
						<ele>22</ele>
						<time>2026-09-30T13:07:14Z</time>
					</trkpt>
					<trkpt lat="48.581880" lon="-2.552710">
						<ele>22</ele>
						<time>2026-09-30T13:07:15Z</time>
					</trkpt>
					<trkpt lat="48.582080" lon="-2.552440">
						<ele>24</ele>
						<time>2026-09-30T13:07:20Z</time>
					</trkpt>
					<trkpt lat="48.582290" lon="-2.552230">
						<ele>24</ele>
						<time>2026-09-30T13:07:25Z</time>
					</trkpt>
					<trkpt lat="48.582450" lon="-2.552070">
						<ele>25</ele>
						<time>2026-09-30T13:07:28Z</time>
					</trkpt>
					<trkpt lat="48.582650" lon="-2.551900">
						<ele>25</ele>
						<time>2026-09-30T13:07:32Z</time>
					</trkpt>
					<trkpt lat="48.582710" lon="-2.551810">
						<ele>24</ele>
						<time>2026-09-30T13:07:34Z</time>
					</trkpt>
					<trkpt lat="48.582770" lon="-2.551660">
						<ele>24</ele>
						<time>2026-09-30T13:07:36Z</time>
					</trkpt>
					<trkpt lat="48.582880" lon="-2.551340">
						<ele>24</ele>
						<time>2026-09-30T13:07:40Z</time>
					</trkpt>
					<trkpt lat="48.583080" lon="-2.550850">
						<ele>23</ele>
						<time>2026-09-30T13:07:47Z</time>
					</trkpt>
					<trkpt lat="48.583210" lon="-2.550590">
						<ele>23</ele>
						<time>2026-09-30T13:07:51Z</time>
					</trkpt>
					<trkpt lat="48.583310" lon="-2.550460">
						<ele>22</ele>
						<time>2026-09-30T13:07:53Z</time>
					</trkpt>
					<trkpt lat="48.583570" lon="-2.550130">
						<ele>21</ele>
						<time>2026-09-30T13:07:59Z</time>
					</trkpt>
					<trkpt lat="48.583760" lon="-2.549820">
						<ele>21</ele>
						<time>2026-09-30T13:08:04Z</time>
					</trkpt>
					<trkpt lat="48.583910" lon="-2.549490">
						<ele>21</ele>
						<time>2026-09-30T13:08:09Z</time>
					</trkpt>
					<trkpt lat="48.584020" lon="-2.549310">
						<ele>20</ele>
						<time>2026-09-30T13:08:11Z</time>
					</trkpt>
					<trkpt lat="48.584180" lon="-2.548940">
						<ele>20</ele>
						<time>2026-09-30T13:08:17Z</time>
					</trkpt>
					<trkpt lat="48.584360" lon="-2.548410">
						<ele>21</ele>
						<time>2026-09-30T13:08:24Z</time>
					</trkpt>
					<trkpt lat="48.584380" lon="-2.548370">
						<ele>21</ele>
						<time>2026-09-30T13:08:24Z</time>
					</trkpt>
					<trkpt lat="48.584560" lon="-2.547730">
						<ele>21</ele>
						<time>2026-09-30T13:08:32Z</time>
					</trkpt>
					<trkpt lat="48.584770" lon="-2.546810">
						<ele>21</ele>
						<time>2026-09-30T13:08:44Z</time>
					</trkpt>
					<trkpt lat="48.584830" lon="-2.546640">
						<ele>21</ele>
						<time>2026-09-30T13:08:46Z</time>
					</trkpt>
					<trkpt lat="48.584880" lon="-2.546570">
						<ele>21</ele>
						<time>2026-09-30T13:08:47Z</time>
					</trkpt>
					<trkpt lat="48.584900" lon="-2.546460">
						<ele>21</ele>
						<time>2026-09-30T13:08:49Z</time>
					</trkpt>
					<trkpt lat="48.585280" lon="-2.545530">
						<ele>25</ele>
						<time>2026-09-30T13:09:02Z</time>
					</trkpt>
					<trkpt lat="48.585450" lon="-2.544930">
						<ele>30</ele>
						<time>2026-09-30T13:09:09Z</time>
					</trkpt>
					<trkpt lat="48.585470" lon="-2.544710">
						<ele>32</ele>
						<time>2026-09-30T13:09:12Z</time>
					</trkpt>
					<trkpt lat="48.585450" lon="-2.544540">
						<ele>33</ele>
						<time>2026-09-30T13:09:14Z</time>
					</trkpt>
					<trkpt lat="48.585420" lon="-2.544410">
						<ele>34</ele>
						<time>2026-09-30T13:09:16Z</time>
					</trkpt>
					<trkpt lat="48.585340" lon="-2.544240">
						<ele>36</ele>
						<time>2026-09-30T13:09:18Z</time>
					</trkpt>
					<trkpt lat="48.585320" lon="-2.544180">
						<ele>37</ele>
						<time>2026-09-30T13:09:19Z</time>
					</trkpt>
					<trkpt lat="48.585300" lon="-2.544090">
						<ele>38</ele>
						<time>2026-09-30T13:09:20Z</time>
					</trkpt>
					<trkpt lat="48.585260" lon="-2.543980">
						<ele>39</ele>
						<time>2026-09-30T13:09:21Z</time>
					</trkpt>
					<trkpt lat="48.585240" lon="-2.543920">
						<ele>39</ele>
						<time>2026-09-30T13:09:22Z</time>
					</trkpt>
					<trkpt lat="48.585220" lon="-2.543780">
						<ele>40</ele>
						<time>2026-09-30T13:09:24Z</time>
					</trkpt>
					<trkpt lat="48.585210" lon="-2.543430">
						<ele>43</ele>
						<time>2026-09-30T13:09:28Z</time>
					</trkpt>
					<trkpt lat="48.585190" lon="-2.542900">
						<ele>47</ele>
						<time>2026-09-30T13:09:34Z</time>
					</trkpt>
					<trkpt lat="48.585150" lon="-2.542550">
						<ele>50</ele>
						<time>2026-09-30T13:09:38Z</time>
					</trkpt>
					<trkpt lat="48.585040" lon="-2.541960">
						<ele>52</ele>
						<time>2026-09-30T13:09:46Z</time>
					</trkpt>
					<trkpt lat="48.585040" lon="-2.541870">
						<ele>52</ele>
						<time>2026-09-30T13:09:47Z</time>
					</trkpt>
					<trkpt lat="48.585040" lon="-2.541790">
						<ele>53</ele>
						<time>2026-09-30T13:09:48Z</time>
					</trkpt>
					<trkpt lat="48.585050" lon="-2.541750">
						<ele>53</ele>
						<time>2026-09-30T13:09:48Z</time>
					</trkpt>
					<trkpt lat="48.584980" lon="-2.541660">
						<ele>53</ele>
						<time>2026-09-30T13:09:50Z</time>
					</trkpt>
					<trkpt lat="48.584950" lon="-2.541550">
						<ele>54</ele>
						<time>2026-09-30T13:09:51Z</time>
					</trkpt>
					<trkpt lat="48.584910" lon="-2.541000">
						<ele>55</ele>
						<time>2026-09-30T13:09:58Z</time>
					</trkpt>
					<trkpt lat="48.584890" lon="-2.540870">
						<ele>56</ele>
						<time>2026-09-30T13:09:59Z</time>
					</trkpt>
					<trkpt lat="48.584830" lon="-2.540380">
						<ele>56</ele>
						<time>2026-09-30T13:10:05Z</time>
					</trkpt>
					<trkpt lat="48.584670" lon="-2.539540">
						<ele>58</ele>
						<time>2026-09-30T13:10:15Z</time>
					</trkpt>
					<trkpt lat="48.584590" lon="-2.539110">
						<ele>59</ele>
						<time>2026-09-30T13:10:21Z</time>
					</trkpt>
					<trkpt lat="48.584580" lon="-2.539030">
						<ele>59</ele>
						<time>2026-09-30T13:10:22Z</time>
					</trkpt>
					<trkpt lat="48.584590" lon="-2.538880">
						<ele>60</ele>
						<time>2026-09-30T13:10:23Z</time>
					</trkpt>
					<trkpt lat="48.584660" lon="-2.537960">
						<ele>61</ele>
						<time>2026-09-30T13:10:34Z</time>
					</trkpt>
					<trkpt lat="48.584690" lon="-2.537980">
						<ele>61</ele>
						<time>2026-09-30T13:10:35Z</time>
					</trkpt>
					<trkpt lat="48.585720" lon="-2.538550">
						<ele>58</ele>
						<time>2026-09-30T13:10:54Z</time>
					</trkpt>
					<trkpt lat="48.586880" lon="-2.539100">
						<ele>56</ele>
						<time>2026-09-30T13:11:16Z</time>
					</trkpt>
					<trkpt lat="48.587300" lon="-2.539300">
						<ele>55</ele>
						<time>2026-09-30T13:11:24Z</time>
					</trkpt>
					<trkpt lat="48.587480" lon="-2.539360">
						<ele>55</ele>
						<time>2026-09-30T13:11:27Z</time>
					</trkpt>
					<trkpt lat="48.587490" lon="-2.539360">
						<ele>55</ele>
						<time>2026-09-30T13:11:27Z</time>
					</trkpt>
					<trkpt lat="48.587480" lon="-2.539360">
						<ele>55</ele>
						<time>2026-09-30T13:11:28Z</time>
					</trkpt>
					<trkpt lat="48.587510" lon="-2.538590">
						<ele>55</ele>
						<time>2026-09-30T13:11:37Z</time>
					</trkpt>
					<trkpt lat="48.587540" lon="-2.538550">
						<ele>55</ele>
						<time>2026-09-30T13:11:37Z</time>
					</trkpt>
					<trkpt lat="48.587560" lon="-2.537970">
						<ele>56</ele>
						<time>2026-09-30T13:11:44Z</time>
					</trkpt>
					<trkpt lat="48.587570" lon="-2.537620">
						<ele>56</ele>
						<time>2026-09-30T13:11:48Z</time>
					</trkpt>
					<trkpt lat="48.587660" lon="-2.535240">
						<ele>55</ele>
						<time>2026-09-30T13:12:16Z</time>
					</trkpt>
					<trkpt lat="48.587710" lon="-2.533760">
						<ele>54</ele>
						<time>2026-09-30T13:12:34Z</time>
					</trkpt>
					<trkpt lat="48.587780" lon="-2.532650">
						<ele>54</ele>
						<time>2026-09-30T13:12:47Z</time>
					</trkpt>
					<trkpt lat="48.587810" lon="-2.532370">
						<ele>54</ele>
						<time>2026-09-30T13:12:50Z</time>
					</trkpt>
					<trkpt lat="48.587870" lon="-2.532330">
						<ele>54</ele>
						<time>2026-09-30T13:12:51Z</time>
					</trkpt>
					<trkpt lat="48.587900" lon="-2.532230">
						<ele>54</ele>
						<time>2026-09-30T13:12:53Z</time>
					</trkpt>
					<trkpt lat="48.587900" lon="-2.532110">
						<ele>54</ele>
						<time>2026-09-30T13:12:54Z</time>
					</trkpt>
					<trkpt lat="48.587880" lon="-2.532040">
						<ele>53</ele>
						<time>2026-09-30T13:12:55Z</time>
					</trkpt>
					<trkpt lat="48.587840" lon="-2.532010">
						<ele>53</ele>
						<time>2026-09-30T13:12:56Z</time>
					</trkpt>
					<trkpt lat="48.587830" lon="-2.532000">
						<ele>53</ele>
						<time>2026-09-30T13:12:56Z</time>
					</trkpt>
					<trkpt lat="48.587880" lon="-2.531860">
						<ele>53</ele>
						<time>2026-09-30T13:12:58Z</time>
					</trkpt>
					<trkpt lat="48.587940" lon="-2.531700">
						<ele>53</ele>
						<time>2026-09-30T13:13:00Z</time>
					</trkpt>
					<trkpt lat="48.588100" lon="-2.531170">
						<ele>53</ele>
						<time>2026-09-30T13:13:07Z</time>
					</trkpt>
					<trkpt lat="48.588180" lon="-2.530630">
						<ele>54</ele>
						<time>2026-09-30T13:13:13Z</time>
					</trkpt>
					<trkpt lat="48.588280" lon="-2.530250">
						<ele>55</ele>
						<time>2026-09-30T13:13:18Z</time>
					</trkpt>
					<trkpt lat="48.588420" lon="-2.529800">
						<ele>57</ele>
						<time>2026-09-30T13:13:24Z</time>
					</trkpt>
					<trkpt lat="48.588460" lon="-2.529600">
						<ele>58</ele>
						<time>2026-09-30T13:13:27Z</time>
					</trkpt>
					<trkpt lat="48.588490" lon="-2.529380">
						<ele>58</ele>
						<time>2026-09-30T13:13:29Z</time>
					</trkpt>
					<trkpt lat="48.588510" lon="-2.529130">
						<ele>58</ele>
						<time>2026-09-30T13:13:32Z</time>
					</trkpt>
					<trkpt lat="48.588550" lon="-2.528770">
						<ele>59</ele>
						<time>2026-09-30T13:13:36Z</time>
					</trkpt>
					<trkpt lat="48.588620" lon="-2.528400">
						<ele>59</ele>
						<time>2026-09-30T13:13:41Z</time>
					</trkpt>
					<trkpt lat="48.588680" lon="-2.528200">
						<ele>59</ele>
						<time>2026-09-30T13:13:44Z</time>
					</trkpt>
					<trkpt lat="48.588770" lon="-2.528040">
						<ele>59</ele>
						<time>2026-09-30T13:13:46Z</time>
					</trkpt>
					<trkpt lat="48.588890" lon="-2.527880">
						<ele>60</ele>
						<time>2026-09-30T13:13:49Z</time>
					</trkpt>
					<trkpt lat="48.589090" lon="-2.527680">
						<ele>60</ele>
						<time>2026-09-30T13:13:53Z</time>
					</trkpt>
					<trkpt lat="48.589330" lon="-2.527520">
						<ele>60</ele>
						<time>2026-09-30T13:13:58Z</time>
					</trkpt>
					<trkpt lat="48.589710" lon="-2.527290">
						<ele>61</ele>
						<time>2026-09-30T13:14:05Z</time>
					</trkpt>
					<trkpt lat="48.590220" lon="-2.527010">
						<ele>61</ele>
						<time>2026-09-30T13:14:15Z</time>
					</trkpt>
					<trkpt lat="48.590470" lon="-2.526840">
						<ele>61</ele>
						<time>2026-09-30T13:14:20Z</time>
					</trkpt>
					<trkpt lat="48.590700" lon="-2.526650">
						<ele>60</ele>
						<time>2026-09-30T13:14:24Z</time>
					</trkpt>
					<trkpt lat="48.590890" lon="-2.526430">
						<ele>60</ele>
						<time>2026-09-30T13:14:29Z</time>
					</trkpt>
					<trkpt lat="48.591240" lon="-2.525920">
						<ele>58</ele>
						<time>2026-09-30T13:14:37Z</time>
					</trkpt>
					<trkpt lat="48.591560" lon="-2.525430">
						<ele>56</ele>
						<time>2026-09-30T13:14:45Z</time>
					</trkpt>
					<trkpt lat="48.591710" lon="-2.525240">
						<ele>55</ele>
						<time>2026-09-30T13:14:49Z</time>
					</trkpt>
					<trkpt lat="48.591890" lon="-2.524880">
						<ele>53</ele>
						<time>2026-09-30T13:14:54Z</time>
					</trkpt>
					<trkpt lat="48.592260" lon="-2.523820">
						<ele>50</ele>
						<time>2026-09-30T13:15:08Z</time>
					</trkpt>
					<trkpt lat="48.592620" lon="-2.522480">
						<ele>48</ele>
						<time>2026-09-30T13:15:25Z</time>
					</trkpt>
					<trkpt lat="48.592750" lon="-2.521850">
						<ele>46</ele>
						<time>2026-09-30T13:15:33Z</time>
					</trkpt>
					<trkpt lat="48.592840" lon="-2.521340">
						<ele>47</ele>
						<time>2026-09-30T13:15:39Z</time>
					</trkpt>
					<trkpt lat="48.592920" lon="-2.520750">
						<ele>47</ele>
						<time>2026-09-30T13:15:46Z</time>
					</trkpt>
					<trkpt lat="48.592970" lon="-2.520270">
						<ele>47</ele>
						<time>2026-09-30T13:15:52Z</time>
					</trkpt>
					<trkpt lat="48.592990" lon="-2.520050">
						<ele>46</ele>
						<time>2026-09-30T13:15:55Z</time>
					</trkpt>
					<trkpt lat="48.593000" lon="-2.519580">
						<ele>44</ele>
						<time>2026-09-30T13:16:00Z</time>
					</trkpt>
					<trkpt lat="48.592980" lon="-2.518470">
						<ele>42</ele>
						<time>2026-09-30T13:16:13Z</time>
					</trkpt>
					<trkpt lat="48.593070" lon="-2.517720">
						<ele>41</ele>
						<time>2026-09-30T13:16:22Z</time>
					</trkpt>
					<trkpt lat="48.593100" lon="-2.517240">
						<ele>40</ele>
						<time>2026-09-30T13:16:28Z</time>
					</trkpt>
					<trkpt lat="48.593120" lon="-2.517040">
						<ele>39</ele>
						<time>2026-09-30T13:16:30Z</time>
					</trkpt>
					<trkpt lat="48.593160" lon="-2.516560">
						<ele>38</ele>
						<time>2026-09-30T13:16:36Z</time>
					</trkpt>
					<trkpt lat="48.593200" lon="-2.516100">
						<ele>39</ele>
						<time>2026-09-30T13:16:41Z</time>
					</trkpt>
					<trkpt lat="48.593260" lon="-2.515810">
						<ele>39</ele>
						<time>2026-09-30T13:16:45Z</time>
					</trkpt>
					<trkpt lat="48.593340" lon="-2.515600">
						<ele>39</ele>
						<time>2026-09-30T13:16:48Z</time>
					</trkpt>
					<trkpt lat="48.593430" lon="-2.515460">
						<ele>39</ele>
						<time>2026-09-30T13:16:50Z</time>
					</trkpt>
					<trkpt lat="48.593530" lon="-2.515340">
						<ele>39</ele>
						<time>2026-09-30T13:16:52Z</time>
					</trkpt>
					<trkpt lat="48.593670" lon="-2.515210">
						<ele>39</ele>
						<time>2026-09-30T13:16:55Z</time>
					</trkpt>
					<trkpt lat="48.593770" lon="-2.515150">
						<ele>39</ele>
						<time>2026-09-30T13:16:57Z</time>
					</trkpt>
					<trkpt lat="48.594270" lon="-2.514970">
						<ele>38</ele>
						<time>2026-09-30T13:17:06Z</time>
					</trkpt>
					<trkpt lat="48.594400" lon="-2.514870">
						<ele>39</ele>
						<time>2026-09-30T13:17:09Z</time>
					</trkpt>
					<trkpt lat="48.594520" lon="-2.514660">
						<ele>40</ele>
						<time>2026-09-30T13:17:12Z</time>
					</trkpt>
					<trkpt lat="48.594710" lon="-2.514180">
						<ele>41</ele>
						<time>2026-09-30T13:17:19Z</time>
					</trkpt>
					<trkpt lat="48.594920" lon="-2.513860">
						<ele>43</ele>
						<time>2026-09-30T13:17:24Z</time>
					</trkpt>
					<trkpt lat="48.595050" lon="-2.513750">
						<ele>44</ele>
						<time>2026-09-30T13:17:27Z</time>
					</trkpt>
					<trkpt lat="48.595580" lon="-2.513480">
						<ele>50</ele>
						<time>2026-09-30T13:17:37Z</time>
					</trkpt>
					<trkpt lat="48.595590" lon="-2.513430">
						<ele>50</ele>
						<time>2026-09-30T13:17:37Z</time>
					</trkpt>
					<trkpt lat="48.595580" lon="-2.513480">
						<ele>50</ele>
						<time>2026-09-30T13:17:38Z</time>
					</trkpt>
					<trkpt lat="48.595780" lon="-2.513270">
						<ele>52</ele>
						<time>2026-09-30T13:17:42Z</time>
					</trkpt>
					<trkpt lat="48.595980" lon="-2.512920">
						<ele>55</ele>
						<time>2026-09-30T13:17:48Z</time>
					</trkpt>
					<trkpt lat="48.596380" lon="-2.511900">
						<ele>60</ele>
						<time>2026-09-30T13:18:02Z</time>
					</trkpt>
					<trkpt lat="48.596520" lon="-2.511690">
						<ele>60</ele>
						<time>2026-09-30T13:18:05Z</time>
					</trkpt>
					<trkpt lat="48.596960" lon="-2.511180">
						<ele>61</ele>
						<time>2026-09-30T13:18:15Z</time>
					</trkpt>
					<trkpt lat="48.597330" lon="-2.510550">
						<ele>63</ele>
						<time>2026-09-30T13:18:25Z</time>
					</trkpt>
					<trkpt lat="48.597390" lon="-2.510470">
						<ele>63</ele>
						<time>2026-09-30T13:18:26Z</time>
					</trkpt>
					<trkpt lat="48.597430" lon="-2.510440">
						<ele>63</ele>
						<time>2026-09-30T13:18:27Z</time>
					</trkpt>
					<trkpt lat="48.597440" lon="-2.510440">
						<ele>63</ele>
						<time>2026-09-30T13:18:27Z</time>
					</trkpt>
					<trkpt lat="48.597470" lon="-2.510410">
						<ele>63</ele>
						<time>2026-09-30T13:18:28Z</time>
					</trkpt>
					<trkpt lat="48.597710" lon="-2.510350">
						<ele>63</ele>
						<time>2026-09-30T13:18:32Z</time>
					</trkpt>
					<trkpt lat="48.598230" lon="-2.510300">
						<ele>63</ele>
						<time>2026-09-30T13:18:42Z</time>
					</trkpt>
					<trkpt lat="48.598370" lon="-2.510240">
						<ele>63</ele>
						<time>2026-09-30T13:18:44Z</time>
					</trkpt>
					<trkpt lat="48.598440" lon="-2.510200">
						<ele>63</ele>
						<time>2026-09-30T13:18:46Z</time>
					</trkpt>
					<trkpt lat="48.598610" lon="-2.510020">
						<ele>62</ele>
						<time>2026-09-30T13:18:49Z</time>
					</trkpt>
					<trkpt lat="48.598760" lon="-2.509840">
						<ele>61</ele>
						<time>2026-09-30T13:18:53Z</time>
					</trkpt>
					<trkpt lat="48.598930" lon="-2.509560">
						<ele>61</ele>
						<time>2026-09-30T13:18:57Z</time>
					</trkpt>
					<trkpt lat="48.599160" lon="-2.508860">
						<ele>60</ele>
						<time>2026-09-30T13:19:06Z</time>
					</trkpt>
					<trkpt lat="48.599350" lon="-2.508380">
						<ele>59</ele>
						<time>2026-09-30T13:19:13Z</time>
					</trkpt>
					<trkpt lat="48.599500" lon="-2.508080">
						<ele>59</ele>
						<time>2026-09-30T13:19:17Z</time>
					</trkpt>
					<trkpt lat="48.599720" lon="-2.507820">
						<ele>59</ele>
						<time>2026-09-30T13:19:22Z</time>
					</trkpt>
					<trkpt lat="48.599960" lon="-2.507610">
						<ele>58</ele>
						<time>2026-09-30T13:19:27Z</time>
					</trkpt>
					<trkpt lat="48.600380" lon="-2.507240">
						<ele>58</ele>
						<time>2026-09-30T13:19:36Z</time>
					</trkpt>
					<trkpt lat="48.600550" lon="-2.507080">
						<ele>58</ele>
						<time>2026-09-30T13:19:39Z</time>
					</trkpt>
					<trkpt lat="48.600690" lon="-2.506940">
						<ele>58</ele>
						<time>2026-09-30T13:19:42Z</time>
					</trkpt>
					<trkpt lat="48.600950" lon="-2.506600">
						<ele>57</ele>
						<time>2026-09-30T13:19:49Z</time>
					</trkpt>
					<trkpt lat="48.601110" lon="-2.506300">
						<ele>56</ele>
						<time>2026-09-30T13:19:53Z</time>
					</trkpt>
					<trkpt lat="48.601140" lon="-2.506250">
						<ele>56</ele>
						<time>2026-09-30T13:19:54Z</time>
					</trkpt>
					<trkpt lat="48.601210" lon="-2.506090">
						<ele>56</ele>
						<time>2026-09-30T13:19:56Z</time>
					</trkpt>
					<trkpt lat="48.601270" lon="-2.505970">
						<ele>55</ele>
						<time>2026-09-30T13:19:58Z</time>
					</trkpt>
					<trkpt lat="48.601380" lon="-2.505660">
						<ele>54</ele>
						<time>2026-09-30T13:20:02Z</time>
					</trkpt>
					<trkpt lat="48.601380" lon="-2.505650">
						<ele>54</ele>
						<time>2026-09-30T13:20:02Z</time>
					</trkpt>
					<trkpt lat="48.601500" lon="-2.505320">
						<ele>52</ele>
						<time>2026-09-30T13:20:07Z</time>
					</trkpt>
					<trkpt lat="48.601730" lon="-2.504720">
						<ele>49</ele>
						<time>2026-09-30T13:20:15Z</time>
					</trkpt>
					<trkpt lat="48.601770" lon="-2.504640">
						<ele>49</ele>
						<time>2026-09-30T13:20:16Z</time>
					</trkpt>
					<trkpt lat="48.601860" lon="-2.504430">
						<ele>48</ele>
						<time>2026-09-30T13:20:19Z</time>
					</trkpt>
					<trkpt lat="48.601890" lon="-2.504360">
						<ele>48</ele>
						<time>2026-09-30T13:20:20Z</time>
					</trkpt>
					<trkpt lat="48.602150" lon="-2.503930">
						<ele>45</ele>
						<time>2026-09-30T13:20:27Z</time>
					</trkpt>
					<trkpt lat="48.602350" lon="-2.503650">
						<ele>44</ele>
						<time>2026-09-30T13:20:32Z</time>
					</trkpt>
					<trkpt lat="48.602430" lon="-2.503560">
						<ele>43</ele>
						<time>2026-09-30T13:20:33Z</time>
					</trkpt>
					<trkpt lat="48.602630" lon="-2.503300">
						<ele>41</ele>
						<time>2026-09-30T13:20:38Z</time>
					</trkpt>
					<trkpt lat="48.602910" lon="-2.502880">
						<ele>40</ele>
						<time>2026-09-30T13:20:45Z</time>
					</trkpt>
					<trkpt lat="48.603020" lon="-2.502730">
						<ele>40</ele>
						<time>2026-09-30T13:20:48Z</time>
					</trkpt>
					<trkpt lat="48.603140" lon="-2.502640">
						<ele>40</ele>
						<time>2026-09-30T13:20:50Z</time>
					</trkpt>
					<trkpt lat="48.603150" lon="-2.502630">
						<ele>40</ele>
						<time>2026-09-30T13:20:50Z</time>
					</trkpt>
					<trkpt lat="48.603200" lon="-2.502620">
						<ele>40</ele>
						<time>2026-09-30T13:20:51Z</time>
					</trkpt>
					<trkpt lat="48.603280" lon="-2.502630">
						<ele>40</ele>
						<time>2026-09-30T13:20:53Z</time>
					</trkpt>
					<trkpt lat="48.603460" lon="-2.502690">
						<ele>39</ele>
						<time>2026-09-30T13:20:56Z</time>
					</trkpt>
					<trkpt lat="48.603700" lon="-2.502820">
						<ele>37</ele>
						<time>2026-09-30T13:21:00Z</time>
					</trkpt>
					<trkpt lat="48.603930" lon="-2.502920">
						<ele>35</ele>
						<time>2026-09-30T13:21:05Z</time>
					</trkpt>
					<trkpt lat="48.604090" lon="-2.502920">
						<ele>33</ele>
						<time>2026-09-30T13:21:08Z</time>
					</trkpt>
					<trkpt lat="48.604180" lon="-2.502880">
						<ele>32</ele>
						<time>2026-09-30T13:21:09Z</time>
					</trkpt>
					<trkpt lat="48.604280" lon="-2.502770">
						<ele>31</ele>
						<time>2026-09-30T13:21:11Z</time>
					</trkpt>
					<trkpt lat="48.604430" lon="-2.502570">
						<ele>30</ele>
						<time>2026-09-30T13:21:15Z</time>
					</trkpt>
					<trkpt lat="48.605770" lon="-2.500390">
						<ele>12</ele>
						<time>2026-09-30T13:21:50Z</time>
					</trkpt>
					<trkpt lat="48.606120" lon="-2.499800">
						<ele>8</ele>
						<time>2026-09-30T13:21:59Z</time>
					</trkpt>
					<trkpt lat="48.606160" lon="-2.499730">
						<ele>8</ele>
						<time>2026-09-30T13:22:00Z</time>
					</trkpt>
					<trkpt lat="48.606400" lon="-2.499440">
						<ele>7</ele>
						<time>2026-09-30T13:22:06Z</time>
					</trkpt>
					<trkpt lat="48.606440" lon="-2.499400">
						<ele>7</ele>
						<time>2026-09-30T13:22:07Z</time>
					</trkpt>
					<trkpt lat="48.606940" lon="-2.498870">
						<ele>5</ele>
						<time>2026-09-30T13:22:18Z</time>
					</trkpt>
					<trkpt lat="48.607110" lon="-2.498650">
						<ele>5</ele>
						<time>2026-09-30T13:22:22Z</time>
					</trkpt>
					<trkpt lat="48.607210" lon="-2.498460">
						<ele>5</ele>
						<time>2026-09-30T13:22:24Z</time>
					</trkpt>
					<trkpt lat="48.607250" lon="-2.498370">
						<ele>5</ele>
						<time>2026-09-30T13:22:26Z</time>
					</trkpt>
					<trkpt lat="48.607450" lon="-2.497800">
						<ele>5</ele>
						<time>2026-09-30T13:22:33Z</time>
					</trkpt>
					<trkpt lat="48.607560" lon="-2.497530">
						<ele>6</ele>
						<time>2026-09-30T13:22:37Z</time>
					</trkpt>
					<trkpt lat="48.607580" lon="-2.497510">
						<ele>5</ele>
						<time>2026-09-30T13:22:37Z</time>
					</trkpt>
					<trkpt lat="48.607600" lon="-2.497480">
						<ele>5</ele>
						<time>2026-09-30T13:22:38Z</time>
					</trkpt>
					<trkpt lat="48.607680" lon="-2.497390">
						<ele>5</ele>
						<time>2026-09-30T13:22:40Z</time>
					</trkpt>
					<trkpt lat="48.607750" lon="-2.497290">
						<ele>4</ele>
						<time>2026-09-30T13:22:41Z</time>
					</trkpt>
					<trkpt lat="48.607810" lon="-2.497170">
						<ele>4</ele>
						<time>2026-09-30T13:22:43Z</time>
					</trkpt>
					<trkpt lat="48.608190" lon="-2.496300">
						<ele>4</ele>
						<time>2026-09-30T13:22:55Z</time>
					</trkpt>
					<trkpt lat="48.608670" lon="-2.495260">
						<ele>5</ele>
						<time>2026-09-30T13:23:10Z</time>
					</trkpt>
					<trkpt lat="48.609170" lon="-2.494200">
						<ele>6</ele>
						<time>2026-09-30T13:23:26Z</time>
					</trkpt>
					<trkpt lat="48.609230" lon="-2.494020">
						<ele>6</ele>
						<time>2026-09-30T13:23:28Z</time>
					</trkpt>
					<trkpt lat="48.609260" lon="-2.493900">
						<ele>6</ele>
						<time>2026-09-30T13:23:30Z</time>
					</trkpt>
					<trkpt lat="48.609240" lon="-2.493670">
						<ele>7</ele>
						<time>2026-09-30T13:23:32Z</time>
					</trkpt>
					<trkpt lat="48.609200" lon="-2.493480">
						<ele>8</ele>
						<time>2026-09-30T13:23:35Z</time>
					</trkpt>
					<trkpt lat="48.609250" lon="-2.493510">
						<ele>7</ele>
						<time>2026-09-30T13:23:36Z</time>
					</trkpt>
					<trkpt lat="48.609410" lon="-2.493600">
						<ele>7</ele>
						<time>2026-09-30T13:23:39Z</time>
					</trkpt>
					<trkpt lat="48.609260" lon="-2.493900">
						<ele>6</ele>
						<time>2026-09-30T13:23:43Z</time>
					</trkpt>
					<trkpt lat="48.609240" lon="-2.493670">
						<ele>7</ele>
						<time>2026-09-30T13:23:46Z</time>
					</trkpt>
					<trkpt lat="48.609200" lon="-2.493480">
						<ele>8</ele>
						<time>2026-09-30T13:23:48Z</time>
					</trkpt>
					<trkpt lat="48.609040" lon="-2.493410">
						<ele>8</ele>
						<time>2026-09-30T13:23:51Z</time>
					</trkpt>
					<trkpt lat="48.608310" lon="-2.493180">
						<ele>11</ele>
						<time>2026-09-30T13:24:04Z</time>
					</trkpt>
					<trkpt lat="48.608120" lon="-2.493110">
						<ele>12</ele>
						<time>2026-09-30T13:24:08Z</time>
					</trkpt>
					<trkpt lat="48.607950" lon="-2.493090">
						<ele>12</ele>
						<time>2026-09-30T13:24:11Z</time>
					</trkpt>
					<trkpt lat="48.607600" lon="-2.493140">
						<ele>13</ele>
						<time>2026-09-30T13:24:17Z</time>
					</trkpt>
					<trkpt lat="48.607400" lon="-2.493180">
						<ele>14</ele>
						<time>2026-09-30T13:24:21Z</time>
					</trkpt>
					<trkpt lat="48.607130" lon="-2.493210">
						<ele>16</ele>
						<time>2026-09-30T13:24:26Z</time>
					</trkpt>
					<trkpt lat="48.606940" lon="-2.493220">
						<ele>17</ele>
						<time>2026-09-30T13:24:29Z</time>
					</trkpt>
					<trkpt lat="48.606810" lon="-2.493210">
						<ele>18</ele>
						<time>2026-09-30T13:24:31Z</time>
					</trkpt>
					<trkpt lat="48.606650" lon="-2.493140">
						<ele>21</ele>
						<time>2026-09-30T13:24:34Z</time>
					</trkpt>
					<trkpt lat="48.606220" lon="-2.492650">
						<ele>29</ele>
						<time>2026-09-30T13:24:44Z</time>
					</trkpt>
					<trkpt lat="48.605950" lon="-2.492470">
						<ele>31</ele>
						<time>2026-09-30T13:24:49Z</time>
					</trkpt>
					<trkpt lat="48.605800" lon="-2.492410">
						<ele>33</ele>
						<time>2026-09-30T13:24:52Z</time>
					</trkpt>
					<trkpt lat="48.605640" lon="-2.492380">
						<ele>35</ele>
						<time>2026-09-30T13:24:55Z</time>
					</trkpt>
					<trkpt lat="48.605430" lon="-2.492370">
						<ele>37</ele>
						<time>2026-09-30T13:24:58Z</time>
					</trkpt>
					<trkpt lat="48.605080" lon="-2.492380">
						<ele>39</ele>
						<time>2026-09-30T13:25:05Z</time>
					</trkpt>
					<trkpt lat="48.604960" lon="-2.492360">
						<ele>40</ele>
						<time>2026-09-30T13:25:07Z</time>
					</trkpt>
					<trkpt lat="48.604780" lon="-2.492270">
						<ele>42</ele>
						<time>2026-09-30T13:25:10Z</time>
					</trkpt>
					<trkpt lat="48.604550" lon="-2.492010">
						<ele>43</ele>
						<time>2026-09-30T13:25:15Z</time>
					</trkpt>
					<trkpt lat="48.604500" lon="-2.491950">
						<ele>43</ele>
						<time>2026-09-30T13:25:16Z</time>
					</trkpt>
					<trkpt lat="48.604180" lon="-2.491510">
						<ele>42</ele>
						<time>2026-09-30T13:25:24Z</time>
					</trkpt>
					<trkpt lat="48.603950" lon="-2.491320">
						<ele>43</ele>
						<time>2026-09-30T13:25:29Z</time>
					</trkpt>
					<trkpt lat="48.603810" lon="-2.491240">
						<ele>44</ele>
						<time>2026-09-30T13:25:31Z</time>
					</trkpt>
					<trkpt lat="48.603740" lon="-2.491200">
						<ele>45</ele>
						<time>2026-09-30T13:25:33Z</time>
					</trkpt>
					<trkpt lat="48.603390" lon="-2.491060">
						<ele>47</ele>
						<time>2026-09-30T13:25:39Z</time>
					</trkpt>
					<trkpt lat="48.603260" lon="-2.490960">
						<ele>47</ele>
						<time>2026-09-30T13:25:42Z</time>
					</trkpt>
					<trkpt lat="48.603240" lon="-2.490940">
						<ele>47</ele>
						<time>2026-09-30T13:25:42Z</time>
					</trkpt>
					<trkpt lat="48.602990" lon="-2.490650">
						<ele>48</ele>
						<time>2026-09-30T13:25:48Z</time>
					</trkpt>
					<trkpt lat="48.602870" lon="-2.490550">
						<ele>49</ele>
						<time>2026-09-30T13:25:50Z</time>
					</trkpt>
					<trkpt lat="48.602790" lon="-2.490520">
						<ele>49</ele>
						<time>2026-09-30T13:25:52Z</time>
					</trkpt>
					<trkpt lat="48.602510" lon="-2.490540">
						<ele>49</ele>
						<time>2026-09-30T13:25:57Z</time>
					</trkpt>
					<trkpt lat="48.602210" lon="-2.490470">
						<ele>51</ele>
						<time>2026-09-30T13:26:02Z</time>
					</trkpt>
					<trkpt lat="48.602120" lon="-2.490430">
						<ele>52</ele>
						<time>2026-09-30T13:26:04Z</time>
					</trkpt>
					<trkpt lat="48.602050" lon="-2.490300">
						<ele>52</ele>
						<time>2026-09-30T13:26:06Z</time>
					</trkpt>
					<trkpt lat="48.601810" lon="-2.489810">
						<ele>54</ele>
						<time>2026-09-30T13:26:13Z</time>
					</trkpt>
					<trkpt lat="48.601440" lon="-2.489490">
						<ele>57</ele>
						<time>2026-09-30T13:26:21Z</time>
					</trkpt>
					<trkpt lat="48.601300" lon="-2.489330">
						<ele>59</ele>
						<time>2026-09-30T13:26:24Z</time>
					</trkpt>
					<trkpt lat="48.601230" lon="-2.489300">
						<ele>60</ele>
						<time>2026-09-30T13:26:25Z</time>
					</trkpt>
					<trkpt lat="48.601200" lon="-2.489280">
						<ele>60</ele>
						<time>2026-09-30T13:26:26Z</time>
					</trkpt>
					<trkpt lat="48.601380" lon="-2.488630">
						<ele>60</ele>
						<time>2026-09-30T13:26:34Z</time>
					</trkpt>
					<trkpt lat="48.601610" lon="-2.488000">
						<ele>60</ele>
						<time>2026-09-30T13:26:42Z</time>
					</trkpt>
					<trkpt lat="48.601760" lon="-2.487610">
						<ele>60</ele>
						<time>2026-09-30T13:26:48Z</time>
					</trkpt>
					<trkpt lat="48.601850" lon="-2.487390">
						<ele>60</ele>
						<time>2026-09-30T13:26:51Z</time>
					</trkpt>
					<trkpt lat="48.602450" lon="-2.486100">
						<ele>60</ele>
						<time>2026-09-30T13:27:09Z</time>
					</trkpt>
					<trkpt lat="48.602940" lon="-2.485070">
						<ele>61</ele>
						<time>2026-09-30T13:27:24Z</time>
					</trkpt>
					<trkpt lat="48.603570" lon="-2.483980">
						<ele>63</ele>
						<time>2026-09-30T13:27:41Z</time>
					</trkpt>
					<trkpt lat="48.604210" lon="-2.482760">
						<ele>61</ele>
						<time>2026-09-30T13:27:59Z</time>
					</trkpt>
					<trkpt lat="48.604650" lon="-2.481910">
						<ele>60</ele>
						<time>2026-09-30T13:28:12Z</time>
					</trkpt>
					<trkpt lat="48.604820" lon="-2.481620">
						<ele>59</ele>
						<time>2026-09-30T13:28:17Z</time>
					</trkpt>
					<trkpt lat="48.605250" lon="-2.480990">
						<ele>58</ele>
						<time>2026-09-30T13:28:27Z</time>
					</trkpt>
					<trkpt lat="48.605480" lon="-2.480560">
						<ele>59</ele>
						<time>2026-09-30T13:28:34Z</time>
					</trkpt>
					<trkpt lat="48.605660" lon="-2.480180">
						<ele>59</ele>
						<time>2026-09-30T13:28:39Z</time>
					</trkpt>
					<trkpt lat="48.605870" lon="-2.479630">
						<ele>60</ele>
						<time>2026-09-30T13:28:47Z</time>
					</trkpt>
					<trkpt lat="48.606470" lon="-2.477210">
						<ele>62</ele>
						<time>2026-09-30T13:29:17Z</time>
					</trkpt>
					<trkpt lat="48.606620" lon="-2.476730">
						<ele>63</ele>
						<time>2026-09-30T13:29:24Z</time>
					</trkpt>
					<trkpt lat="48.606890" lon="-2.476220">
						<ele>64</ele>
						<time>2026-09-30T13:29:31Z</time>
					</trkpt>
					<trkpt lat="48.606970" lon="-2.476000">
						<ele>65</ele>
						<time>2026-09-30T13:29:34Z</time>
					</trkpt>
					<trkpt lat="48.607070" lon="-2.475480">
						<ele>65</ele>
						<time>2026-09-30T13:29:41Z</time>
					</trkpt>
					<trkpt lat="48.607130" lon="-2.475280">
						<ele>66</ele>
						<time>2026-09-30T13:29:43Z</time>
					</trkpt>
					<trkpt lat="48.607210" lon="-2.475090">
						<ele>66</ele>
						<time>2026-09-30T13:29:46Z</time>
					</trkpt>
					<trkpt lat="48.607340" lon="-2.474900">
						<ele>66</ele>
						<time>2026-09-30T13:29:49Z</time>
					</trkpt>
					<trkpt lat="48.607480" lon="-2.474720">
						<ele>66</ele>
						<time>2026-09-30T13:29:52Z</time>
					</trkpt>
					<trkpt lat="48.607560" lon="-2.474550">
						<ele>66</ele>
						<time>2026-09-30T13:29:55Z</time>
					</trkpt>
					<trkpt lat="48.607680" lon="-2.474160">
						<ele>67</ele>
						<time>2026-09-30T13:30:00Z</time>
					</trkpt>
					<trkpt lat="48.607770" lon="-2.473740">
						<ele>67</ele>
						<time>2026-09-30T13:30:05Z</time>
					</trkpt>
					<trkpt lat="48.607870" lon="-2.473170">
						<ele>67</ele>
						<time>2026-09-30T13:30:12Z</time>
					</trkpt>
					<trkpt lat="48.607880" lon="-2.473110">
						<ele>66</ele>
						<time>2026-09-30T13:30:13Z</time>
					</trkpt>
					<trkpt lat="48.607940" lon="-2.472840">
						<ele>66</ele>
						<time>2026-09-30T13:30:16Z</time>
					</trkpt>
					<trkpt lat="48.608140" lon="-2.472350">
						<ele>65</ele>
						<time>2026-09-30T13:30:23Z</time>
					</trkpt>
					<trkpt lat="48.608380" lon="-2.471950">
						<ele>64</ele>
						<time>2026-09-30T13:30:29Z</time>
					</trkpt>
					<trkpt lat="48.608870" lon="-2.471160">
						<ele>63</ele>
						<time>2026-09-30T13:30:42Z</time>
					</trkpt>
					<trkpt lat="48.609260" lon="-2.470670">
						<ele>62</ele>
						<time>2026-09-30T13:30:51Z</time>
					</trkpt>
					<trkpt lat="48.609900" lon="-2.469940">
						<ele>62</ele>
						<time>2026-09-30T13:31:05Z</time>
					</trkpt>
					<trkpt lat="48.610070" lon="-2.469670">
						<ele>62</ele>
						<time>2026-09-30T13:31:10Z</time>
					</trkpt>
					<trkpt lat="48.610440" lon="-2.468980">
						<ele>61</ele>
						<time>2026-09-30T13:31:20Z</time>
					</trkpt>
					<trkpt lat="48.610860" lon="-2.467860">
						<ele>61</ele>
						<time>2026-09-30T13:31:35Z</time>
					</trkpt>
					<trkpt lat="48.610860" lon="-2.467850">
						<ele>61</ele>
						<time>2026-09-30T13:31:35Z</time>
					</trkpt>
					<trkpt lat="48.610930" lon="-2.467930">
						<ele>61</ele>
						<time>2026-09-30T13:31:37Z</time>
					</trkpt>
					<trkpt lat="48.611010" lon="-2.468000">
						<ele>61</ele>
						<time>2026-09-30T13:31:38Z</time>
					</trkpt>
					<trkpt lat="48.611270" lon="-2.468130">
						<ele>61</ele>
						<time>2026-09-30T13:31:43Z</time>
					</trkpt>
					<trkpt lat="48.611410" lon="-2.468230">
						<ele>61</ele>
						<time>2026-09-30T13:31:46Z</time>
					</trkpt>
					<trkpt lat="48.611770" lon="-2.468640">
						<ele>60</ele>
						<time>2026-09-30T13:31:54Z</time>
					</trkpt>
					<trkpt lat="48.612060" lon="-2.468860">
						<ele>58</ele>
						<time>2026-09-30T13:32:00Z</time>
					</trkpt>
					<trkpt lat="48.613050" lon="-2.469240">
						<ele>54</ele>
						<time>2026-09-30T13:32:18Z</time>
					</trkpt>
					<trkpt lat="48.613110" lon="-2.469230">
						<ele>53</ele>
						<time>2026-09-30T13:32:19Z</time>
					</trkpt>
					<trkpt lat="48.613140" lon="-2.469200">
						<ele>53</ele>
						<time>2026-09-30T13:32:20Z</time>
					</trkpt>
					<trkpt lat="48.613160" lon="-2.469180">
						<ele>53</ele>
						<time>2026-09-30T13:32:20Z</time>
					</trkpt>
					<trkpt lat="48.613190" lon="-2.469130">
						<ele>53</ele>
						<time>2026-09-30T13:32:21Z</time>
					</trkpt>
					<trkpt lat="48.613220" lon="-2.468370">
						<ele>52</ele>
						<time>2026-09-30T13:32:30Z</time>
					</trkpt>
					<trkpt lat="48.613250" lon="-2.468120">
						<ele>51</ele>
						<time>2026-09-30T13:32:33Z</time>
					</trkpt>
					<trkpt lat="48.613320" lon="-2.468220">
						<ele>51</ele>
						<time>2026-09-30T13:32:35Z</time>
					</trkpt>
					<trkpt lat="48.613920" lon="-2.469070">
						<ele>48</ele>
						<time>2026-09-30T13:32:49Z</time>
					</trkpt>
					<trkpt lat="48.614010" lon="-2.469230">
						<ele>47</ele>
						<time>2026-09-30T13:32:52Z</time>
					</trkpt>
					<trkpt lat="48.614110" lon="-2.469410">
						<ele>46</ele>
						<time>2026-09-30T13:32:54Z</time>
					</trkpt>
					<trkpt lat="48.614190" lon="-2.469600">
						<ele>46</ele>
						<time>2026-09-30T13:32:57Z</time>
					</trkpt>
					<trkpt lat="48.614260" lon="-2.469780">
						<ele>46</ele>
						<time>2026-09-30T13:33:00Z</time>
					</trkpt>
					<trkpt lat="48.614320" lon="-2.470010">
						<ele>45</ele>
						<time>2026-09-30T13:33:02Z</time>
					</trkpt>
					<trkpt lat="48.614370" lon="-2.470230">
						<ele>45</ele>
						<time>2026-09-30T13:33:05Z</time>
					</trkpt>
					<trkpt lat="48.614410" lon="-2.470480">
						<ele>45</ele>
						<time>2026-09-30T13:33:08Z</time>
					</trkpt>
					<trkpt lat="48.614430" lon="-2.470680">
						<ele>44</ele>
						<time>2026-09-30T13:33:11Z</time>
					</trkpt>
					<trkpt lat="48.614450" lon="-2.470860">
						<ele>44</ele>
						<time>2026-09-30T13:33:13Z</time>
					</trkpt>
					<trkpt lat="48.614490" lon="-2.471380">
						<ele>43</ele>
						<time>2026-09-30T13:33:19Z</time>
					</trkpt>
					<trkpt lat="48.614560" lon="-2.471810">
						<ele>41</ele>
						<time>2026-09-30T13:33:24Z</time>
					</trkpt>
					<trkpt lat="48.614600" lon="-2.471990">
						<ele>41</ele>
						<time>2026-09-30T13:33:26Z</time>
					</trkpt>
					<trkpt lat="48.614680" lon="-2.472220">
						<ele>40</ele>
						<time>2026-09-30T13:33:29Z</time>
					</trkpt>
					<trkpt lat="48.614750" lon="-2.472420">
						<ele>39</ele>
						<time>2026-09-30T13:33:32Z</time>
					</trkpt>
					<trkpt lat="48.614830" lon="-2.472600">
						<ele>38</ele>
						<time>2026-09-30T13:33:35Z</time>
					</trkpt>
					<trkpt lat="48.614930" lon="-2.472790">
						<ele>38</ele>
						<time>2026-09-30T13:33:38Z</time>
					</trkpt>
					<trkpt lat="48.615020" lon="-2.472940">
						<ele>38</ele>
						<time>2026-09-30T13:33:40Z</time>
					</trkpt>
					<trkpt lat="48.615100" lon="-2.473090">
						<ele>38</ele>
						<time>2026-09-30T13:33:42Z</time>
					</trkpt>
					<trkpt lat="48.615360" lon="-2.473370">
						<ele>37</ele>
						<time>2026-09-30T13:33:48Z</time>
					</trkpt>
					<trkpt lat="48.615490" lon="-2.473490">
						<ele>37</ele>
						<time>2026-09-30T13:33:51Z</time>
					</trkpt>
					<trkpt lat="48.615630" lon="-2.473600">
						<ele>37</ele>
						<time>2026-09-30T13:33:53Z</time>
					</trkpt>
					<trkpt lat="48.615740" lon="-2.473670">
						<ele>37</ele>
						<time>2026-09-30T13:33:55Z</time>
					</trkpt>
					<trkpt lat="48.615860" lon="-2.473720">
						<ele>37</ele>
						<time>2026-09-30T13:33:58Z</time>
					</trkpt>
					<trkpt lat="48.616150" lon="-2.473820">
						<ele>36</ele>
						<time>2026-09-30T13:34:03Z</time>
					</trkpt>
					<trkpt lat="48.616310" lon="-2.473850">
						<ele>35</ele>
						<time>2026-09-30T13:34:06Z</time>
					</trkpt>
					<trkpt lat="48.616450" lon="-2.473860">
						<ele>34</ele>
						<time>2026-09-30T13:34:08Z</time>
					</trkpt>
					<trkpt lat="48.616590" lon="-2.473850">
						<ele>34</ele>
						<time>2026-09-30T13:34:11Z</time>
					</trkpt>
					<trkpt lat="48.616730" lon="-2.473820">
						<ele>33</ele>
						<time>2026-09-30T13:34:13Z</time>
					</trkpt>
					<trkpt lat="48.616890" lon="-2.473780">
						<ele>31</ele>
						<time>2026-09-30T13:34:16Z</time>
					</trkpt>
					<trkpt lat="48.617030" lon="-2.473720">
						<ele>30</ele>
						<time>2026-09-30T13:34:19Z</time>
					</trkpt>
					<trkpt lat="48.617180" lon="-2.473650">
						<ele>28</ele>
						<time>2026-09-30T13:34:22Z</time>
					</trkpt>
					<trkpt lat="48.618350" lon="-2.473020">
						<ele>21</ele>
						<time>2026-09-30T13:34:44Z</time>
					</trkpt>
					<trkpt lat="48.618330" lon="-2.472960">
						<ele>21</ele>
						<time>2026-09-30T13:34:45Z</time>
					</trkpt>
					<trkpt lat="48.618300" lon="-2.472960">
						<ele>21</ele>
						<time>2026-09-30T13:34:45Z</time>
					</trkpt>
					<trkpt lat="48.618300" lon="-2.472900">
						<ele>22</ele>
						<time>2026-09-30T13:34:46Z</time>
					</trkpt>
					<trkpt lat="48.618320" lon="-2.472840">
						<ele>22</ele>
						<time>2026-09-30T13:34:47Z</time>
					</trkpt>
					<trkpt lat="48.618930" lon="-2.472160">
						<ele>24</ele>
						<time>2026-09-30T13:35:00Z</time>
					</trkpt>
					<trkpt lat="48.619190" lon="-2.471920">
						<ele>24</ele>
						<time>2026-09-30T13:35:05Z</time>
					</trkpt>
					<trkpt lat="48.619410" lon="-2.471680">
						<ele>23</ele>
						<time>2026-09-30T13:35:10Z</time>
					</trkpt>
					<trkpt lat="48.619700" lon="-2.471290">
						<ele>21</ele>
						<time>2026-09-30T13:35:17Z</time>
					</trkpt>
					<trkpt lat="48.619840" lon="-2.471060">
						<ele>20</ele>
						<time>2026-09-30T13:35:21Z</time>
					</trkpt>
					<trkpt lat="48.620520" lon="-2.469960">
						<ele>25</ele>
						<time>2026-09-30T13:35:39Z</time>
					</trkpt>
					<trkpt lat="48.620860" lon="-2.469560">
						<ele>30</ele>
						<time>2026-09-30T13:35:46Z</time>
					</trkpt>
					<trkpt lat="48.621100" lon="-2.469390">
						<ele>33</ele>
						<time>2026-09-30T13:35:51Z</time>
					</trkpt>
					<trkpt lat="48.621550" lon="-2.469070">
						<ele>36</ele>
						<time>2026-09-30T13:36:00Z</time>
					</trkpt>
					<trkpt lat="48.621650" lon="-2.468990">
						<ele>36</ele>
						<time>2026-09-30T13:36:02Z</time>
					</trkpt>
					<trkpt lat="48.621800" lon="-2.468870">
						<ele>37</ele>
						<time>2026-09-30T13:36:05Z</time>
					</trkpt>
					<trkpt lat="48.622200" lon="-2.468540">
						<ele>37</ele>
						<time>2026-09-30T13:36:13Z</time>
					</trkpt>
					<trkpt lat="48.622590" lon="-2.468130">
						<ele>37</ele>
						<time>2026-09-30T13:36:21Z</time>
					</trkpt>
					<trkpt lat="48.622920" lon="-2.467670">
						<ele>38</ele>
						<time>2026-09-30T13:36:29Z</time>
					</trkpt>
					<trkpt lat="48.623160" lon="-2.467270">
						<ele>41</ele>
						<time>2026-09-30T13:36:36Z</time>
					</trkpt>
					<trkpt lat="48.623600" lon="-2.466400">
						<ele>43</ele>
						<time>2026-09-30T13:36:49Z</time>
					</trkpt>
					<trkpt lat="48.623760" lon="-2.466120">
						<ele>42</ele>
						<time>2026-09-30T13:36:53Z</time>
					</trkpt>
					<trkpt lat="48.624130" lon="-2.465670">
						<ele>44</ele>
						<time>2026-09-30T13:37:01Z</time>
					</trkpt>
					<trkpt lat="48.624150" lon="-2.465640">
						<ele>44</ele>
						<time>2026-09-30T13:37:02Z</time>
					</trkpt>
					<trkpt lat="48.624240" lon="-2.465540">
						<ele>44</ele>
						<time>2026-09-30T13:37:04Z</time>
					</trkpt>
					<trkpt lat="48.625290" lon="-2.464670">
						<ele>48</ele>
						<time>2026-09-30T13:37:25Z</time>
					</trkpt>
					<trkpt lat="48.625550" lon="-2.464480">
						<ele>48</ele>
						<time>2026-09-30T13:37:30Z</time>
					</trkpt>
					<trkpt lat="48.626060" lon="-2.464040">
						<ele>47</ele>
						<time>2026-09-30T13:37:41Z</time>
					</trkpt>
					<trkpt lat="48.626260" lon="-2.463850">
						<ele>46</ele>
						<time>2026-09-30T13:37:45Z</time>
					</trkpt>
					<trkpt lat="48.626420" lon="-2.463660">
						<ele>46</ele>
						<time>2026-09-30T13:37:49Z</time>
					</trkpt>
					<trkpt lat="48.626620" lon="-2.463330">
						<ele>46</ele>
						<time>2026-09-30T13:37:54Z</time>
					</trkpt>
					<trkpt lat="48.626790" lon="-2.462940">
						<ele>45</ele>
						<time>2026-09-30T13:37:59Z</time>
					</trkpt>
					<trkpt lat="48.626980" lon="-2.462460">
						<ele>42</ele>
						<time>2026-09-30T13:38:06Z</time>
					</trkpt>
					<trkpt lat="48.627420" lon="-2.461190">
						<ele>38</ele>
						<time>2026-09-30T13:38:23Z</time>
					</trkpt>
					<trkpt lat="48.627780" lon="-2.460220">
						<ele>36</ele>
						<time>2026-09-30T13:38:36Z</time>
					</trkpt>
					<trkpt lat="48.627960" lon="-2.459640">
						<ele>35</ele>
						<time>2026-09-30T13:38:43Z</time>
					</trkpt>
					<trkpt lat="48.627990" lon="-2.459590">
						<ele>35</ele>
						<time>2026-09-30T13:38:44Z</time>
					</trkpt>
					<trkpt lat="48.628000" lon="-2.459580">
						<ele>35</ele>
						<time>2026-09-30T13:38:44Z</time>
					</trkpt>
					<trkpt lat="48.628020" lon="-2.459570">
						<ele>35</ele>
						<time>2026-09-30T13:38:45Z</time>
					</trkpt>
					<trkpt lat="48.628010" lon="-2.459400">
						<ele>35</ele>
						<time>2026-09-30T13:38:47Z</time>
					</trkpt>
					<trkpt lat="48.627980" lon="-2.458960">
						<ele>37</ele>
						<time>2026-09-30T13:38:52Z</time>
					</trkpt>
					<trkpt lat="48.627930" lon="-2.458960">
						<ele>38</ele>
						<time>2026-09-30T13:38:53Z</time>
					</trkpt>
					<trkpt lat="48.627460" lon="-2.458660">
						<ele>42</ele>
						<time>2026-09-30T13:39:02Z</time>
					</trkpt>
					<trkpt lat="48.627390" lon="-2.458580">
						<ele>42</ele>
						<time>2026-09-30T13:39:04Z</time>
					</trkpt>
					<trkpt lat="48.627160" lon="-2.458300">
						<ele>42</ele>
						<time>2026-09-30T13:39:09Z</time>
					</trkpt>
					<trkpt lat="48.626880" lon="-2.457810">
						<ele>43</ele>
						<time>2026-09-30T13:39:16Z</time>
					</trkpt>
					<trkpt lat="48.626800" lon="-2.457650">
						<ele>43</ele>
						<time>2026-09-30T13:39:19Z</time>
					</trkpt>
					<trkpt lat="48.626760" lon="-2.457560">
						<ele>43</ele>
						<time>2026-09-30T13:39:20Z</time>
					</trkpt>
					<trkpt lat="48.626690" lon="-2.457430">
						<ele>43</ele>
						<time>2026-09-30T13:39:22Z</time>
					</trkpt>
					<trkpt lat="48.626260" lon="-2.456790">
						<ele>43</ele>
						<time>2026-09-30T13:39:33Z</time>
					</trkpt>
					<trkpt lat="48.626100" lon="-2.456560">
						<ele>43</ele>
						<time>2026-09-30T13:39:37Z</time>
					</trkpt>
					<trkpt lat="48.625910" lon="-2.456280">
						<ele>44</ele>
						<time>2026-09-30T13:39:41Z</time>
					</trkpt>
					<trkpt lat="48.625450" lon="-2.455640">
						<ele>46</ele>
						<time>2026-09-30T13:39:53Z</time>
					</trkpt>
					<trkpt lat="48.625020" lon="-2.455000">
						<ele>47</ele>
						<time>2026-09-30T13:40:03Z</time>
					</trkpt>
					<trkpt lat="48.624550" lon="-2.453900">
						<ele>45</ele>
						<time>2026-09-30T13:40:19Z</time>
					</trkpt>
					<trkpt lat="48.623310" lon="-2.451720">
						<ele>39</ele>
						<time>2026-09-30T13:40:52Z</time>
					</trkpt>
					<trkpt lat="48.623270" lon="-2.451660">
						<ele>38</ele>
						<time>2026-09-30T13:40:53Z</time>
					</trkpt>
					<trkpt lat="48.623120" lon="-2.451430">
						<ele>37</ele>
						<time>2026-09-30T13:40:57Z</time>
					</trkpt>
					<trkpt lat="48.622720" lon="-2.451000">
						<ele>33</ele>
						<time>2026-09-30T13:41:06Z</time>
					</trkpt>
					<trkpt lat="48.622350" lon="-2.450710">
						<ele>31</ele>
						<time>2026-09-30T13:41:13Z</time>
					</trkpt>
					<trkpt lat="48.622050" lon="-2.450540">
						<ele>30</ele>
						<time>2026-09-30T13:41:19Z</time>
					</trkpt>
					<trkpt lat="48.621510" lon="-2.450390">
						<ele>29</ele>
						<time>2026-09-30T13:41:29Z</time>
					</trkpt>
					<trkpt lat="48.620020" lon="-2.449850">
						<ele>33</ele>
						<time>2026-09-30T13:41:56Z</time>
					</trkpt>
					<trkpt lat="48.618920" lon="-2.448750">
						<ele>43</ele>
						<time>2026-09-30T13:42:20Z</time>
					</trkpt>
					<trkpt lat="48.617390" lon="-2.448090">
						<ele>49</ele>
						<time>2026-09-30T13:42:48Z</time>
					</trkpt>
					<trkpt lat="48.617180" lon="-2.447980">
						<ele>50</ele>
						<time>2026-09-30T13:42:52Z</time>
					</trkpt>
					<trkpt lat="48.617070" lon="-2.447870">
						<ele>50</ele>
						<time>2026-09-30T13:42:54Z</time>
					</trkpt>
					<trkpt lat="48.617000" lon="-2.447730">
						<ele>51</ele>
						<time>2026-09-30T13:42:56Z</time>
					</trkpt>
					<trkpt lat="48.616880" lon="-2.447350">
						<ele>52</ele>
						<time>2026-09-30T13:43:01Z</time>
					</trkpt>
					<trkpt lat="48.616640" lon="-2.447510">
						<ele>53</ele>
						<time>2026-09-30T13:43:06Z</time>
					</trkpt>
					<trkpt lat="48.616330" lon="-2.447650">
						<ele>53</ele>
						<time>2026-09-30T13:43:12Z</time>
					</trkpt>
					<trkpt lat="48.616090" lon="-2.447720">
						<ele>53</ele>
						<time>2026-09-30T13:43:16Z</time>
					</trkpt>
					<trkpt lat="48.615770" lon="-2.447760">
						<ele>54</ele>
						<time>2026-09-30T13:43:22Z</time>
					</trkpt>
					<trkpt lat="48.614510" lon="-2.447830">
						<ele>57</ele>
						<time>2026-09-30T13:43:44Z</time>
					</trkpt>
					<trkpt lat="48.614130" lon="-2.447880">
						<ele>58</ele>
						<time>2026-09-30T13:43:51Z</time>
					</trkpt>
					<trkpt lat="48.613120" lon="-2.448120">
						<ele>57</ele>
						<time>2026-09-30T13:44:09Z</time>
					</trkpt>
					<trkpt lat="48.612690" lon="-2.448290">
						<ele>58</ele>
						<time>2026-09-30T13:44:17Z</time>
					</trkpt>
					<trkpt lat="48.612670" lon="-2.448230">
						<ele>58</ele>
						<time>2026-09-30T13:44:18Z</time>
					</trkpt>
					<trkpt lat="48.612600" lon="-2.448100">
						<ele>58</ele>
						<time>2026-09-30T13:44:20Z</time>
					</trkpt>
					<trkpt lat="48.612480" lon="-2.447900">
						<ele>59</ele>
						<time>2026-09-30T13:44:23Z</time>
					</trkpt>
					<trkpt lat="48.612400" lon="-2.447710">
						<ele>59</ele>
						<time>2026-09-30T13:44:26Z</time>
					</trkpt>
					<trkpt lat="48.612300" lon="-2.447430">
						<ele>59</ele>
						<time>2026-09-30T13:44:29Z</time>
					</trkpt>
					<trkpt lat="48.612090" lon="-2.446540">
						<ele>59</ele>
						<time>2026-09-30T13:44:40Z</time>
					</trkpt>
					<trkpt lat="48.611950" lon="-2.445840">
						<ele>59</ele>
						<time>2026-09-30T13:44:49Z</time>
					</trkpt>
					<trkpt lat="48.611860" lon="-2.445560">
						<ele>58</ele>
						<time>2026-09-30T13:44:53Z</time>
					</trkpt>
					<trkpt lat="48.611730" lon="-2.445670">
						<ele>59</ele>
						<time>2026-09-30T13:44:55Z</time>
					</trkpt>
					<trkpt lat="48.611540" lon="-2.445760">
						<ele>59</ele>
						<time>2026-09-30T13:44:59Z</time>
					</trkpt>
					<trkpt lat="48.611350" lon="-2.445820">
						<ele>59</ele>
						<time>2026-09-30T13:45:02Z</time>
					</trkpt>
					<trkpt lat="48.610910" lon="-2.445850">
						<ele>59</ele>
						<time>2026-09-30T13:45:10Z</time>
					</trkpt>
					<trkpt lat="48.610680" lon="-2.445830">
						<ele>59</ele>
						<time>2026-09-30T13:45:14Z</time>
					</trkpt>
					<trkpt lat="48.610410" lon="-2.445750">
						<ele>59</ele>
						<time>2026-09-30T13:45:19Z</time>
					</trkpt>
					<trkpt lat="48.610070" lon="-2.445750">
						<ele>59</ele>
						<time>2026-09-30T13:45:25Z</time>
					</trkpt>
					<trkpt lat="48.609660" lon="-2.445790">
						<ele>58</ele>
						<time>2026-09-30T13:45:33Z</time>
					</trkpt>
					<trkpt lat="48.609480" lon="-2.445850">
						<ele>58</ele>
						<time>2026-09-30T13:45:36Z</time>
					</trkpt>
					<trkpt lat="48.609360" lon="-2.445920">
						<ele>58</ele>
						<time>2026-09-30T13:45:38Z</time>
					</trkpt>
					<trkpt lat="48.609100" lon="-2.446140">
						<ele>58</ele>
						<time>2026-09-30T13:45:43Z</time>
					</trkpt>
					<trkpt lat="48.608950" lon="-2.446210">
						<ele>58</ele>
						<time>2026-09-30T13:45:46Z</time>
					</trkpt>
					<trkpt lat="48.608760" lon="-2.446260">
						<ele>58</ele>
						<time>2026-09-30T13:45:50Z</time>
					</trkpt>
					<trkpt lat="48.607440" lon="-2.446090">
						<ele>57</ele>
						<time>2026-09-30T13:46:13Z</time>
					</trkpt>
					<trkpt lat="48.607130" lon="-2.446130">
						<ele>56</ele>
						<time>2026-09-30T13:46:19Z</time>
					</trkpt>
					<trkpt lat="48.606530" lon="-2.446330">
						<ele>57</ele>
						<time>2026-09-30T13:46:30Z</time>
					</trkpt>
					<trkpt lat="48.606070" lon="-2.446460">
						<ele>56</ele>
						<time>2026-09-30T13:46:38Z</time>
					</trkpt>
					<trkpt lat="48.605770" lon="-2.446530">
						<ele>56</ele>
						<time>2026-09-30T13:46:43Z</time>
					</trkpt>
					<trkpt lat="48.605480" lon="-2.446570">
						<ele>56</ele>
						<time>2026-09-30T13:46:49Z</time>
					</trkpt>
					<trkpt lat="48.605160" lon="-2.446530">
						<ele>56</ele>
						<time>2026-09-30T13:46:54Z</time>
					</trkpt>
					<trkpt lat="48.605000" lon="-2.446540">
						<ele>57</ele>
						<time>2026-09-30T13:46:57Z</time>
					</trkpt>
					<trkpt lat="48.604770" lon="-2.446600">
						<ele>58</ele>
						<time>2026-09-30T13:47:01Z</time>
					</trkpt>
					<trkpt lat="48.604700" lon="-2.446640">
						<ele>58</ele>
						<time>2026-09-30T13:47:03Z</time>
					</trkpt>
					<trkpt lat="48.604560" lon="-2.446660">
						<ele>59</ele>
						<time>2026-09-30T13:47:05Z</time>
					</trkpt>
					<trkpt lat="48.604120" lon="-2.446660">
						<ele>60</ele>
						<time>2026-09-30T13:47:13Z</time>
					</trkpt>
					<trkpt lat="48.603160" lon="-2.446830">
						<ele>61</ele>
						<time>2026-09-30T13:47:30Z</time>
					</trkpt>
					<trkpt lat="48.602980" lon="-2.446830">
						<ele>60</ele>
						<time>2026-09-30T13:47:33Z</time>
					</trkpt>
					<trkpt lat="48.602830" lon="-2.446790">
						<ele>60</ele>
						<time>2026-09-30T13:47:36Z</time>
					</trkpt>
					<trkpt lat="48.601920" lon="-2.446380">
						<ele>56</ele>
						<time>2026-09-30T13:47:53Z</time>
					</trkpt>
					<trkpt lat="48.601850" lon="-2.446370">
						<ele>56</ele>
						<time>2026-09-30T13:47:54Z</time>
					</trkpt>
					<trkpt lat="48.601710" lon="-2.446340">
						<ele>56</ele>
						<time>2026-09-30T13:47:57Z</time>
					</trkpt>
					<trkpt lat="48.601480" lon="-2.446350">
						<ele>56</ele>
						<time>2026-09-30T13:48:01Z</time>
					</trkpt>
					<trkpt lat="48.600860" lon="-2.446540">
						<ele>56</ele>
						<time>2026-09-30T13:48:12Z</time>
					</trkpt>
					<trkpt lat="48.600560" lon="-2.446550">
						<ele>56</ele>
						<time>2026-09-30T13:48:17Z</time>
					</trkpt>
					<trkpt lat="48.599220" lon="-2.446920">
						<ele>56</ele>
						<time>2026-09-30T13:48:42Z</time>
					</trkpt>
					<trkpt lat="48.598970" lon="-2.447000">
						<ele>56</ele>
						<time>2026-09-30T13:48:46Z</time>
					</trkpt>
					<trkpt lat="48.598500" lon="-2.447250">
						<ele>56</ele>
						<time>2026-09-30T13:48:55Z</time>
					</trkpt>
					<trkpt lat="48.598080" lon="-2.447540">
						<ele>57</ele>
						<time>2026-09-30T13:49:03Z</time>
					</trkpt>
					<trkpt lat="48.597860" lon="-2.447740">
						<ele>57</ele>
						<time>2026-09-30T13:49:08Z</time>
					</trkpt>
					<trkpt lat="48.597060" lon="-2.448800">
						<ele>58</ele>
						<time>2026-09-30T13:49:27Z</time>
					</trkpt>
					<trkpt lat="48.596630" lon="-2.449610">
						<ele>57</ele>
						<time>2026-09-30T13:49:39Z</time>
					</trkpt>
					<trkpt lat="48.596370" lon="-2.450030">
						<ele>58</ele>
						<time>2026-09-30T13:49:46Z</time>
					</trkpt>
					<trkpt lat="48.596290" lon="-2.450140">
						<ele>58</ele>
						<time>2026-09-30T13:49:48Z</time>
					</trkpt>
					<trkpt lat="48.596230" lon="-2.450220">
						<ele>58</ele>
						<time>2026-09-30T13:49:49Z</time>
					</trkpt>
					<trkpt lat="48.596160" lon="-2.450290">
						<ele>58</ele>
						<time>2026-09-30T13:49:51Z</time>
					</trkpt>
					<trkpt lat="48.596060" lon="-2.450340">
						<ele>58</ele>
						<time>2026-09-30T13:49:53Z</time>
					</trkpt>
					<trkpt lat="48.595960" lon="-2.450350">
						<ele>58</ele>
						<time>2026-09-30T13:49:54Z</time>
					</trkpt>
					<trkpt lat="48.595870" lon="-2.450320">
						<ele>57</ele>
						<time>2026-09-30T13:49:56Z</time>
					</trkpt>
					<trkpt lat="48.595690" lon="-2.450190">
						<ele>57</ele>
						<time>2026-09-30T13:50:00Z</time>
					</trkpt>
					<trkpt lat="48.595620" lon="-2.450110">
						<ele>57</ele>
						<time>2026-09-30T13:50:01Z</time>
					</trkpt>
					<trkpt lat="48.595550" lon="-2.450030">
						<ele>57</ele>
						<time>2026-09-30T13:50:03Z</time>
					</trkpt>
					<trkpt lat="48.595480" lon="-2.449910">
						<ele>57</ele>
						<time>2026-09-30T13:50:05Z</time>
					</trkpt>
					<trkpt lat="48.595390" lon="-2.449680">
						<ele>57</ele>
						<time>2026-09-30T13:50:08Z</time>
					</trkpt>
					<trkpt lat="48.595350" lon="-2.449410">
						<ele>57</ele>
						<time>2026-09-30T13:50:11Z</time>
					</trkpt>
					<trkpt lat="48.595360" lon="-2.449090">
						<ele>56</ele>
						<time>2026-09-30T13:50:15Z</time>
					</trkpt>
					<trkpt lat="48.595330" lon="-2.448890">
						<ele>56</ele>
						<time>2026-09-30T13:50:17Z</time>
					</trkpt>
					<trkpt lat="48.595250" lon="-2.448650">
						<ele>55</ele>
						<time>2026-09-30T13:50:20Z</time>
					</trkpt>
					<trkpt lat="48.594890" lon="-2.447970">
						<ele>55</ele>
						<time>2026-09-30T13:50:31Z</time>
					</trkpt>
					<trkpt lat="48.594590" lon="-2.447510">
						<ele>55</ele>
						<time>2026-09-30T13:50:38Z</time>
					</trkpt>
					<trkpt lat="48.594520" lon="-2.447370">
						<ele>55</ele>
						<time>2026-09-30T13:50:40Z</time>
					</trkpt>
					<trkpt lat="48.594400" lon="-2.447030">
						<ele>56</ele>
						<time>2026-09-30T13:50:45Z</time>
					</trkpt>
					<trkpt lat="48.594300" lon="-2.446930">
						<ele>57</ele>
						<time>2026-09-30T13:50:47Z</time>
					</trkpt>
					<trkpt lat="48.594160" lon="-2.446860">
						<ele>57</ele>
						<time>2026-09-30T13:50:49Z</time>
					</trkpt>
					<trkpt lat="48.593870" lon="-2.446820">
						<ele>57</ele>
						<time>2026-09-30T13:50:55Z</time>
					</trkpt>
					<trkpt lat="48.593760" lon="-2.446780">
						<ele>57</ele>
						<time>2026-09-30T13:50:57Z</time>
					</trkpt>
					<trkpt lat="48.593620" lon="-2.446660">
						<ele>57</ele>
						<time>2026-09-30T13:51:00Z</time>
					</trkpt>
					<trkpt lat="48.593070" lon="-2.446380">
						<ele>58</ele>
						<time>2026-09-30T13:51:10Z</time>
					</trkpt>
					<trkpt lat="48.592810" lon="-2.446260">
						<ele>59</ele>
						<time>2026-09-30T13:51:15Z</time>
					</trkpt>
					<trkpt lat="48.592570" lon="-2.446210">
						<ele>60</ele>
						<time>2026-09-30T13:51:19Z</time>
					</trkpt>
					<trkpt lat="48.592410" lon="-2.446220">
						<ele>60</ele>
						<time>2026-09-30T13:51:22Z</time>
					</trkpt>
					<trkpt lat="48.591810" lon="-2.446360">
						<ele>60</ele>
						<time>2026-09-30T13:51:33Z</time>
					</trkpt>
					<trkpt lat="48.591530" lon="-2.446400">
						<ele>60</ele>
						<time>2026-09-30T13:51:38Z</time>
					</trkpt>
					<trkpt lat="48.591130" lon="-2.446390">
						<ele>61</ele>
						<time>2026-09-30T13:51:45Z</time>
					</trkpt>
					<trkpt lat="48.590720" lon="-2.446180">
						<ele>64</ele>
						<time>2026-09-30T13:51:52Z</time>
					</trkpt>
					<trkpt lat="48.590200" lon="-2.445900">
						<ele>66</ele>
						<time>2026-09-30T13:52:02Z</time>
					</trkpt>
					<trkpt lat="48.589650" lon="-2.445580">
						<ele>69</ele>
						<time>2026-09-30T13:52:13Z</time>
					</trkpt>
					<trkpt lat="48.589100" lon="-2.445350">
						<ele>72</ele>
						<time>2026-09-30T13:52:23Z</time>
					</trkpt>
					<trkpt lat="48.588620" lon="-2.445050">
						<ele>73</ele>
						<time>2026-09-30T13:52:32Z</time>
					</trkpt>
					<trkpt lat="48.588250" lon="-2.444740">
						<ele>74</ele>
						<time>2026-09-30T13:52:40Z</time>
					</trkpt>
					<trkpt lat="48.587940" lon="-2.444490">
						<ele>74</ele>
						<time>2026-09-30T13:52:46Z</time>
					</trkpt>
					<trkpt lat="48.587580" lon="-2.444240">
						<ele>75</ele>
						<time>2026-09-30T13:52:53Z</time>
					</trkpt>
					<trkpt lat="48.586810" lon="-2.443600">
						<ele>76</ele>
						<time>2026-09-30T13:53:09Z</time>
					</trkpt>
					<trkpt lat="48.586480" lon="-2.443380">
						<ele>77</ele>
						<time>2026-09-30T13:53:15Z</time>
					</trkpt>
					<trkpt lat="48.585920" lon="-2.443030">
						<ele>78</ele>
						<time>2026-09-30T13:53:26Z</time>
					</trkpt>
					<trkpt lat="48.585750" lon="-2.442930">
						<ele>78</ele>
						<time>2026-09-30T13:53:29Z</time>
					</trkpt>
					<trkpt lat="48.585480" lon="-2.442700">
						<ele>79</ele>
						<time>2026-09-30T13:53:35Z</time>
					</trkpt>
					<trkpt lat="48.585270" lon="-2.442590">
						<ele>79</ele>
						<time>2026-09-30T13:53:39Z</time>
					</trkpt>
					<trkpt lat="48.585010" lon="-2.442520">
						<ele>80</ele>
						<time>2026-09-30T13:53:43Z</time>
					</trkpt>
					<trkpt lat="48.584830" lon="-2.442490">
						<ele>80</ele>
						<time>2026-09-30T13:53:46Z</time>
					</trkpt>
					<trkpt lat="48.584660" lon="-2.442510">
						<ele>80</ele>
						<time>2026-09-30T13:53:50Z</time>
					</trkpt>
					<trkpt lat="48.584260" lon="-2.442610">
						<ele>80</ele>
						<time>2026-09-30T13:53:57Z</time>
					</trkpt>
					<trkpt lat="48.584160" lon="-2.442620">
						<ele>80</ele>
						<time>2026-09-30T13:53:59Z</time>
					</trkpt>
					<trkpt lat="48.584000" lon="-2.442610">
						<ele>80</ele>
						<time>2026-09-30T13:54:01Z</time>
					</trkpt>
					<trkpt lat="48.583900" lon="-2.442580">
						<ele>80</ele>
						<time>2026-09-30T13:54:03Z</time>
					</trkpt>
					<trkpt lat="48.583800" lon="-2.442530">
						<ele>80</ele>
						<time>2026-09-30T13:54:05Z</time>
					</trkpt>
					<trkpt lat="48.583660" lon="-2.442440">
						<ele>81</ele>
						<time>2026-09-30T13:54:08Z</time>
					</trkpt>
					<trkpt lat="48.583360" lon="-2.442220">
						<ele>81</ele>
						<time>2026-09-30T13:54:14Z</time>
					</trkpt>
					<trkpt lat="48.583160" lon="-2.442130">
						<ele>81</ele>
						<time>2026-09-30T13:54:17Z</time>
					</trkpt>
					<trkpt lat="48.582570" lon="-2.441910">
						<ele>82</ele>
						<time>2026-09-30T13:54:28Z</time>
					</trkpt>
					<trkpt lat="48.582430" lon="-2.441840">
						<ele>82</ele>
						<time>2026-09-30T13:54:31Z</time>
					</trkpt>
					<trkpt lat="48.581870" lon="-2.441520">
						<ele>81</ele>
						<time>2026-09-30T13:54:41Z</time>
					</trkpt>
					<trkpt lat="48.581540" lon="-2.441300">
						<ele>82</ele>
						<time>2026-09-30T13:54:48Z</time>
					</trkpt>
					<trkpt lat="48.581430" lon="-2.441230">
						<ele>82</ele>
						<time>2026-09-30T13:54:50Z</time>
					</trkpt>
					<trkpt lat="48.581030" lon="-2.440890">
						<ele>82</ele>
						<time>2026-09-30T13:54:58Z</time>
					</trkpt>
					<trkpt lat="48.580700" lon="-2.440590">
						<ele>82</ele>
						<time>2026-09-30T13:55:05Z</time>
					</trkpt>
					<trkpt lat="48.580410" lon="-2.440390">
						<ele>81</ele>
						<time>2026-09-30T13:55:11Z</time>
					</trkpt>
					<trkpt lat="48.579980" lon="-2.440160">
						<ele>81</ele>
						<time>2026-09-30T13:55:19Z</time>
					</trkpt>
					<trkpt lat="48.579600" lon="-2.440000">
						<ele>82</ele>
						<time>2026-09-30T13:55:26Z</time>
					</trkpt>
					<trkpt lat="48.579180" lon="-2.439870">
						<ele>83</ele>
						<time>2026-09-30T13:55:33Z</time>
					</trkpt>
					<trkpt lat="48.578960" lon="-2.439830">
						<ele>84</ele>
						<time>2026-09-30T13:55:37Z</time>
					</trkpt>
					<trkpt lat="48.578360" lon="-2.439910">
						<ele>86</ele>
						<time>2026-09-30T13:55:48Z</time>
					</trkpt>
					<trkpt lat="48.577220" lon="-2.440130">
						<ele>88</ele>
						<time>2026-09-30T13:56:09Z</time>
					</trkpt>
					<trkpt lat="48.576970" lon="-2.440140">
						<ele>88</ele>
						<time>2026-09-30T13:56:13Z</time>
					</trkpt>
					<trkpt lat="48.576830" lon="-2.440120">
						<ele>89</ele>
						<time>2026-09-30T13:56:16Z</time>
					</trkpt>
					<trkpt lat="48.576700" lon="-2.440080">
						<ele>89</ele>
						<time>2026-09-30T13:56:18Z</time>
					</trkpt>
					<trkpt lat="48.576030" lon="-2.439610">
						<ele>91</ele>
						<time>2026-09-30T13:56:31Z</time>
					</trkpt>
					<trkpt lat="48.575390" lon="-2.439080">
						<ele>94</ele>
						<time>2026-09-30T13:56:44Z</time>
					</trkpt>
					<trkpt lat="48.575100" lon="-2.438940">
						<ele>95</ele>
						<time>2026-09-30T13:56:49Z</time>
					</trkpt>
					<trkpt lat="48.573960" lon="-2.438420">
						<ele>98</ele>
						<time>2026-09-30T13:57:11Z</time>
					</trkpt>
					<trkpt lat="48.573860" lon="-2.438370">
						<ele>98</ele>
						<time>2026-09-30T13:57:13Z</time>
					</trkpt>
					<trkpt lat="48.573810" lon="-2.438340">
						<ele>98</ele>
						<time>2026-09-30T13:57:13Z</time>
					</trkpt>
					<trkpt lat="48.573680" lon="-2.438250">
						<ele>99</ele>
						<time>2026-09-30T13:57:16Z</time>
					</trkpt>
					<trkpt lat="48.573270" lon="-2.437940">
						<ele>99</ele>
						<time>2026-09-30T13:57:24Z</time>
					</trkpt>
					<trkpt lat="48.573160" lon="-2.437860">
						<ele>99</ele>
						<time>2026-09-30T13:57:26Z</time>
					</trkpt>
					<trkpt lat="48.572900" lon="-2.437750">
						<ele>99</ele>
						<time>2026-09-30T13:57:31Z</time>
					</trkpt>
					<trkpt lat="48.572770" lon="-2.437690">
						<ele>99</ele>
						<time>2026-09-30T13:57:34Z</time>
					</trkpt>
					<trkpt lat="48.572820" lon="-2.437500">
						<ele>99</ele>
						<time>2026-09-30T13:57:36Z</time>
					</trkpt>
					<trkpt lat="48.572900" lon="-2.437230">
						<ele>99</ele>
						<time>2026-09-30T13:57:39Z</time>
					</trkpt>
					<trkpt lat="48.573080" lon="-2.436660">
						<ele>98</ele>
						<time>2026-09-30T13:57:47Z</time>
					</trkpt>
					<trkpt lat="48.573140" lon="-2.436510">
						<ele>98</ele>
						<time>2026-09-30T13:57:49Z</time>
					</trkpt>
					<trkpt lat="48.573080" lon="-2.436660">
						<ele>98</ele>
						<time>2026-09-30T13:57:51Z</time>
					</trkpt>
					<trkpt lat="48.572900" lon="-2.437230">
						<ele>99</ele>
						<time>2026-09-30T13:57:58Z</time>
					</trkpt>
					<trkpt lat="48.572820" lon="-2.437500">
						<ele>99</ele>
						<time>2026-09-30T13:58:02Z</time>
					</trkpt>
					<trkpt lat="48.572770" lon="-2.437690">
						<ele>99</ele>
						<time>2026-09-30T13:58:04Z</time>
					</trkpt>
					<trkpt lat="48.572060" lon="-2.437460">
						<ele>99</ele>
						<time>2026-09-30T13:58:17Z</time>
					</trkpt>
					<trkpt lat="48.571470" lon="-2.437290">
						<ele>100</ele>
						<time>2026-09-30T13:58:28Z</time>
					</trkpt>
					<trkpt lat="48.570630" lon="-2.437100">
						<ele>101</ele>
						<time>2026-09-30T13:58:43Z</time>
					</trkpt>
					<trkpt lat="48.570550" lon="-2.437100">
						<ele>102</ele>
						<time>2026-09-30T13:58:44Z</time>
					</trkpt>
					<trkpt lat="48.570560" lon="-2.437040">
						<ele>102</ele>
						<time>2026-09-30T13:58:45Z</time>
					</trkpt>
					<trkpt lat="48.570550" lon="-2.437100">
						<ele>102</ele>
						<time>2026-09-30T13:58:46Z</time>
					</trkpt>
					<trkpt lat="48.570510" lon="-2.437320">
						<ele>102</ele>
						<time>2026-09-30T13:58:49Z</time>
					</trkpt>
					<trkpt lat="48.570460" lon="-2.437300">
						<ele>102</ele>
						<time>2026-09-30T13:58:50Z</time>
					</trkpt>
					<trkpt lat="48.570160" lon="-2.437300">
						<ele>103</ele>
						<time>2026-09-30T13:58:55Z</time>
					</trkpt>
					<trkpt lat="48.569840" lon="-2.437350">
						<ele>104</ele>
						<time>2026-09-30T13:59:01Z</time>
					</trkpt>
					<trkpt lat="48.569500" lon="-2.437390">
						<ele>104</ele>
						<time>2026-09-30T13:59:07Z</time>
					</trkpt>
					<trkpt lat="48.568970" lon="-2.437520">
						<ele>105</ele>
						<time>2026-09-30T13:59:16Z</time>
					</trkpt>
					<trkpt lat="48.568820" lon="-2.437570">
						<ele>105</ele>
						<time>2026-09-30T13:59:19Z</time>
					</trkpt>
					<trkpt lat="48.568670" lon="-2.437660">
						<ele>106</ele>
						<time>2026-09-30T13:59:22Z</time>
					</trkpt>
					<trkpt lat="48.568480" lon="-2.437840">
						<ele>107</ele>
						<time>2026-09-30T13:59:26Z</time>
					</trkpt>
					<trkpt lat="48.568070" lon="-2.438390">
						<ele>107</ele>
						<time>2026-09-30T13:59:36Z</time>
					</trkpt>
					<trkpt lat="48.567870" lon="-2.438560">
						<ele>107</ele>
						<time>2026-09-30T13:59:40Z</time>
					</trkpt>
					<trkpt lat="48.567850" lon="-2.438570">
						<ele>107</ele>
						<time>2026-09-30T13:59:40Z</time>
					</trkpt>
					<trkpt lat="48.567870" lon="-2.438560">
						<ele>107</ele>
						<time>2026-09-30T13:59:40Z</time>
					</trkpt>
					<trkpt lat="48.567870" lon="-2.438660">
						<ele>107</ele>
						<time>2026-09-30T13:59:42Z</time>
					</trkpt>
					<trkpt lat="48.567760" lon="-2.438910">
						<ele>107</ele>
						<time>2026-09-30T13:59:45Z</time>
					</trkpt>
					<trkpt lat="48.567120" lon="-2.440060">
						<ele>106</ele>
						<time>2026-09-30T14:00:03Z</time>
					</trkpt>
					<trkpt lat="48.566870" lon="-2.440350">
						<ele>106</ele>
						<time>2026-09-30T14:00:08Z</time>
					</trkpt>
					<trkpt lat="48.566590" lon="-2.440570">
						<ele>105</ele>
						<time>2026-09-30T14:00:14Z</time>
					</trkpt>
					<trkpt lat="48.566250" lon="-2.441020">
						<ele>106</ele>
						<time>2026-09-30T14:00:22Z</time>
					</trkpt>
					<trkpt lat="48.565960" lon="-2.441590">
						<ele>107</ele>
						<time>2026-09-30T14:00:31Z</time>
					</trkpt>
					<trkpt lat="48.565820" lon="-2.442040">
						<ele>107</ele>
						<time>2026-09-30T14:00:36Z</time>
					</trkpt>
					<trkpt lat="48.565580" lon="-2.442990">
						<ele>106</ele>
						<time>2026-09-30T14:00:48Z</time>
					</trkpt>
					<trkpt lat="48.565450" lon="-2.443260">
						<ele>106</ele>
						<time>2026-09-30T14:00:52Z</time>
					</trkpt>
					<trkpt lat="48.565280" lon="-2.443470">
						<ele>107</ele>
						<time>2026-09-30T14:00:56Z</time>
					</trkpt>
					<trkpt lat="48.564950" lon="-2.443690">
						<ele>107</ele>
						<time>2026-09-30T14:01:03Z</time>
					</trkpt>
					<trkpt lat="48.564490" lon="-2.443990">
						<ele>107</ele>
						<time>2026-09-30T14:01:12Z</time>
					</trkpt>
					<trkpt lat="48.564170" lon="-2.444280">
						<ele>107</ele>
						<time>2026-09-30T14:01:18Z</time>
					</trkpt>
					<trkpt lat="48.563890" lon="-2.444720">
						<ele>107</ele>
						<time>2026-09-30T14:01:25Z</time>
					</trkpt>
					<trkpt lat="48.563700" lon="-2.445190">
						<ele>107</ele>
						<time>2026-09-30T14:01:32Z</time>
					</trkpt>
					<trkpt lat="48.563600" lon="-2.445930">
						<ele>108</ele>
						<time>2026-09-30T14:01:41Z</time>
					</trkpt>
					<trkpt lat="48.563450" lon="-2.446280">
						<ele>108</ele>
						<time>2026-09-30T14:01:46Z</time>
					</trkpt>
					<trkpt lat="48.563310" lon="-2.446470">
						<ele>109</ele>
						<time>2026-09-30T14:01:49Z</time>
					</trkpt>
					<trkpt lat="48.562980" lon="-2.446750">
						<ele>109</ele>
						<time>2026-09-30T14:01:56Z</time>
					</trkpt>
					<trkpt lat="48.562790" lon="-2.447040">
						<ele>109</ele>
						<time>2026-09-30T14:02:01Z</time>
					</trkpt>
					<trkpt lat="48.562700" lon="-2.447220">
						<ele>110</ele>
						<time>2026-09-30T14:02:03Z</time>
					</trkpt>
					<trkpt lat="48.562640" lon="-2.447450">
						<ele>110</ele>
						<time>2026-09-30T14:02:06Z</time>
					</trkpt>
					<trkpt lat="48.562480" lon="-2.448420">
						<ele>111</ele>
						<time>2026-09-30T14:02:18Z</time>
					</trkpt>
					<trkpt lat="48.562450" lon="-2.449430">
						<ele>111</ele>
						<time>2026-09-30T14:02:30Z</time>
					</trkpt>
					<trkpt lat="48.562360" lon="-2.449940">
						<ele>112</ele>
						<time>2026-09-30T14:02:36Z</time>
					</trkpt>
					<trkpt lat="48.562260" lon="-2.450400">
						<ele>113</ele>
						<time>2026-09-30T14:02:42Z</time>
					</trkpt>
					<trkpt lat="48.562070" lon="-2.450910">
						<ele>113</ele>
						<time>2026-09-30T14:02:49Z</time>
					</trkpt>
					<trkpt lat="48.561790" lon="-2.452090">
						<ele>114</ele>
						<time>2026-09-30T14:03:03Z</time>
					</trkpt>
					<trkpt lat="48.561700" lon="-2.452500">
						<ele>114</ele>
						<time>2026-09-30T14:03:08Z</time>
					</trkpt>
					<trkpt lat="48.561460" lon="-2.452890">
						<ele>114</ele>
						<time>2026-09-30T14:03:15Z</time>
					</trkpt>
					<trkpt lat="48.560880" lon="-2.453930">
						<ele>115</ele>
						<time>2026-09-30T14:03:31Z</time>
					</trkpt>
					<trkpt lat="48.559080" lon="-2.456230">
						<ele>117</ele>
						<time>2026-09-30T14:04:13Z</time>
					</trkpt>
					<trkpt lat="48.558880" lon="-2.456420">
						<ele>117</ele>
						<time>2026-09-30T14:04:17Z</time>
					</trkpt>
					<trkpt lat="48.558720" lon="-2.456580">
						<ele>117</ele>
						<time>2026-09-30T14:04:20Z</time>
					</trkpt>
					<trkpt lat="48.558480" lon="-2.456710">
						<ele>117</ele>
						<time>2026-09-30T14:04:25Z</time>
					</trkpt>
					<trkpt lat="48.558250" lon="-2.456720">
						<ele>117</ele>
						<time>2026-09-30T14:04:29Z</time>
					</trkpt>
					<trkpt lat="48.558070" lon="-2.456710">
						<ele>118</ele>
						<time>2026-09-30T14:04:32Z</time>
					</trkpt>
					<trkpt lat="48.557890" lon="-2.456750">
						<ele>118</ele>
						<time>2026-09-30T14:04:35Z</time>
					</trkpt>
					<trkpt lat="48.556230" lon="-2.457430">
						<ele>120</ele>
						<time>2026-09-30T14:05:06Z</time>
					</trkpt>
					<trkpt lat="48.556020" lon="-2.457550">
						<ele>120</ele>
						<time>2026-09-30T14:05:10Z</time>
					</trkpt>
					<trkpt lat="48.555800" lon="-2.457690">
						<ele>120</ele>
						<time>2026-09-30T14:05:14Z</time>
					</trkpt>
					<trkpt lat="48.555560" lon="-2.457930">
						<ele>120</ele>
						<time>2026-09-30T14:05:19Z</time>
					</trkpt>
					<trkpt lat="48.555290" lon="-2.458340">
						<ele>120</ele>
						<time>2026-09-30T14:05:26Z</time>
					</trkpt>
					<trkpt lat="48.555170" lon="-2.458420">
						<ele>119</ele>
						<time>2026-09-30T14:05:28Z</time>
					</trkpt>
					<trkpt lat="48.554580" lon="-2.458540">
						<ele>118</ele>
						<time>2026-09-30T14:05:39Z</time>
					</trkpt>
					<trkpt lat="48.553710" lon="-2.458840">
						<ele>117</ele>
						<time>2026-09-30T14:05:55Z</time>
					</trkpt>
					<trkpt lat="48.553460" lon="-2.458910">
						<ele>117</ele>
						<time>2026-09-30T14:05:59Z</time>
					</trkpt>
					<trkpt lat="48.553150" lon="-2.458960">
						<ele>117</ele>
						<time>2026-09-30T14:06:05Z</time>
					</trkpt>
					<trkpt lat="48.552860" lon="-2.458960">
						<ele>117</ele>
						<time>2026-09-30T14:06:10Z</time>
					</trkpt>
					<trkpt lat="48.551910" lon="-2.458900">
						<ele>116</ele>
						<time>2026-09-30T14:06:27Z</time>
					</trkpt>
					<trkpt lat="48.551100" lon="-2.458850">
						<ele>115</ele>
						<time>2026-09-30T14:06:42Z</time>
					</trkpt>
					<trkpt lat="48.550760" lon="-2.458900">
						<ele>115</ele>
						<time>2026-09-30T14:06:48Z</time>
					</trkpt>
					<trkpt lat="48.550540" lon="-2.458970">
						<ele>115</ele>
						<time>2026-09-30T14:06:52Z</time>
					</trkpt>
					<trkpt lat="48.550340" lon="-2.459140">
						<ele>115</ele>
						<time>2026-09-30T14:06:56Z</time>
					</trkpt>
					<trkpt lat="48.550190" lon="-2.459370">
						<ele>115</ele>
						<time>2026-09-30T14:06:59Z</time>
					</trkpt>
					<trkpt lat="48.549970" lon="-2.459740">
						<ele>116</ele>
						<time>2026-09-30T14:07:05Z</time>
					</trkpt>
					<trkpt lat="48.549760" lon="-2.460050">
						<ele>116</ele>
						<time>2026-09-30T14:07:11Z</time>
					</trkpt>
					<trkpt lat="48.549490" lon="-2.460330">
						<ele>117</ele>
						<time>2026-09-30T14:07:16Z</time>
					</trkpt>
					<trkpt lat="48.549460" lon="-2.460350">
						<ele>117</ele>
						<time>2026-09-30T14:07:17Z</time>
					</trkpt>
					<trkpt lat="48.549130" lon="-2.460550">
						<ele>117</ele>
						<time>2026-09-30T14:07:23Z</time>
					</trkpt>
					<trkpt lat="48.548350" lon="-2.460990">
						<ele>119</ele>
						<time>2026-09-30T14:07:38Z</time>
					</trkpt>
					<trkpt lat="48.548070" lon="-2.461190">
						<ele>119</ele>
						<time>2026-09-30T14:07:44Z</time>
					</trkpt>
					<trkpt lat="48.547810" lon="-2.461450">
						<ele>119</ele>
						<time>2026-09-30T14:07:49Z</time>
					</trkpt>
					<trkpt lat="48.547530" lon="-2.461780">
						<ele>120</ele>
						<time>2026-09-30T14:07:56Z</time>
					</trkpt>
					<trkpt lat="48.547170" lon="-2.462340">
						<ele>120</ele>
						<time>2026-09-30T14:08:05Z</time>
					</trkpt>
					<trkpt lat="48.546950" lon="-2.462750">
						<ele>120</ele>
						<time>2026-09-30T14:08:11Z</time>
					</trkpt>
					<trkpt lat="48.546900" lon="-2.462850">
						<ele>120</ele>
						<time>2026-09-30T14:08:12Z</time>
					</trkpt>
					<trkpt lat="48.546590" lon="-2.463660">
						<ele>121</ele>
						<time>2026-09-30T14:08:23Z</time>
					</trkpt>
					<trkpt lat="48.546540" lon="-2.463770">
						<ele>121</ele>
						<time>2026-09-30T14:08:25Z</time>
					</trkpt>
					<trkpt lat="48.546490" lon="-2.463870">
						<ele>121</ele>
						<time>2026-09-30T14:08:26Z</time>
					</trkpt>
					<trkpt lat="48.546370" lon="-2.464100">
						<ele>122</ele>
						<time>2026-09-30T14:08:30Z</time>
					</trkpt>
					<trkpt lat="48.546070" lon="-2.464510">
						<ele>121</ele>
						<time>2026-09-30T14:08:37Z</time>
					</trkpt>
					<trkpt lat="48.545840" lon="-2.464860">
						<ele>121</ele>
						<time>2026-09-30T14:08:43Z</time>
					</trkpt>
					<trkpt lat="48.545720" lon="-2.465010">
						<ele>121</ele>
						<time>2026-09-30T14:08:46Z</time>
					</trkpt>
					<trkpt lat="48.545740" lon="-2.465060">
						<ele>121</ele>
						<time>2026-09-30T14:08:46Z</time>
					</trkpt>
					<trkpt lat="48.545890" lon="-2.465590">
						<ele>120</ele>
						<time>2026-09-30T14:08:53Z</time>
					</trkpt>
					<trkpt lat="48.545740" lon="-2.465060">
						<ele>121</ele>
						<time>2026-09-30T14:09:00Z</time>
					</trkpt>
					<trkpt lat="48.545720" lon="-2.465010">
						<ele>121</ele>
						<time>2026-09-30T14:09:01Z</time>
					</trkpt>
					<trkpt lat="48.545560" lon="-2.465160">
						<ele>121</ele>
						<time>2026-09-30T14:09:04Z</time>
					</trkpt>
					<trkpt lat="48.545330" lon="-2.465330">
						<ele>121</ele>
						<time>2026-09-30T14:09:09Z</time>
					</trkpt>
					<trkpt lat="48.545050" lon="-2.465460">
						<ele>121</ele>
						<time>2026-09-30T14:09:14Z</time>
					</trkpt>
					<trkpt lat="48.544820" lon="-2.465520">
						<ele>121</ele>
						<time>2026-09-30T14:09:18Z</time>
					</trkpt>
					<trkpt lat="48.544530" lon="-2.465510">
						<ele>122</ele>
						<time>2026-09-30T14:09:23Z</time>
					</trkpt>
					<trkpt lat="48.544030" lon="-2.465440">
						<ele>123</ele>
						<time>2026-09-30T14:09:32Z</time>
					</trkpt>
					<trkpt lat="48.543750" lon="-2.465440">
						<ele>123</ele>
						<time>2026-09-30T14:09:37Z</time>
					</trkpt>
					<trkpt lat="48.543380" lon="-2.465470">
						<ele>124</ele>
						<time>2026-09-30T14:09:44Z</time>
					</trkpt>
					<trkpt lat="48.543150" lon="-2.465550">
						<ele>124</ele>
						<time>2026-09-30T14:09:48Z</time>
					</trkpt>
					<trkpt lat="48.542700" lon="-2.465760">
						<ele>124</ele>
						<time>2026-09-30T14:09:56Z</time>
					</trkpt>
					<trkpt lat="48.541920" lon="-2.466040">
						<ele>123</ele>
						<time>2026-09-30T14:10:10Z</time>
					</trkpt>
					<trkpt lat="48.541700" lon="-2.466150">
						<ele>123</ele>
						<time>2026-09-30T14:10:15Z</time>
					</trkpt>
					<trkpt lat="48.541480" lon="-2.466320">
						<ele>123</ele>
						<time>2026-09-30T14:10:19Z</time>
					</trkpt>
					<trkpt lat="48.540720" lon="-2.467380">
						<ele>122</ele>
						<time>2026-09-30T14:10:37Z</time>
					</trkpt>
					<trkpt lat="48.540400" lon="-2.467780">
						<ele>122</ele>
						<time>2026-09-30T14:10:45Z</time>
					</trkpt>
					<trkpt lat="48.539620" lon="-2.468670">
						<ele>123</ele>
						<time>2026-09-30T14:11:02Z</time>
					</trkpt>
					<trkpt lat="48.539170" lon="-2.469070">
						<ele>125</ele>
						<time>2026-09-30T14:11:11Z</time>
					</trkpt>
					<trkpt lat="48.538420" lon="-2.469690">
						<ele>124</ele>
						<time>2026-09-30T14:11:27Z</time>
					</trkpt>
					<trkpt lat="48.537010" lon="-2.470830">
						<ele>123</ele>
						<time>2026-09-30T14:11:55Z</time>
					</trkpt>
					<trkpt lat="48.536540" lon="-2.471210">
						<ele>121</ele>
						<time>2026-09-30T14:12:05Z</time>
					</trkpt>
					<trkpt lat="48.535630" lon="-2.471970">
						<ele>119</ele>
						<time>2026-09-30T14:12:23Z</time>
					</trkpt>
					<trkpt lat="48.535140" lon="-2.472390">
						<ele>117</ele>
						<time>2026-09-30T14:12:33Z</time>
					</trkpt>
					<trkpt lat="48.533840" lon="-2.473420">
						<ele>114</ele>
						<time>2026-09-30T14:12:59Z</time>
					</trkpt>
					<trkpt lat="48.533630" lon="-2.473640">
						<ele>113</ele>
						<time>2026-09-30T14:13:04Z</time>
					</trkpt>
					<trkpt lat="48.533510" lon="-2.473860">
						<ele>113</ele>
						<time>2026-09-30T14:13:07Z</time>
					</trkpt>
					<trkpt lat="48.533310" lon="-2.474410">
						<ele>112</ele>
						<time>2026-09-30T14:13:15Z</time>
					</trkpt>
					<trkpt lat="48.533190" lon="-2.474670">
						<ele>112</ele>
						<time>2026-09-30T14:13:18Z</time>
					</trkpt>
					<trkpt lat="48.533020" lon="-2.474970">
						<ele>112</ele>
						<time>2026-09-30T14:13:23Z</time>
					</trkpt>
					<trkpt lat="48.532620" lon="-2.475520">
						<ele>112</ele>
						<time>2026-09-30T14:13:33Z</time>
					</trkpt>
					<trkpt lat="48.532380" lon="-2.475900">
						<ele>112</ele>
						<time>2026-09-30T14:13:39Z</time>
					</trkpt>
					<trkpt lat="48.532240" lon="-2.476050">
						<ele>112</ele>
						<time>2026-09-30T14:13:42Z</time>
					</trkpt>
					<trkpt lat="48.531760" lon="-2.476350">
						<ele>111</ele>
						<time>2026-09-30T14:13:51Z</time>
					</trkpt>
					<trkpt lat="48.531610" lon="-2.476370">
						<ele>111</ele>
						<time>2026-09-30T14:13:54Z</time>
					</trkpt>
					<trkpt lat="48.531410" lon="-2.476350">
						<ele>111</ele>
						<time>2026-09-30T14:13:57Z</time>
					</trkpt>
					<trkpt lat="48.530990" lon="-2.476180">
						<ele>110</ele>
						<time>2026-09-30T14:14:05Z</time>
					</trkpt>
					<trkpt lat="48.530810" lon="-2.476140">
						<ele>110</ele>
						<time>2026-09-30T14:14:08Z</time>
					</trkpt>
					<trkpt lat="48.530640" lon="-2.476130">
						<ele>110</ele>
						<time>2026-09-30T14:14:11Z</time>
					</trkpt>
					<trkpt lat="48.530460" lon="-2.476190">
						<ele>109</ele>
						<time>2026-09-30T14:14:15Z</time>
					</trkpt>
					<trkpt lat="48.529590" lon="-2.476690">
						<ele>108</ele>
						<time>2026-09-30T14:14:31Z</time>
					</trkpt>
					<trkpt lat="48.528780" lon="-2.477110">
						<ele>107</ele>
						<time>2026-09-30T14:14:46Z</time>
					</trkpt>
					<trkpt lat="48.528370" lon="-2.477320">
						<ele>106</ele>
						<time>2026-09-30T14:14:54Z</time>
					</trkpt>
					<trkpt lat="48.528120" lon="-2.477490">
						<ele>106</ele>
						<time>2026-09-30T14:14:59Z</time>
					</trkpt>
					<trkpt lat="48.527550" lon="-2.478040">
						<ele>108</ele>
						<time>2026-09-30T14:15:11Z</time>
					</trkpt>
					<trkpt lat="48.526980" lon="-2.478520">
						<ele>107</ele>
						<time>2026-09-30T14:15:23Z</time>
					</trkpt>
					<trkpt lat="48.526830" lon="-2.478710">
						<ele>107</ele>
						<time>2026-09-30T14:15:26Z</time>
					</trkpt>
					<trkpt lat="48.525560" lon="-2.480660">
						<ele>109</ele>
						<time>2026-09-30T14:15:58Z</time>
					</trkpt>
					<trkpt lat="48.524570" lon="-2.482140">
						<ele>111</ele>
						<time>2026-09-30T14:16:23Z</time>
					</trkpt>
					<trkpt lat="48.524430" lon="-2.482330">
						<ele>111</ele>
						<time>2026-09-30T14:16:26Z</time>
					</trkpt>
					<trkpt lat="48.524160" lon="-2.482640">
						<ele>111</ele>
						<time>2026-09-30T14:16:32Z</time>
					</trkpt>
					<trkpt lat="48.523940" lon="-2.482820">
						<ele>111</ele>
						<time>2026-09-30T14:16:37Z</time>
					</trkpt>
					<trkpt lat="48.522660" lon="-2.483410">
						<ele>110</ele>
						<time>2026-09-30T14:17:01Z</time>
					</trkpt>
					<trkpt lat="48.522430" lon="-2.483620">
						<ele>110</ele>
						<time>2026-09-30T14:17:06Z</time>
					</trkpt>
					<trkpt lat="48.521540" lon="-2.484520">
						<ele>109</ele>
						<time>2026-09-30T14:17:25Z</time>
					</trkpt>
					<trkpt lat="48.521390" lon="-2.484620">
						<ele>109</ele>
						<time>2026-09-30T14:17:27Z</time>
					</trkpt>
					<trkpt lat="48.521230" lon="-2.484680">
						<ele>109</ele>
						<time>2026-09-30T14:17:30Z</time>
					</trkpt>
					<trkpt lat="48.520550" lon="-2.484830">
						<ele>109</ele>
						<time>2026-09-30T14:17:43Z</time>
					</trkpt>
					<trkpt lat="48.520360" lon="-2.484840">
						<ele>110</ele>
						<time>2026-09-30T14:17:46Z</time>
					</trkpt>
					<trkpt lat="48.520140" lon="-2.484780">
						<ele>110</ele>
						<time>2026-09-30T14:17:50Z</time>
					</trkpt>
					<trkpt lat="48.519980" lon="-2.484760">
						<ele>110</ele>
						<time>2026-09-30T14:17:53Z</time>
					</trkpt>
					<trkpt lat="48.519760" lon="-2.484800">
						<ele>110</ele>
						<time>2026-09-30T14:17:57Z</time>
					</trkpt>
					<trkpt lat="48.519540" lon="-2.484890">
						<ele>110</ele>
						<time>2026-09-30T14:18:01Z</time>
					</trkpt>
					<trkpt lat="48.519400" lon="-2.485040">
						<ele>111</ele>
						<time>2026-09-30T14:18:04Z</time>
					</trkpt>
					<trkpt lat="48.518730" lon="-2.485880">
						<ele>110</ele>
						<time>2026-09-30T14:18:19Z</time>
					</trkpt>
					<trkpt lat="48.518550" lon="-2.486070">
						<ele>109</ele>
						<time>2026-09-30T14:18:23Z</time>
					</trkpt>
					<trkpt lat="48.518380" lon="-2.486220">
						<ele>109</ele>
						<time>2026-09-30T14:18:27Z</time>
					</trkpt>
					<trkpt lat="48.518150" lon="-2.486390">
						<ele>110</ele>
						<time>2026-09-30T14:18:31Z</time>
					</trkpt>
					<trkpt lat="48.517930" lon="-2.486470">
						<ele>111</ele>
						<time>2026-09-30T14:18:35Z</time>
					</trkpt>
					<trkpt lat="48.517740" lon="-2.486460">
						<ele>111</ele>
						<time>2026-09-30T14:18:39Z</time>
					</trkpt>
					<trkpt lat="48.517560" lon="-2.486390">
						<ele>112</ele>
						<time>2026-09-30T14:18:42Z</time>
					</trkpt>
					<trkpt lat="48.517280" lon="-2.486310">
						<ele>112</ele>
						<time>2026-09-30T14:18:47Z</time>
					</trkpt>
					<trkpt lat="48.517040" lon="-2.486360">
						<ele>112</ele>
						<time>2026-09-30T14:18:51Z</time>
					</trkpt>
					<trkpt lat="48.516570" lon="-2.486660">
						<ele>113</ele>
						<time>2026-09-30T14:19:01Z</time>
					</trkpt>
					<trkpt lat="48.516260" lon="-2.486900">
						<ele>114</ele>
						<time>2026-09-30T14:19:07Z</time>
					</trkpt>
					<trkpt lat="48.516000" lon="-2.487060">
						<ele>115</ele>
						<time>2026-09-30T14:19:12Z</time>
					</trkpt>
					<trkpt lat="48.515800" lon="-2.487120">
						<ele>116</ele>
						<time>2026-09-30T14:19:15Z</time>
					</trkpt>
					<trkpt lat="48.515480" lon="-2.487190">
						<ele>116</ele>
						<time>2026-09-30T14:19:21Z</time>
					</trkpt>
					<trkpt lat="48.515250" lon="-2.487160">
						<ele>116</ele>
						<time>2026-09-30T14:19:25Z</time>
					</trkpt>
					<trkpt lat="48.515000" lon="-2.487110">
						<ele>116</ele>
						<time>2026-09-30T14:19:30Z</time>
					</trkpt>
					<trkpt lat="48.514620" lon="-2.487050">
						<ele>116</ele>
						<time>2026-09-30T14:19:37Z</time>
					</trkpt>
					<trkpt lat="48.514250" lon="-2.487040">
						<ele>116</ele>
						<time>2026-09-30T14:19:43Z</time>
					</trkpt>
					<trkpt lat="48.513810" lon="-2.487100">
						<ele>114</ele>
						<time>2026-09-30T14:19:51Z</time>
					</trkpt>
					<trkpt lat="48.513090" lon="-2.487360">
						<ele>113</ele>
						<time>2026-09-30T14:20:04Z</time>
					</trkpt>
					<trkpt lat="48.512420" lon="-2.487660">
						<ele>110</ele>
						<time>2026-09-30T14:20:17Z</time>
					</trkpt>
					<trkpt lat="48.511930" lon="-2.487840">
						<ele>108</ele>
						<time>2026-09-30T14:20:26Z</time>
					</trkpt>
					<trkpt lat="48.511740" lon="-2.487870">
						<ele>108</ele>
						<time>2026-09-30T14:20:29Z</time>
					</trkpt>
					<trkpt lat="48.511220" lon="-2.487820">
						<ele>104</ele>
						<time>2026-09-30T14:20:38Z</time>
					</trkpt>
					<trkpt lat="48.511160" lon="-2.487810">
						<ele>104</ele>
						<time>2026-09-30T14:20:39Z</time>
					</trkpt>
					<trkpt lat="48.511020" lon="-2.487840">
						<ele>103</ele>
						<time>2026-09-30T14:20:42Z</time>
					</trkpt>
					<trkpt lat="48.510950" lon="-2.487870">
						<ele>102</ele>
						<time>2026-09-30T14:20:43Z</time>
					</trkpt>
					<trkpt lat="48.510820" lon="-2.487930">
						<ele>101</ele>
						<time>2026-09-30T14:20:46Z</time>
					</trkpt>
					<trkpt lat="48.510640" lon="-2.488030">
						<ele>100</ele>
						<time>2026-09-30T14:20:49Z</time>
					</trkpt>
					<trkpt lat="48.510660" lon="-2.488110">
						<ele>101</ele>
						<time>2026-09-30T14:20:50Z</time>
					</trkpt>
					<trkpt lat="48.510670" lon="-2.488300">
						<ele>101</ele>
						<time>2026-09-30T14:20:52Z</time>
					</trkpt>
					<trkpt lat="48.510620" lon="-2.488300">
						<ele>101</ele>
						<time>2026-09-30T14:20:53Z</time>
					</trkpt>
					<trkpt lat="48.510670" lon="-2.488300">
						<ele>101</ele>
						<time>2026-09-30T14:20:54Z</time>
					</trkpt>
					<trkpt lat="48.510650" lon="-2.488420">
						<ele>101</ele>
						<time>2026-09-30T14:20:55Z</time>
					</trkpt>
					<trkpt lat="48.510600" lon="-2.488590">
						<ele>101</ele>
						<time>2026-09-30T14:20:58Z</time>
					</trkpt>
					<trkpt lat="48.510590" lon="-2.488630">
						<ele>101</ele>
						<time>2026-09-30T14:20:58Z</time>
					</trkpt>
					<trkpt lat="48.510450" lon="-2.489050">
						<ele>99</ele>
						<time>2026-09-30T14:21:04Z</time>
					</trkpt>
					<trkpt lat="48.510310" lon="-2.489300">
						<ele>99</ele>
						<time>2026-09-30T14:21:08Z</time>
					</trkpt>
					<trkpt lat="48.510210" lon="-2.489450">
						<ele>99</ele>
						<time>2026-09-30T14:21:10Z</time>
					</trkpt>
					<trkpt lat="48.509990" lon="-2.489810">
						<ele>99</ele>
						<time>2026-09-30T14:21:16Z</time>
					</trkpt>
					<trkpt lat="48.509980" lon="-2.489840">
						<ele>99</ele>
						<time>2026-09-30T14:21:16Z</time>
					</trkpt>
					<trkpt lat="48.509950" lon="-2.489940">
						<ele>99</ele>
						<time>2026-09-30T14:21:18Z</time>
					</trkpt>
					<trkpt lat="48.509690" lon="-2.490850">
						<ele>101</ele>
						<time>2026-09-30T14:21:29Z</time>
					</trkpt>
					<trkpt lat="48.509640" lon="-2.491010">
						<ele>101</ele>
						<time>2026-09-30T14:21:31Z</time>
					</trkpt>
					<trkpt lat="48.509560" lon="-2.491240">
						<ele>101</ele>
						<time>2026-09-30T14:21:34Z</time>
					</trkpt>
					<trkpt lat="48.509520" lon="-2.491380">
						<ele>101</ele>
						<time>2026-09-30T14:21:36Z</time>
					</trkpt>
					<trkpt lat="48.509480" lon="-2.491510">
						<ele>101</ele>
						<time>2026-09-30T14:21:38Z</time>
					</trkpt>
					<trkpt lat="48.509180" lon="-2.492500">
						<ele>102</ele>
						<time>2026-09-30T14:21:51Z</time>
					</trkpt>
					<trkpt lat="48.508930" lon="-2.493260">
						<ele>101</ele>
						<time>2026-09-30T14:22:01Z</time>
					</trkpt>
					<trkpt lat="48.508870" lon="-2.493470">
						<ele>100</ele>
						<time>2026-09-30T14:22:03Z</time>
					</trkpt>
					<trkpt lat="48.508830" lon="-2.493670">
						<ele>99</ele>
						<time>2026-09-30T14:22:06Z</time>
					</trkpt>
					<trkpt lat="48.508800" lon="-2.493930">
						<ele>99</ele>
						<time>2026-09-30T14:22:09Z</time>
					</trkpt>
					<trkpt lat="48.508780" lon="-2.494180">
						<ele>99</ele>
						<time>2026-09-30T14:22:12Z</time>
					</trkpt>
					<trkpt lat="48.508780" lon="-2.494460">
						<ele>99</ele>
						<time>2026-09-30T14:22:15Z</time>
					</trkpt>
					<trkpt lat="48.508790" lon="-2.494740">
						<ele>99</ele>
						<time>2026-09-30T14:22:19Z</time>
					</trkpt>
					<trkpt lat="48.508930" lon="-2.495750">
						<ele>99</ele>
						<time>2026-09-30T14:22:31Z</time>
					</trkpt>
					<trkpt lat="48.508980" lon="-2.496260">
						<ele>100</ele>
						<time>2026-09-30T14:22:37Z</time>
					</trkpt>
					<trkpt lat="48.508980" lon="-2.496380">
						<ele>100</ele>
						<time>2026-09-30T14:22:38Z</time>
					</trkpt>
					<trkpt lat="48.508980" lon="-2.497550">
						<ele>100</ele>
						<time>2026-09-30T14:22:52Z</time>
					</trkpt>
					<trkpt lat="48.509230" lon="-2.499350">
						<ele>97</ele>
						<time>2026-09-30T14:23:14Z</time>
					</trkpt>
					<trkpt lat="48.509240" lon="-2.500460">
						<ele>95</ele>
						<time>2026-09-30T14:23:27Z</time>
					</trkpt>
					<trkpt lat="48.509270" lon="-2.500610">
						<ele>95</ele>
						<time>2026-09-30T14:23:29Z</time>
					</trkpt>
					<trkpt lat="48.509520" lon="-2.501250">
						<ele>96</ele>
						<time>2026-09-30T14:23:37Z</time>
					</trkpt>
					<trkpt lat="48.509650" lon="-2.502200">
						<ele>99</ele>
						<time>2026-09-30T14:23:49Z</time>
					</trkpt>
					<trkpt lat="48.509800" lon="-2.503480">
						<ele>104</ele>
						<time>2026-09-30T14:24:04Z</time>
					</trkpt>
					<trkpt lat="48.510020" lon="-2.504400">
						<ele>106</ele>
						<time>2026-09-30T14:24:16Z</time>
					</trkpt>
					<trkpt lat="48.510100" lon="-2.504630">
						<ele>107</ele>
						<time>2026-09-30T14:24:19Z</time>
					</trkpt>
					<trkpt lat="48.510380" lon="-2.505260">
						<ele>109</ele>
						<time>2026-09-30T14:24:28Z</time>
					</trkpt>
					<trkpt lat="48.510830" lon="-2.506810">
						<ele>111</ele>
						<time>2026-09-30T14:24:48Z</time>
					</trkpt>
					<trkpt lat="48.510960" lon="-2.507210">
						<ele>112</ele>
						<time>2026-09-30T14:24:53Z</time>
					</trkpt>
					<trkpt lat="48.511240" lon="-2.507850">
						<ele>114</ele>
						<time>2026-09-30T14:25:02Z</time>
					</trkpt>
					<trkpt lat="48.511410" lon="-2.508340">
						<ele>115</ele>
						<time>2026-09-30T14:25:08Z</time>
					</trkpt>
					<trkpt lat="48.511470" lon="-2.508620">
						<ele>115</ele>
						<time>2026-09-30T14:25:12Z</time>
					</trkpt>
					<trkpt lat="48.511440" lon="-2.508810">
						<ele>115</ele>
						<time>2026-09-30T14:25:14Z</time>
					</trkpt>
					<trkpt lat="48.511290" lon="-2.509190">
						<ele>116</ele>
						<time>2026-09-30T14:25:19Z</time>
					</trkpt>
					<trkpt lat="48.511230" lon="-2.509860">
						<ele>117</ele>
						<time>2026-09-30T14:25:27Z</time>
					</trkpt>
					<trkpt lat="48.511280" lon="-2.510710">
						<ele>118</ele>
						<time>2026-09-30T14:25:37Z</time>
					</trkpt>
					<trkpt lat="48.511320" lon="-2.511250">
						<ele>118</ele>
						<time>2026-09-30T14:25:44Z</time>
					</trkpt>
					<trkpt lat="48.511430" lon="-2.512190">
						<ele>120</ele>
						<time>2026-09-30T14:25:55Z</time>
					</trkpt>
					<trkpt lat="48.511420" lon="-2.512750">
						<ele>121</ele>
						<time>2026-09-30T14:26:02Z</time>
					</trkpt>
					<trkpt lat="48.511110" lon="-2.513930">
						<ele>121</ele>
						<time>2026-09-30T14:26:17Z</time>
					</trkpt>
					<trkpt lat="48.510620" lon="-2.514880">
						<ele>122</ele>
						<time>2026-09-30T14:26:31Z</time>
					</trkpt>
					<trkpt lat="48.510520" lon="-2.515140">
						<ele>123</ele>
						<time>2026-09-30T14:26:34Z</time>
					</trkpt>
					<trkpt lat="48.510450" lon="-2.515430">
						<ele>123</ele>
						<time>2026-09-30T14:26:38Z</time>
					</trkpt>
					<trkpt lat="48.510420" lon="-2.515680">
						<ele>123</ele>
						<time>2026-09-30T14:26:41Z</time>
					</trkpt>
					<trkpt lat="48.510430" lon="-2.516020">
						<ele>124</ele>
						<time>2026-09-30T14:26:45Z</time>
					</trkpt>
					<trkpt lat="48.510450" lon="-2.516240">
						<ele>124</ele>
						<time>2026-09-30T14:26:48Z</time>
					</trkpt>
					<trkpt lat="48.510550" lon="-2.516570">
						<ele>125</ele>
						<time>2026-09-30T14:26:52Z</time>
					</trkpt>
					<trkpt lat="48.510750" lon="-2.517050">
						<ele>127</ele>
						<time>2026-09-30T14:26:59Z</time>
					</trkpt>
					<trkpt lat="48.511040" lon="-2.517600">
						<ele>127</ele>
						<time>2026-09-30T14:27:07Z</time>
					</trkpt>
					<trkpt lat="48.511120" lon="-2.517790">
						<ele>127</ele>
						<time>2026-09-30T14:27:10Z</time>
					</trkpt>
					<trkpt lat="48.511200" lon="-2.517990">
						<ele>127</ele>
						<time>2026-09-30T14:27:12Z</time>
					</trkpt>
					<trkpt lat="48.511440" lon="-2.519070">
						<ele>126</ele>
						<time>2026-09-30T14:27:26Z</time>
					</trkpt>
					<trkpt lat="48.511590" lon="-2.519890">
						<ele>126</ele>
						<time>2026-09-30T14:27:36Z</time>
					</trkpt>
					<trkpt lat="48.511710" lon="-2.520340">
						<ele>126</ele>
						<time>2026-09-30T14:27:41Z</time>
					</trkpt>
					<trkpt lat="48.511820" lon="-2.520720">
						<ele>125</ele>
						<time>2026-09-30T14:27:46Z</time>
					</trkpt>
					<trkpt lat="48.512100" lon="-2.521520">
						<ele>124</ele>
						<time>2026-09-30T14:27:57Z</time>
					</trkpt>
					<trkpt lat="48.512170" lon="-2.521760">
						<ele>124</ele>
						<time>2026-09-30T14:28:00Z</time>
					</trkpt>
					<trkpt lat="48.512200" lon="-2.522020">
						<ele>124</ele>
						<time>2026-09-30T14:28:03Z</time>
					</trkpt>
					<trkpt lat="48.512290" lon="-2.523050">
						<ele>122</ele>
						<time>2026-09-30T14:28:15Z</time>
					</trkpt>
					<trkpt lat="48.512350" lon="-2.523640">
						<ele>120</ele>
						<time>2026-09-30T14:28:22Z</time>
					</trkpt>
					<trkpt lat="48.512340" lon="-2.524000">
						<ele>119</ele>
						<time>2026-09-30T14:28:27Z</time>
					</trkpt>
					<trkpt lat="48.512320" lon="-2.524100">
						<ele>119</ele>
						<time>2026-09-30T14:28:28Z</time>
					</trkpt>
					<trkpt lat="48.512290" lon="-2.524210">
						<ele>119</ele>
						<time>2026-09-30T14:28:29Z</time>
					</trkpt>
					<trkpt lat="48.512290" lon="-2.524420">
						<ele>119</ele>
						<time>2026-09-30T14:28:32Z</time>
					</trkpt>
					<trkpt lat="48.512320" lon="-2.524600">
						<ele>118</ele>
						<time>2026-09-30T14:28:34Z</time>
					</trkpt>
					<trkpt lat="48.512400" lon="-2.524730">
						<ele>118</ele>
						<time>2026-09-30T14:28:36Z</time>
					</trkpt>
					<trkpt lat="48.512480" lon="-2.524800">
						<ele>118</ele>
						<time>2026-09-30T14:28:38Z</time>
					</trkpt>
					<trkpt lat="48.512600" lon="-2.524840">
						<ele>118</ele>
						<time>2026-09-30T14:28:40Z</time>
					</trkpt>
					<trkpt lat="48.513810" lon="-2.525050">
						<ele>118</ele>
						<time>2026-09-30T14:29:02Z</time>
					</trkpt>
					<trkpt lat="48.514310" lon="-2.525140">
						<ele>118</ele>
						<time>2026-09-30T14:29:11Z</time>
					</trkpt>
					<trkpt lat="48.514460" lon="-2.525210">
						<ele>117</ele>
						<time>2026-09-30T14:29:13Z</time>
					</trkpt>
					<trkpt lat="48.516650" lon="-2.526870">
						<ele>118</ele>
						<time>2026-09-30T14:29:57Z</time>
					</trkpt>
					<trkpt lat="48.516670" lon="-2.527960">
						<ele>116</ele>
						<time>2026-09-30T14:30:10Z</time>
					</trkpt>
					<trkpt lat="48.516800" lon="-2.528670">
						<ele>115</ele>
						<time>2026-09-30T14:30:18Z</time>
					</trkpt>
					<trkpt lat="48.516940" lon="-2.529670">
						<ele>114</ele>
						<time>2026-09-30T14:30:31Z</time>
					</trkpt>
					<trkpt lat="48.517890" lon="-2.531460">
						<ele>111</ele>
						<time>2026-09-30T14:30:58Z</time>
					</trkpt>
					<trkpt lat="48.518010" lon="-2.531680">
						<ele>110</ele>
						<time>2026-09-30T14:31:01Z</time>
					</trkpt>
					<trkpt lat="48.518120" lon="-2.531920">
						<ele>110</ele>
						<time>2026-09-30T14:31:04Z</time>
					</trkpt>
					<trkpt lat="48.518190" lon="-2.532150">
						<ele>109</ele>
						<time>2026-09-30T14:31:07Z</time>
					</trkpt>
					<trkpt lat="48.518230" lon="-2.532370">
						<ele>109</ele>
						<time>2026-09-30T14:31:10Z</time>
					</trkpt>
					<trkpt lat="48.518280" lon="-2.532670">
						<ele>109</ele>
						<time>2026-09-30T14:31:14Z</time>
					</trkpt>
					<trkpt lat="48.518310" lon="-2.533040">
						<ele>108</ele>
						<time>2026-09-30T14:31:18Z</time>
					</trkpt>
					<trkpt lat="48.518300" lon="-2.533640">
						<ele>106</ele>
						<time>2026-09-30T14:31:25Z</time>
					</trkpt>
					<trkpt lat="48.518320" lon="-2.533770">
						<ele>105</ele>
						<time>2026-09-30T14:31:27Z</time>
					</trkpt>
					<trkpt lat="48.518340" lon="-2.533880">
						<ele>104</ele>
						<time>2026-09-30T14:31:28Z</time>
					</trkpt>
					<trkpt lat="48.519070" lon="-2.535550">
						<ele>99</ele>
						<time>2026-09-30T14:31:52Z</time>
					</trkpt>
					<trkpt lat="48.519630" lon="-2.536570">
						<ele>98</ele>
						<time>2026-09-30T14:32:07Z</time>
					</trkpt>
					<trkpt lat="48.519730" lon="-2.536790">
						<ele>97</ele>
						<time>2026-09-30T14:32:10Z</time>
					</trkpt>
					<trkpt lat="48.519850" lon="-2.537080">
						<ele>96</ele>
						<time>2026-09-30T14:32:14Z</time>
					</trkpt>
					<trkpt lat="48.520090" lon="-2.537690">
						<ele>94</ele>
						<time>2026-09-30T14:32:23Z</time>
					</trkpt>
					<trkpt lat="48.520290" lon="-2.538250">
						<ele>93</ele>
						<time>2026-09-30T14:32:30Z</time>
					</trkpt>
					<trkpt lat="48.520360" lon="-2.538590">
						<ele>91</ele>
						<time>2026-09-30T14:32:35Z</time>
					</trkpt>
					<trkpt lat="48.520430" lon="-2.539300">
						<ele>89</ele>
						<time>2026-09-30T14:32:43Z</time>
					</trkpt>
					<trkpt lat="48.520520" lon="-2.539930">
						<ele>87</ele>
						<time>2026-09-30T14:32:51Z</time>
					</trkpt>
					<trkpt lat="48.520810" lon="-2.541770">
						<ele>83</ele>
						<time>2026-09-30T14:33:13Z</time>
					</trkpt>
					<trkpt lat="48.520880" lon="-2.542200">
						<ele>84</ele>
						<time>2026-09-30T14:33:18Z</time>
					</trkpt>
					<trkpt lat="48.520930" lon="-2.542400">
						<ele>84</ele>
						<time>2026-09-30T14:33:21Z</time>
					</trkpt>
					<trkpt lat="48.521690" lon="-2.545070">
						<ele>84</ele>
						<time>2026-09-30T14:33:55Z</time>
					</trkpt>
					<trkpt lat="48.521790" lon="-2.545470">
						<ele>83</ele>
						<time>2026-09-30T14:34:00Z</time>
					</trkpt>
					<trkpt lat="48.521850" lon="-2.545810">
						<ele>82</ele>
						<time>2026-09-30T14:34:04Z</time>
					</trkpt>
					<trkpt lat="48.521910" lon="-2.546230">
						<ele>83</ele>
						<time>2026-09-30T14:34:09Z</time>
					</trkpt>
					<trkpt lat="48.522070" lon="-2.547810">
						<ele>84</ele>
						<time>2026-09-30T14:34:28Z</time>
					</trkpt>
					<trkpt lat="48.522100" lon="-2.548000">
						<ele>85</ele>
						<time>2026-09-30T14:34:30Z</time>
					</trkpt>
					<trkpt lat="48.522220" lon="-2.548830">
						<ele>86</ele>
						<time>2026-09-30T14:34:40Z</time>
					</trkpt>
					<trkpt lat="48.522300" lon="-2.549600">
						<ele>86</ele>
						<time>2026-09-30T14:34:49Z</time>
					</trkpt>
					<trkpt lat="48.522330" lon="-2.552100">
						<ele>81</ele>
						<time>2026-09-30T14:35:19Z</time>
					</trkpt>
					<trkpt lat="48.522360" lon="-2.552540">
						<ele>80</ele>
						<time>2026-09-30T14:35:24Z</time>
					</trkpt>
					<trkpt lat="48.522440" lon="-2.552900">
						<ele>79</ele>
						<time>2026-09-30T14:35:29Z</time>
					</trkpt>
					<trkpt lat="48.522470" lon="-2.553150">
						<ele>78</ele>
						<time>2026-09-30T14:35:32Z</time>
					</trkpt>
					<trkpt lat="48.522580" lon="-2.553580">
						<ele>78</ele>
						<time>2026-09-30T14:35:37Z</time>
					</trkpt>
					<trkpt lat="48.522590" lon="-2.553620">
						<ele>78</ele>
						<time>2026-09-30T14:35:38Z</time>
					</trkpt>
					<trkpt lat="48.522650" lon="-2.553730">
						<ele>78</ele>
						<time>2026-09-30T14:35:39Z</time>
					</trkpt>
					<trkpt lat="48.522450" lon="-2.553750">
						<ele>78</ele>
						<time>2026-09-30T14:35:43Z</time>
					</trkpt>
					<trkpt lat="48.522260" lon="-2.553630">
						<ele>78</ele>
						<time>2026-09-30T14:35:46Z</time>
					</trkpt>
					<trkpt lat="48.522160" lon="-2.553620">
						<ele>78</ele>
						<time>2026-09-30T14:35:48Z</time>
					</trkpt>
					<trkpt lat="48.522080" lon="-2.553640">
						<ele>79</ele>
						<time>2026-09-30T14:35:50Z</time>
					</trkpt>
					<trkpt lat="48.522010" lon="-2.553720">
						<ele>79</ele>
						<time>2026-09-30T14:35:51Z</time>
					</trkpt>
					<trkpt lat="48.521970" lon="-2.553860">
						<ele>79</ele>
						<time>2026-09-30T14:35:53Z</time>
					</trkpt>
					<trkpt lat="48.521890" lon="-2.554690">
						<ele>78</ele>
						<time>2026-09-30T14:36:03Z</time>
					</trkpt>
					<trkpt lat="48.521670" lon="-2.558030">
						<ele>75</ele>
						<time>2026-09-30T14:36:42Z</time>
					</trkpt>
					<trkpt lat="48.521690" lon="-2.558320">
						<ele>75</ele>
						<time>2026-09-30T14:36:46Z</time>
					</trkpt>
					<trkpt lat="48.521850" lon="-2.559010">
						<ele>75</ele>
						<time>2026-09-30T14:36:54Z</time>
					</trkpt>
					<trkpt lat="48.521850" lon="-2.559180">
						<ele>76</ele>
						<time>2026-09-30T14:36:56Z</time>
					</trkpt>
					<trkpt lat="48.521810" lon="-2.559330">
						<ele>75</ele>
						<time>2026-09-30T14:36:58Z</time>
					</trkpt>
					<trkpt lat="48.521740" lon="-2.559450">
						<ele>76</ele>
						<time>2026-09-30T14:37:00Z</time>
					</trkpt>
					<trkpt lat="48.521630" lon="-2.559550">
						<ele>75</ele>
						<time>2026-09-30T14:37:03Z</time>
					</trkpt>
					<trkpt lat="48.521320" lon="-2.559770">
						<ele>75</ele>
						<time>2026-09-30T14:37:09Z</time>
					</trkpt>
					<trkpt lat="48.520580" lon="-2.561140">
						<ele>74</ele>
						<time>2026-09-30T14:37:29Z</time>
					</trkpt>
					<trkpt lat="48.520230" lon="-2.561820">
						<ele>74</ele>
						<time>2026-09-30T14:37:40Z</time>
					</trkpt>
					<trkpt lat="48.519770" lon="-2.562450">
						<ele>75</ele>
						<time>2026-09-30T14:37:51Z</time>
					</trkpt>
					<trkpt lat="48.519490" lon="-2.562900">
						<ele>75</ele>
						<time>2026-09-30T14:37:58Z</time>
					</trkpt>
					<trkpt lat="48.519350" lon="-2.563270">
						<ele>76</ele>
						<time>2026-09-30T14:38:03Z</time>
					</trkpt>
					<trkpt lat="48.519290" lon="-2.563440">
						<ele>75</ele>
						<time>2026-09-30T14:38:05Z</time>
					</trkpt>
					<trkpt lat="48.519190" lon="-2.563540">
						<ele>75</ele>
						<time>2026-09-30T14:38:07Z</time>
					</trkpt>
					<trkpt lat="48.519090" lon="-2.563570">
						<ele>75</ele>
						<time>2026-09-30T14:38:09Z</time>
					</trkpt>
					<trkpt lat="48.519000" lon="-2.563570">
						<ele>75</ele>
						<time>2026-09-30T14:38:11Z</time>
					</trkpt>
					<trkpt lat="48.518780" lon="-2.563590">
						<ele>75</ele>
						<time>2026-09-30T14:38:15Z</time>
					</trkpt>
					<trkpt lat="48.518640" lon="-2.563650">
						<ele>74</ele>
						<time>2026-09-30T14:38:17Z</time>
					</trkpt>
					<trkpt lat="48.518500" lon="-2.563770">
						<ele>74</ele>
						<time>2026-09-30T14:38:20Z</time>
					</trkpt>
					<trkpt lat="48.518340" lon="-2.564010">
						<ele>74</ele>
						<time>2026-09-30T14:38:24Z</time>
					</trkpt>
					<trkpt lat="48.518150" lon="-2.564330">
						<ele>74</ele>
						<time>2026-09-30T14:38:29Z</time>
					</trkpt>
					<trkpt lat="48.518040" lon="-2.564720">
						<ele>74</ele>
						<time>2026-09-30T14:38:34Z</time>
					</trkpt>
					<trkpt lat="48.518000" lon="-2.565010">
						<ele>74</ele>
						<time>2026-09-30T14:38:38Z</time>
					</trkpt>
					<trkpt lat="48.517930" lon="-2.565210">
						<ele>74</ele>
						<time>2026-09-30T14:38:40Z</time>
					</trkpt>
					<trkpt lat="48.517750" lon="-2.565450">
						<ele>73</ele>
						<time>2026-09-30T14:38:45Z</time>
					</trkpt>
					<trkpt lat="48.517260" lon="-2.565880">
						<ele>73</ele>
						<time>2026-09-30T14:38:55Z</time>
					</trkpt>
					<trkpt lat="48.517040" lon="-2.566110">
						<ele>72</ele>
						<time>2026-09-30T14:39:00Z</time>
					</trkpt>
					<trkpt lat="48.516840" lon="-2.566190">
						<ele>72</ele>
						<time>2026-09-30T14:39:03Z</time>
					</trkpt>
					<trkpt lat="48.516610" lon="-2.566230">
						<ele>72</ele>
						<time>2026-09-30T14:39:07Z</time>
					</trkpt>
					<trkpt lat="48.516140" lon="-2.566090">
						<ele>71</ele>
						<time>2026-09-30T14:39:16Z</time>
					</trkpt>
					<trkpt lat="48.515740" lon="-2.566130">
						<ele>70</ele>
						<time>2026-09-30T14:39:23Z</time>
					</trkpt>
					<trkpt lat="48.515380" lon="-2.566440">
						<ele>70</ele>
						<time>2026-09-30T14:39:30Z</time>
					</trkpt>
					<trkpt lat="48.515160" lon="-2.566110">
						<ele>70</ele>
						<time>2026-09-30T14:39:36Z</time>
					</trkpt>
					<trkpt lat="48.514890" lon="-2.565920">
						<ele>70</ele>
						<time>2026-09-30T14:39:41Z</time>
					</trkpt>
					<trkpt lat="48.514680" lon="-2.565820">
						<ele>70</ele>
						<time>2026-09-30T14:39:45Z</time>
					</trkpt>
					<trkpt lat="48.514460" lon="-2.565820">
						<ele>71</ele>
						<time>2026-09-30T14:39:49Z</time>
					</trkpt>
					<trkpt lat="48.513820" lon="-2.565980">
						<ele>71</ele>
						<time>2026-09-30T14:40:01Z</time>
					</trkpt>
					<trkpt lat="48.513640" lon="-2.565980">
						<ele>71</ele>
						<time>2026-09-30T14:40:04Z</time>
					</trkpt>
					<trkpt lat="48.513510" lon="-2.565940">
						<ele>72</ele>
						<time>2026-09-30T14:40:06Z</time>
					</trkpt>
					<trkpt lat="48.513350" lon="-2.565810">
						<ele>72</ele>
						<time>2026-09-30T14:40:09Z</time>
					</trkpt>
					<trkpt lat="48.512800" lon="-2.566440">
						<ele>72</ele>
						<time>2026-09-30T14:40:22Z</time>
					</trkpt>
					<trkpt lat="48.512690" lon="-2.566610">
						<ele>72</ele>
						<time>2026-09-30T14:40:24Z</time>
					</trkpt>
					<trkpt lat="48.512640" lon="-2.566800">
						<ele>72</ele>
						<time>2026-09-30T14:40:27Z</time>
					</trkpt>
					<trkpt lat="48.512680" lon="-2.566990">
						<ele>71</ele>
						<time>2026-09-30T14:40:29Z</time>
					</trkpt>
					<trkpt lat="48.512870" lon="-2.567470">
						<ele>71</ele>
						<time>2026-09-30T14:40:36Z</time>
					</trkpt>
					<trkpt lat="48.512900" lon="-2.567630">
						<ele>70</ele>
						<time>2026-09-30T14:40:38Z</time>
					</trkpt>
					<trkpt lat="48.512870" lon="-2.567780">
						<ele>70</ele>
						<time>2026-09-30T14:40:40Z</time>
					</trkpt>
					<trkpt lat="48.512770" lon="-2.567950">
						<ele>70</ele>
						<time>2026-09-30T14:40:42Z</time>
					</trkpt>
					<trkpt lat="48.512380" lon="-2.568280">
						<ele>70</ele>
						<time>2026-09-30T14:40:50Z</time>
					</trkpt>
					<trkpt lat="48.512110" lon="-2.568470">
						<ele>70</ele>
						<time>2026-09-30T14:40:56Z</time>
					</trkpt>
					<trkpt lat="48.511930" lon="-2.568570">
						<ele>71</ele>
						<time>2026-09-30T14:40:59Z</time>
					</trkpt>
					<trkpt lat="48.511750" lon="-2.568640">
						<ele>71</ele>
						<time>2026-09-30T14:41:02Z</time>
					</trkpt>
					<trkpt lat="48.511690" lon="-2.568740">
						<ele>71</ele>
						<time>2026-09-30T14:41:04Z</time>
					</trkpt>
					<trkpt lat="48.511650" lon="-2.568820">
						<ele>71</ele>
						<time>2026-09-30T14:41:05Z</time>
					</trkpt>
					<trkpt lat="48.511300" lon="-2.569180">
						<ele>71</ele>
						<time>2026-09-30T14:41:13Z</time>
					</trkpt>
					<trkpt lat="48.511090" lon="-2.569350">
						<ele>70</ele>
						<time>2026-09-30T14:41:17Z</time>
					</trkpt>
					<trkpt lat="48.510820" lon="-2.569430">
						<ele>70</ele>
						<time>2026-09-30T14:41:22Z</time>
					</trkpt>
					<trkpt lat="48.509440" lon="-2.568790">
						<ele>70</ele>
						<time>2026-09-30T14:41:47Z</time>
					</trkpt>
					<trkpt lat="48.508780" lon="-2.568430">
						<ele>71</ele>
						<time>2026-09-30T14:42:00Z</time>
					</trkpt>
					<trkpt lat="48.508720" lon="-2.568400">
						<ele>71</ele>
						<time>2026-09-30T14:42:01Z</time>
					</trkpt>
					<trkpt lat="48.508050" lon="-2.568040">
						<ele>72</ele>
						<time>2026-09-30T14:42:14Z</time>
					</trkpt>
					<trkpt lat="48.506730" lon="-2.567060">
						<ele>74</ele>
						<time>2026-09-30T14:42:40Z</time>
					</trkpt>
					<trkpt lat="48.506450" lon="-2.566860">
						<ele>76</ele>
						<time>2026-09-30T14:42:45Z</time>
					</trkpt>
					<trkpt lat="48.506370" lon="-2.566790">
						<ele>76</ele>
						<time>2026-09-30T14:42:47Z</time>
					</trkpt>
					<trkpt lat="48.506310" lon="-2.567030">
						<ele>76</ele>
						<time>2026-09-30T14:42:50Z</time>
					</trkpt>
					<trkpt lat="48.506050" lon="-2.568230">
						<ele>74</ele>
						<time>2026-09-30T14:43:05Z</time>
					</trkpt>
					<trkpt lat="48.505220" lon="-2.571490">
						<ele>73</ele>
						<time>2026-09-30T14:43:46Z</time>
					</trkpt>
					<trkpt lat="48.505040" lon="-2.572170">
						<ele>72</ele>
						<time>2026-09-30T14:43:55Z</time>
					</trkpt>
					<trkpt lat="48.504980" lon="-2.572890">
						<ele>72</ele>
						<time>2026-09-30T14:44:03Z</time>
					</trkpt>
					<trkpt lat="48.504980" lon="-2.574140">
						<ele>70</ele>
						<time>2026-09-30T14:44:18Z</time>
					</trkpt>
					<trkpt lat="48.505380" lon="-2.577460">
						<ele>66</ele>
						<time>2026-09-30T14:44:58Z</time>
					</trkpt>
					<trkpt lat="48.505630" lon="-2.579990">
						<ele>60</ele>
						<time>2026-09-30T14:45:28Z</time>
					</trkpt>
					<trkpt lat="48.505810" lon="-2.581660">
						<ele>60</ele>
						<time>2026-09-30T14:45:48Z</time>
					</trkpt>
					<trkpt lat="48.505840" lon="-2.582180">
						<ele>60</ele>
						<time>2026-09-30T14:45:54Z</time>
					</trkpt>
					<trkpt lat="48.505820" lon="-2.582530">
						<ele>60</ele>
						<time>2026-09-30T14:45:58Z</time>
					</trkpt>
					<trkpt lat="48.505760" lon="-2.582890">
						<ele>60</ele>
						<time>2026-09-30T14:46:03Z</time>
					</trkpt>
					<trkpt lat="48.505680" lon="-2.583220">
						<ele>59</ele>
						<time>2026-09-30T14:46:07Z</time>
					</trkpt>
					<trkpt lat="48.505550" lon="-2.583570">
						<ele>59</ele>
						<time>2026-09-30T14:46:11Z</time>
					</trkpt>
					<trkpt lat="48.505440" lon="-2.583770">
						<ele>59</ele>
						<time>2026-09-30T14:46:14Z</time>
					</trkpt>
					<trkpt lat="48.505230" lon="-2.584180">
						<ele>58</ele>
						<time>2026-09-30T14:46:21Z</time>
					</trkpt>
					<trkpt lat="48.504400" lon="-2.585280">
						<ele>59</ele>
						<time>2026-09-30T14:46:40Z</time>
					</trkpt>
					<trkpt lat="48.503300" lon="-2.586700">
						<ele>57</ele>
						<time>2026-09-30T14:47:06Z</time>
					</trkpt>
					<trkpt lat="48.503480" lon="-2.587080">
						<ele>56</ele>
						<time>2026-09-30T14:47:11Z</time>
					</trkpt>
					<trkpt lat="48.503410" lon="-2.587330">
						<ele>55</ele>
						<time>2026-09-30T14:47:15Z</time>
					</trkpt>
					<trkpt lat="48.503390" lon="-2.587580">
						<ele>54</ele>
						<time>2026-09-30T14:47:18Z</time>
					</trkpt>
					<trkpt lat="48.503420" lon="-2.587850">
						<ele>54</ele>
						<time>2026-09-30T14:47:21Z</time>
					</trkpt>
					<trkpt lat="48.503520" lon="-2.588320">
						<ele>53</ele>
						<time>2026-09-30T14:47:27Z</time>
					</trkpt>
					<trkpt lat="48.503860" lon="-2.589570">
						<ele>50</ele>
						<time>2026-09-30T14:47:43Z</time>
					</trkpt>
					<trkpt lat="48.503940" lon="-2.589800">
						<ele>50</ele>
						<time>2026-09-30T14:47:46Z</time>
					</trkpt>
					<trkpt lat="48.504310" lon="-2.590340">
						<ele>50</ele>
						<time>2026-09-30T14:47:55Z</time>
					</trkpt>
					<trkpt lat="48.504530" lon="-2.590710">
						<ele>50</ele>
						<time>2026-09-30T14:48:01Z</time>
					</trkpt>
					<trkpt lat="48.504890" lon="-2.591400">
						<ele>48</ele>
						<time>2026-09-30T14:48:11Z</time>
					</trkpt>
					<trkpt lat="48.504930" lon="-2.591500">
						<ele>48</ele>
						<time>2026-09-30T14:48:12Z</time>
					</trkpt>
					<trkpt lat="48.505060" lon="-2.591860">
						<ele>48</ele>
						<time>2026-09-30T14:48:17Z</time>
					</trkpt>
					<trkpt lat="48.505170" lon="-2.592080">
						<ele>48</ele>
						<time>2026-09-30T14:48:21Z</time>
					</trkpt>
					<trkpt lat="48.505220" lon="-2.592310">
						<ele>48</ele>
						<time>2026-09-30T14:48:23Z</time>
					</trkpt>
					<trkpt lat="48.505230" lon="-2.592520">
						<ele>48</ele>
						<time>2026-09-30T14:48:26Z</time>
					</trkpt>
					<trkpt lat="48.505020" lon="-2.593840">
						<ele>49</ele>
						<time>2026-09-30T14:48:42Z</time>
					</trkpt>
					<trkpt lat="48.504940" lon="-2.594180">
						<ele>49</ele>
						<time>2026-09-30T14:48:46Z</time>
					</trkpt>
					<trkpt lat="48.504920" lon="-2.594450">
						<ele>49</ele>
						<time>2026-09-30T14:48:49Z</time>
					</trkpt>
					<trkpt lat="48.505020" lon="-2.594850">
						<ele>49</ele>
						<time>2026-09-30T14:48:54Z</time>
					</trkpt>
					<trkpt lat="48.505160" lon="-2.595520">
						<ele>49</ele>
						<time>2026-09-30T14:49:03Z</time>
					</trkpt>
					<trkpt lat="48.505290" lon="-2.595980">
						<ele>49</ele>
						<time>2026-09-30T14:49:09Z</time>
					</trkpt>
					<trkpt lat="48.505470" lon="-2.596430">
						<ele>48</ele>
						<time>2026-09-30T14:49:15Z</time>
					</trkpt>
					<trkpt lat="48.505600" lon="-2.596850">
						<ele>48</ele>
						<time>2026-09-30T14:49:20Z</time>
					</trkpt>
					<trkpt lat="48.505750" lon="-2.597430">
						<ele>47</ele>
						<time>2026-09-30T14:49:28Z</time>
					</trkpt>
					<trkpt lat="48.505910" lon="-2.598020">
						<ele>47</ele>
						<time>2026-09-30T14:49:35Z</time>
					</trkpt>
					<trkpt lat="48.506150" lon="-2.598550">
						<ele>47</ele>
						<time>2026-09-30T14:49:43Z</time>
					</trkpt>
					<trkpt lat="48.506390" lon="-2.599320">
						<ele>46</ele>
						<time>2026-09-30T14:49:53Z</time>
					</trkpt>
					<trkpt lat="48.506450" lon="-2.600160">
						<ele>43</ele>
						<time>2026-09-30T14:50:03Z</time>
					</trkpt>
					<trkpt lat="48.506420" lon="-2.600610">
						<ele>42</ele>
						<time>2026-09-30T14:50:08Z</time>
					</trkpt>
					<trkpt lat="48.506320" lon="-2.601140">
						<ele>42</ele>
						<time>2026-09-30T14:50:14Z</time>
					</trkpt>
					<trkpt lat="48.506260" lon="-2.601460">
						<ele>42</ele>
						<time>2026-09-30T14:50:18Z</time>
					</trkpt>
					<trkpt lat="48.506200" lon="-2.602430">
						<ele>43</ele>
						<time>2026-09-30T14:50:30Z</time>
					</trkpt>
					<trkpt lat="48.506220" lon="-2.603620">
						<ele>44</ele>
						<time>2026-09-30T14:50:44Z</time>
					</trkpt>
					<trkpt lat="48.506590" lon="-2.605030">
						<ele>47</ele>
						<time>2026-09-30T14:51:02Z</time>
					</trkpt>
					<trkpt lat="48.506630" lon="-2.605260">
						<ele>47</ele>
						<time>2026-09-30T14:51:05Z</time>
					</trkpt>
					<trkpt lat="48.506630" lon="-2.605610">
						<ele>47</ele>
						<time>2026-09-30T14:51:09Z</time>
					</trkpt>
					<trkpt lat="48.506580" lon="-2.606540">
						<ele>45</ele>
						<time>2026-09-30T14:51:20Z</time>
					</trkpt>
					<trkpt lat="48.506570" lon="-2.607090">
						<ele>45</ele>
						<time>2026-09-30T14:51:26Z</time>
					</trkpt>
					<trkpt lat="48.506470" lon="-2.607780">
						<ele>43</ele>
						<time>2026-09-30T14:51:35Z</time>
					</trkpt>
					<trkpt lat="48.506400" lon="-2.608070">
						<ele>43</ele>
						<time>2026-09-30T14:51:38Z</time>
					</trkpt>
					<trkpt lat="48.506390" lon="-2.608100">
						<ele>43</ele>
						<time>2026-09-30T14:51:39Z</time>
					</trkpt>
					<trkpt lat="48.506280" lon="-2.608690">
						<ele>42</ele>
						<time>2026-09-30T14:51:46Z</time>
					</trkpt>
					<trkpt lat="48.506180" lon="-2.609430">
						<ele>41</ele>
						<time>2026-09-30T14:51:55Z</time>
					</trkpt>
					<trkpt lat="48.506090" lon="-2.610390">
						<ele>40</ele>
						<time>2026-09-30T14:52:06Z</time>
					</trkpt>
					<trkpt lat="48.506070" lon="-2.610560">
						<ele>39</ele>
						<time>2026-09-30T14:52:08Z</time>
					</trkpt>
					<trkpt lat="48.506100" lon="-2.610890">
						<ele>38</ele>
						<time>2026-09-30T14:52:12Z</time>
					</trkpt>
					<trkpt lat="48.506150" lon="-2.611050">
						<ele>38</ele>
						<time>2026-09-30T14:52:14Z</time>
					</trkpt>
					<trkpt lat="48.506570" lon="-2.611820">
						<ele>35</ele>
						<time>2026-09-30T14:52:26Z</time>
					</trkpt>
					<trkpt lat="48.506700" lon="-2.612050">
						<ele>34</ele>
						<time>2026-09-30T14:52:29Z</time>
					</trkpt>
					<trkpt lat="48.506540" lon="-2.612290">
						<ele>34</ele>
						<time>2026-09-30T14:52:33Z</time>
					</trkpt>
					<trkpt lat="48.506300" lon="-2.612990">
						<ele>35</ele>
						<time>2026-09-30T14:52:43Z</time>
					</trkpt>
					<trkpt lat="48.506040" lon="-2.613560">
						<ele>37</ele>
						<time>2026-09-30T14:52:51Z</time>
					</trkpt>
					<trkpt lat="48.505870" lon="-2.613900">
						<ele>40</ele>
						<time>2026-09-30T14:52:56Z</time>
					</trkpt>
					<trkpt lat="48.505780" lon="-2.614100">
						<ele>40</ele>
						<time>2026-09-30T14:52:59Z</time>
					</trkpt>
					<trkpt lat="48.505730" lon="-2.614280">
						<ele>41</ele>
						<time>2026-09-30T14:53:01Z</time>
					</trkpt>
					<trkpt lat="48.505680" lon="-2.614550">
						<ele>42</ele>
						<time>2026-09-30T14:53:04Z</time>
					</trkpt>
					<trkpt lat="48.505620" lon="-2.615050">
						<ele>44</ele>
						<time>2026-09-30T14:53:10Z</time>
					</trkpt>
					<trkpt lat="48.505580" lon="-2.615400">
						<ele>45</ele>
						<time>2026-09-30T14:53:15Z</time>
					</trkpt>
					<trkpt lat="48.505520" lon="-2.615660">
						<ele>46</ele>
						<time>2026-09-30T14:53:18Z</time>
					</trkpt>
					<trkpt lat="48.505450" lon="-2.615950">
						<ele>46</ele>
						<time>2026-09-30T14:53:21Z</time>
					</trkpt>
					<trkpt lat="48.505300" lon="-2.616380">
						<ele>47</ele>
						<time>2026-09-30T14:53:27Z</time>
					</trkpt>
					<trkpt lat="48.505190" lon="-2.616680">
						<ele>48</ele>
						<time>2026-09-30T14:53:31Z</time>
					</trkpt>
					<trkpt lat="48.505090" lon="-2.616900">
						<ele>49</ele>
						<time>2026-09-30T14:53:34Z</time>
					</trkpt>
					<trkpt lat="48.504960" lon="-2.617120">
						<ele>49</ele>
						<time>2026-09-30T14:53:38Z</time>
					</trkpt>
					<trkpt lat="48.504800" lon="-2.617320">
						<ele>49</ele>
						<time>2026-09-30T14:53:42Z</time>
					</trkpt>
					<trkpt lat="48.504680" lon="-2.617430">
						<ele>49</ele>
						<time>2026-09-30T14:53:44Z</time>
					</trkpt>
					<trkpt lat="48.504460" lon="-2.617560">
						<ele>48</ele>
						<time>2026-09-30T14:53:48Z</time>
					</trkpt>
					<trkpt lat="48.504460" lon="-2.617610">
						<ele>48</ele>
						<time>2026-09-30T14:53:49Z</time>
					</trkpt>
					<trkpt lat="48.504450" lon="-2.617660">
						<ele>48</ele>
						<time>2026-09-30T14:53:49Z</time>
					</trkpt>
					<trkpt lat="48.504430" lon="-2.617700">
						<ele>49</ele>
						<time>2026-09-30T14:53:50Z</time>
					</trkpt>
					<trkpt lat="48.504410" lon="-2.617730">
						<ele>49</ele>
						<time>2026-09-30T14:53:51Z</time>
					</trkpt>
					<trkpt lat="48.504380" lon="-2.617750">
						<ele>49</ele>
						<time>2026-09-30T14:53:51Z</time>
					</trkpt>
					<trkpt lat="48.504410" lon="-2.617850">
						<ele>49</ele>
						<time>2026-09-30T14:53:52Z</time>
					</trkpt>
					<trkpt lat="48.504500" lon="-2.618030">
						<ele>50</ele>
						<time>2026-09-30T14:53:55Z</time>
					</trkpt>
					<trkpt lat="48.504560" lon="-2.618140">
						<ele>51</ele>
						<time>2026-09-30T14:53:57Z</time>
					</trkpt>
					<trkpt lat="48.504910" lon="-2.618630">
						<ele>54</ele>
						<time>2026-09-30T14:54:05Z</time>
					</trkpt>
					<trkpt lat="48.505000" lon="-2.618820">
						<ele>55</ele>
						<time>2026-09-30T14:54:08Z</time>
					</trkpt>
					<trkpt lat="48.505060" lon="-2.618990">
						<ele>55</ele>
						<time>2026-09-30T14:54:10Z</time>
					</trkpt>
					<trkpt lat="48.505590" lon="-2.620820">
						<ele>63</ele>
						<time>2026-09-30T14:54:34Z</time>
					</trkpt>
					<trkpt lat="48.505730" lon="-2.621370">
						<ele>67</ele>
						<time>2026-09-30T14:54:41Z</time>
					</trkpt>
					<trkpt lat="48.505860" lon="-2.621920">
						<ele>69</ele>
						<time>2026-09-30T14:54:48Z</time>
					</trkpt>
					<trkpt lat="48.505960" lon="-2.622460">
						<ele>71</ele>
						<time>2026-09-30T14:54:54Z</time>
					</trkpt>
					<trkpt lat="48.505990" lon="-2.622570">
						<ele>71</ele>
						<time>2026-09-30T14:54:56Z</time>
					</trkpt>
					<trkpt lat="48.506010" lon="-2.622790">
						<ele>72</ele>
						<time>2026-09-30T14:54:58Z</time>
					</trkpt>
					<trkpt lat="48.506010" lon="-2.623240">
						<ele>73</ele>
						<time>2026-09-30T14:55:04Z</time>
					</trkpt>
					<trkpt lat="48.506010" lon="-2.623270">
						<ele>73</ele>
						<time>2026-09-30T14:55:04Z</time>
					</trkpt>
					<trkpt lat="48.506030" lon="-2.623490">
						<ele>73</ele>
						<time>2026-09-30T14:55:07Z</time>
					</trkpt>
					<trkpt lat="48.506090" lon="-2.623720">
						<ele>74</ele>
						<time>2026-09-30T14:55:09Z</time>
					</trkpt>
					<trkpt lat="48.506180" lon="-2.623910">
						<ele>74</ele>
						<time>2026-09-30T14:55:12Z</time>
					</trkpt>
					<trkpt lat="48.506490" lon="-2.624650">
						<ele>74</ele>
						<time>2026-09-30T14:55:23Z</time>
					</trkpt>
					<trkpt lat="48.506690" lon="-2.625130">
						<ele>75</ele>
						<time>2026-09-30T14:55:29Z</time>
					</trkpt>
					<trkpt lat="48.506840" lon="-2.625450">
						<ele>74</ele>
						<time>2026-09-30T14:55:34Z</time>
					</trkpt>
					<trkpt lat="48.507110" lon="-2.625920">
						<ele>73</ele>
						<time>2026-09-30T14:55:41Z</time>
					</trkpt>
					<trkpt lat="48.507190" lon="-2.626080">
						<ele>72</ele>
						<time>2026-09-30T14:55:44Z</time>
					</trkpt>
					<trkpt lat="48.507260" lon="-2.626220">
						<ele>72</ele>
						<time>2026-09-30T14:55:46Z</time>
					</trkpt>
					<trkpt lat="48.507330" lon="-2.626400">
						<ele>71</ele>
						<time>2026-09-30T14:55:48Z</time>
					</trkpt>
					<trkpt lat="48.507480" lon="-2.626850">
						<ele>69</ele>
						<time>2026-09-30T14:55:54Z</time>
					</trkpt>
					<trkpt lat="48.507590" lon="-2.627320">
						<ele>67</ele>
						<time>2026-09-30T14:56:00Z</time>
					</trkpt>
					<trkpt lat="48.508070" lon="-2.629300">
						<ele>58</ele>
						<time>2026-09-30T14:56:25Z</time>
					</trkpt>
					<trkpt lat="48.508180" lon="-2.629790">
						<ele>55</ele>
						<time>2026-09-30T14:56:31Z</time>
					</trkpt>
					<trkpt lat="48.508230" lon="-2.630200">
						<ele>54</ele>
						<time>2026-09-30T14:56:36Z</time>
					</trkpt>
					<trkpt lat="48.508330" lon="-2.631250">
						<ele>52</ele>
						<time>2026-09-30T14:56:48Z</time>
					</trkpt>
					<trkpt lat="48.508430" lon="-2.632170">
						<ele>50</ele>
						<time>2026-09-30T14:56:59Z</time>
					</trkpt>
					<trkpt lat="48.508450" lon="-2.632330">
						<ele>50</ele>
						<time>2026-09-30T14:57:01Z</time>
					</trkpt>
					<trkpt lat="48.508530" lon="-2.632610">
						<ele>50</ele>
						<time>2026-09-30T14:57:05Z</time>
					</trkpt>
					<trkpt lat="48.508580" lon="-2.632770">
						<ele>50</ele>
						<time>2026-09-30T14:57:07Z</time>
					</trkpt>
					<trkpt lat="48.508610" lon="-2.632850">
						<ele>50</ele>
						<time>2026-09-30T14:57:08Z</time>
					</trkpt>
					<trkpt lat="48.508720" lon="-2.633210">
						<ele>49</ele>
						<time>2026-09-30T14:57:13Z</time>
					</trkpt>
					<trkpt lat="48.508820" lon="-2.633610">
						<ele>50</ele>
						<time>2026-09-30T14:57:18Z</time>
					</trkpt>
					<trkpt lat="48.509130" lon="-2.634950">
						<ele>51</ele>
						<time>2026-09-30T14:57:34Z</time>
					</trkpt>
					<trkpt lat="48.509200" lon="-2.635460">
						<ele>51</ele>
						<time>2026-09-30T14:57:41Z</time>
					</trkpt>
					<trkpt lat="48.509220" lon="-2.635850">
						<ele>51</ele>
						<time>2026-09-30T14:57:45Z</time>
					</trkpt>
					<trkpt lat="48.509240" lon="-2.636710">
						<ele>51</ele>
						<time>2026-09-30T14:57:55Z</time>
					</trkpt>
					<trkpt lat="48.509260" lon="-2.637020">
						<ele>51</ele>
						<time>2026-09-30T14:57:59Z</time>
					</trkpt>
					<trkpt lat="48.509290" lon="-2.637220">
						<ele>51</ele>
						<time>2026-09-30T14:58:01Z</time>
					</trkpt>
					<trkpt lat="48.509340" lon="-2.637440">
						<ele>51</ele>
						<time>2026-09-30T14:58:04Z</time>
					</trkpt>
					<trkpt lat="48.509410" lon="-2.637660">
						<ele>51</ele>
						<time>2026-09-30T14:58:07Z</time>
					</trkpt>
					<trkpt lat="48.509500" lon="-2.637910">
						<ele>52</ele>
						<time>2026-09-30T14:58:10Z</time>
					</trkpt>
					<trkpt lat="48.509570" lon="-2.638010">
						<ele>52</ele>
						<time>2026-09-30T14:58:12Z</time>
					</trkpt>
					<trkpt lat="48.509550" lon="-2.638160">
						<ele>53</ele>
						<time>2026-09-30T14:58:14Z</time>
					</trkpt>
					<trkpt lat="48.509560" lon="-2.638270">
						<ele>53</ele>
						<time>2026-09-30T14:58:15Z</time>
					</trkpt>
					<trkpt lat="48.509610" lon="-2.638660">
						<ele>54</ele>
						<time>2026-09-30T14:58:20Z</time>
					</trkpt>
					<trkpt lat="48.509810" lon="-2.639900">
						<ele>56</ele>
						<time>2026-09-30T14:58:35Z</time>
					</trkpt>
					<trkpt lat="48.509910" lon="-2.640590">
						<ele>57</ele>
						<time>2026-09-30T14:58:43Z</time>
					</trkpt>
					<trkpt lat="48.510010" lon="-2.641540">
						<ele>60</ele>
						<time>2026-09-30T14:58:55Z</time>
					</trkpt>
					<trkpt lat="48.510040" lon="-2.641690">
						<ele>60</ele>
						<time>2026-09-30T14:58:56Z</time>
					</trkpt>
					<trkpt lat="48.510190" lon="-2.642260">
						<ele>61</ele>
						<time>2026-09-30T14:59:04Z</time>
					</trkpt>
					<trkpt lat="48.510420" lon="-2.642970">
						<ele>62</ele>
						<time>2026-09-30T14:59:13Z</time>
					</trkpt>
					<trkpt lat="48.510460" lon="-2.643130">
						<ele>63</ele>
						<time>2026-09-30T14:59:15Z</time>
					</trkpt>
					<trkpt lat="48.510480" lon="-2.643400">
						<ele>63</ele>
						<time>2026-09-30T14:59:18Z</time>
					</trkpt>
					<trkpt lat="48.510470" lon="-2.644140">
						<ele>64</ele>
						<time>2026-09-30T14:59:27Z</time>
					</trkpt>
					<trkpt lat="48.510480" lon="-2.644500">
						<ele>64</ele>
						<time>2026-09-30T14:59:31Z</time>
					</trkpt>
					<trkpt lat="48.510500" lon="-2.644690">
						<ele>64</ele>
						<time>2026-09-30T14:59:33Z</time>
					</trkpt>
					<trkpt lat="48.510520" lon="-2.644830">
						<ele>64</ele>
						<time>2026-09-30T14:59:35Z</time>
					</trkpt>
					<trkpt lat="48.510560" lon="-2.645070">
						<ele>64</ele>
						<time>2026-09-30T14:59:38Z</time>
					</trkpt>
					<trkpt lat="48.510630" lon="-2.645310">
						<ele>64</ele>
						<time>2026-09-30T14:59:41Z</time>
					</trkpt>
					<trkpt lat="48.510980" lon="-2.646350">
						<ele>64</ele>
						<time>2026-09-30T14:59:55Z</time>
					</trkpt>
					<trkpt lat="48.511120" lon="-2.646800">
						<ele>65</ele>
						<time>2026-09-30T15:00:01Z</time>
					</trkpt>
					<trkpt lat="48.511180" lon="-2.647000">
						<ele>65</ele>
						<time>2026-09-30T15:00:03Z</time>
					</trkpt>
					<trkpt lat="48.511200" lon="-2.647100">
						<ele>65</ele>
						<time>2026-09-30T15:00:05Z</time>
					</trkpt>
					<trkpt lat="48.511480" lon="-2.648890">
						<ele>64</ele>
						<time>2026-09-30T15:00:26Z</time>
					</trkpt>
					<trkpt lat="48.511510" lon="-2.649140">
						<ele>64</ele>
						<time>2026-09-30T15:00:29Z</time>
					</trkpt>
					<trkpt lat="48.511510" lon="-2.649170">
						<ele>64</ele>
						<time>2026-09-30T15:00:30Z</time>
					</trkpt>
					<trkpt lat="48.511520" lon="-2.649300">
						<ele>64</ele>
						<time>2026-09-30T15:00:31Z</time>
					</trkpt>
					<trkpt lat="48.511540" lon="-2.649790">
						<ele>63</ele>
						<time>2026-09-30T15:00:37Z</time>
					</trkpt>
					<trkpt lat="48.511570" lon="-2.651470">
						<ele>61</ele>
						<time>2026-09-30T15:00:57Z</time>
					</trkpt>
					<trkpt lat="48.511580" lon="-2.651810">
						<ele>61</ele>
						<time>2026-09-30T15:01:01Z</time>
					</trkpt>
					<trkpt lat="48.511650" lon="-2.652710">
						<ele>58</ele>
						<time>2026-09-30T15:01:11Z</time>
					</trkpt>
					<trkpt lat="48.511690" lon="-2.653030">
						<ele>57</ele>
						<time>2026-09-30T15:01:15Z</time>
					</trkpt>
					<trkpt lat="48.511770" lon="-2.653840">
						<ele>55</ele>
						<time>2026-09-30T15:01:25Z</time>
					</trkpt>
					<trkpt lat="48.511850" lon="-2.654690">
						<ele>51</ele>
						<time>2026-09-30T15:01:35Z</time>
					</trkpt>
					<trkpt lat="48.511900" lon="-2.655320">
						<ele>48</ele>
						<time>2026-09-30T15:01:42Z</time>
					</trkpt>
					<trkpt lat="48.511930" lon="-2.655660">
						<ele>46</ele>
						<time>2026-09-30T15:01:47Z</time>
					</trkpt>
					<trkpt lat="48.511960" lon="-2.655880">
						<ele>45</ele>
						<time>2026-09-30T15:01:49Z</time>
					</trkpt>
					<trkpt lat="48.512090" lon="-2.656600">
						<ele>41</ele>
						<time>2026-09-30T15:01:58Z</time>
					</trkpt>
					<trkpt lat="48.512280" lon="-2.657520">
						<ele>38</ele>
						<time>2026-09-30T15:02:09Z</time>
					</trkpt>
					<trkpt lat="48.512400" lon="-2.658190">
						<ele>36</ele>
						<time>2026-09-30T15:02:18Z</time>
					</trkpt>
					<trkpt lat="48.512440" lon="-2.658510">
						<ele>35</ele>
						<time>2026-09-30T15:02:21Z</time>
					</trkpt>
					<trkpt lat="48.512500" lon="-2.659240">
						<ele>33</ele>
						<time>2026-09-30T15:02:30Z</time>
					</trkpt>
					<trkpt lat="48.512570" lon="-2.659820">
						<ele>32</ele>
						<time>2026-09-30T15:02:37Z</time>
					</trkpt>
					<trkpt lat="48.512630" lon="-2.660150">
						<ele>32</ele>
						<time>2026-09-30T15:02:41Z</time>
					</trkpt>
					<trkpt lat="48.512700" lon="-2.660390">
						<ele>32</ele>
						<time>2026-09-30T15:02:44Z</time>
					</trkpt>
					<trkpt lat="48.512840" lon="-2.660780">
						<ele>32</ele>
						<time>2026-09-30T15:02:49Z</time>
					</trkpt>
					<trkpt lat="48.512990" lon="-2.661120">
						<ele>31</ele>
						<time>2026-09-30T15:02:54Z</time>
					</trkpt>
					<trkpt lat="48.513140" lon="-2.661500">
						<ele>31</ele>
						<time>2026-09-30T15:02:59Z</time>
					</trkpt>
					<trkpt lat="48.513260" lon="-2.661920">
						<ele>31</ele>
						<time>2026-09-30T15:03:05Z</time>
					</trkpt>
					<trkpt lat="48.513310" lon="-2.662240">
						<ele>31</ele>
						<time>2026-09-30T15:03:09Z</time>
					</trkpt>
					<trkpt lat="48.513340" lon="-2.663060">
						<ele>31</ele>
						<time>2026-09-30T15:03:18Z</time>
					</trkpt>
					<trkpt lat="48.513310" lon="-2.663330">
						<ele>31</ele>
						<time>2026-09-30T15:03:22Z</time>
					</trkpt>
					<trkpt lat="48.513340" lon="-2.663410">
						<ele>31</ele>
						<time>2026-09-30T15:03:23Z</time>
					</trkpt>
					<trkpt lat="48.513350" lon="-2.663460">
						<ele>31</ele>
						<time>2026-09-30T15:03:23Z</time>
					</trkpt>
					<trkpt lat="48.513340" lon="-2.663510">
						<ele>31</ele>
						<time>2026-09-30T15:03:24Z</time>
					</trkpt>
					<trkpt lat="48.513330" lon="-2.663550">
						<ele>31</ele>
						<time>2026-09-30T15:03:24Z</time>
					</trkpt>
					<trkpt lat="48.513290" lon="-2.663610">
						<ele>31</ele>
						<time>2026-09-30T15:03:25Z</time>
					</trkpt>
					<trkpt lat="48.513310" lon="-2.663660">
						<ele>31</ele>
						<time>2026-09-30T15:03:26Z</time>
					</trkpt>
					<trkpt lat="48.513380" lon="-2.664100">
						<ele>31</ele>
						<time>2026-09-30T15:03:31Z</time>
					</trkpt>
					<trkpt lat="48.513490" lon="-2.665050">
						<ele>31</ele>
						<time>2026-09-30T15:03:43Z</time>
					</trkpt>
					<trkpt lat="48.513530" lon="-2.665320">
						<ele>30</ele>
						<time>2026-09-30T15:03:46Z</time>
					</trkpt>
					<trkpt lat="48.513550" lon="-2.665570">
						<ele>30</ele>
						<time>2026-09-30T15:03:49Z</time>
					</trkpt>
					<trkpt lat="48.513630" lon="-2.666490">
						<ele>29</ele>
						<time>2026-09-30T15:04:00Z</time>
					</trkpt>
					<trkpt lat="48.513660" lon="-2.666550">
						<ele>28</ele>
						<time>2026-09-30T15:04:01Z</time>
					</trkpt>
					<trkpt lat="48.513710" lon="-2.666650">
						<ele>28</ele>
						<time>2026-09-30T15:04:02Z</time>
					</trkpt>
					<trkpt lat="48.513720" lon="-2.666650">
						<ele>28</ele>
						<time>2026-09-30T15:04:02Z</time>
					</trkpt>
					<trkpt lat="48.513690" lon="-2.666710">
						<ele>28</ele>
						<time>2026-09-30T15:04:03Z</time>
					</trkpt>
					<trkpt lat="48.513670" lon="-2.666780">
						<ele>28</ele>
						<time>2026-09-30T15:04:04Z</time>
					</trkpt>
					<trkpt lat="48.513650" lon="-2.666880">
						<ele>28</ele>
						<time>2026-09-30T15:04:05Z</time>
					</trkpt>
					<trkpt lat="48.513670" lon="-2.667440">
						<ele>27</ele>
						<time>2026-09-30T15:04:12Z</time>
					</trkpt>
					<trkpt lat="48.513670" lon="-2.667480">
						<ele>27</ele>
						<time>2026-09-30T15:04:13Z</time>
					</trkpt>
					<trkpt lat="48.514080" lon="-2.667490">
						<ele>26</ele>
						<time>2026-09-30T15:04:20Z</time>
					</trkpt>
					<trkpt lat="48.514140" lon="-2.667470">
						<ele>26</ele>
						<time>2026-09-30T15:04:21Z</time>
					</trkpt>
					<trkpt lat="48.514190" lon="-2.667430">
						<ele>26</ele>
						<time>2026-09-30T15:04:22Z</time>
					</trkpt>
					<trkpt lat="48.514220" lon="-2.667460">
						<ele>26</ele>
						<time>2026-09-30T15:04:23Z</time>
					</trkpt>
					<trkpt lat="48.514260" lon="-2.667490">
						<ele>26</ele>
						<time>2026-09-30T15:04:23Z</time>
					</trkpt>
					<trkpt lat="48.514860" lon="-2.667570">
						<ele>24</ele>
						<time>2026-09-30T15:04:34Z</time>
					</trkpt>
					<trkpt lat="48.514860" lon="-2.667570">
						<ele>24</ele>
						<time>2026-09-30T15:04:34Z</time>
					</trkpt>
					<trkpt lat="48.514880" lon="-2.667400">
						<ele>24</ele>
						<time>2026-09-30T15:04:36Z</time>
					</trkpt>
					<trkpt lat="48.514920" lon="-2.667190">
						<ele>25</ele>
						<time>2026-09-30T15:04:39Z</time>
					</trkpt>
					<trkpt lat="48.514950" lon="-2.667020">
						<ele>25</ele>
						<time>2026-09-30T15:04:41Z</time>
					</trkpt>
					</trkseg>
				</trk>
			</gpx>